# Blender 5.1.2
# www.blender.org
mtllib linear_rail.mtl
o Rail_Base.001
v -0.499000 -0.083530 0.000000
v -0.499000 -0.084530 0.001000
v -0.500000 -0.083530 0.001000
v -0.499000 -0.084029 0.000134
v -0.499499 -0.083530 0.000134
v -0.499478 -0.084008 0.000263
v -0.499499 -0.084396 0.001000
v -0.499000 -0.084396 0.000501
v -0.499478 -0.084266 0.000522
v -0.499866 -0.083530 0.000501
v -0.499866 -0.084029 0.001000
v -0.499737 -0.084008 0.000522
v -0.499000 -0.084530 0.003000
v -0.499000 -0.083530 0.004000
v -0.500000 -0.083530 0.003000
v -0.499000 -0.084396 0.003499
v -0.499499 -0.084396 0.003000
v -0.499478 -0.084266 0.003478
v -0.499499 -0.083530 0.003866
v -0.499000 -0.084029 0.003866
v -0.499478 -0.084008 0.003737
v -0.499866 -0.084029 0.003000
v -0.499866 -0.083530 0.003499
v -0.499737 -0.084008 0.003478
v -0.499000 -0.042530 0.000000
v -0.500000 -0.042530 0.001000
v -0.499000 -0.041530 0.001000
v -0.499499 -0.042530 0.000134
v -0.499000 -0.042030 0.000134
v -0.499478 -0.042051 0.000263
v -0.499866 -0.042030 0.001000
v -0.499866 -0.042530 0.000501
v -0.499737 -0.042051 0.000522
v -0.499000 -0.041663 0.000501
v -0.499499 -0.041663 0.001000
v -0.499478 -0.041793 0.000522
v -0.499000 -0.042530 0.004000
v -0.499000 -0.041530 0.003000
v -0.500000 -0.042530 0.003000
v -0.499000 -0.042030 0.003866
v -0.499499 -0.042530 0.003866
v -0.499478 -0.042051 0.003737
v -0.499499 -0.041663 0.003000
v -0.499000 -0.041663 0.003499
v -0.499478 -0.041793 0.003478
v -0.499866 -0.042530 0.003499
v -0.499866 -0.042030 0.003000
v -0.499737 -0.042051 0.003478
v 0.499000 -0.083530 0.000000
v 0.500000 -0.083530 0.001000
v 0.499000 -0.084530 0.001000
v 0.499499 -0.083530 0.000134
v 0.499000 -0.084029 0.000134
v 0.499478 -0.084008 0.000263
v 0.499866 -0.084029 0.001000
v 0.499866 -0.083530 0.000501
v 0.499737 -0.084008 0.000522
v 0.499000 -0.084396 0.000501
v 0.499499 -0.084396 0.001000
v 0.499478 -0.084266 0.000522
v 0.499000 -0.083530 0.004000
v 0.499000 -0.084530 0.003000
v 0.500000 -0.083530 0.003000
v 0.499000 -0.084029 0.003866
v 0.499499 -0.083530 0.003866
v 0.499478 -0.084008 0.003737
v 0.499499 -0.084396 0.003000
v 0.499000 -0.084396 0.003499
v 0.499478 -0.084266 0.003478
v 0.499866 -0.083530 0.003499
v 0.499866 -0.084029 0.003000
v 0.499737 -0.084008 0.003478
v 0.499000 -0.042530 0.000000
v 0.499000 -0.041530 0.001000
v 0.500000 -0.042530 0.001000
v 0.499000 -0.042030 0.000134
v 0.499499 -0.042530 0.000134
v 0.499478 -0.042051 0.000263
v 0.499499 -0.041663 0.001000
v 0.499000 -0.041663 0.000501
v 0.499478 -0.041793 0.000522
v 0.499866 -0.042530 0.000501
v 0.499866 -0.042030 0.001000
v 0.499737 -0.042051 0.000522
v 0.499000 -0.042530 0.004000
v 0.500000 -0.042530 0.003000
v 0.499000 -0.041530 0.003000
v 0.499499 -0.042530 0.003866
v 0.499000 -0.042030 0.003866
v 0.499478 -0.042051 0.003737
v 0.499866 -0.042030 0.003000
v 0.499866 -0.042530 0.003499
v 0.499737 -0.042051 0.003478
v 0.499000 -0.041663 0.003499
v 0.499499 -0.041663 0.003000
v 0.499478 -0.041793 0.003478
vn -0.2502 -0.2502 -0.9353
vn -0.2178 -0.6902 -0.6901
vn -0.2502 -0.9353 -0.2502
vn -0.6902 -0.6901 -0.2178
vn -0.9353 -0.2502 -0.2502
vn -0.6902 -0.2178 -0.6901
vn -0.5773 -0.5774 -0.5773
vn -0.2502 -0.9353 0.2502
vn -0.2178 -0.6901 0.6901
vn -0.2502 -0.2502 0.9353
vn -0.6902 -0.2176 0.6902
vn -0.9353 -0.2502 0.2502
vn -0.6902 -0.6901 0.2178
vn -0.5773 -0.5774 0.5773
vn -0.2502 0.2502 -0.9353
vn -0.6901 0.2178 -0.6901
vn -0.9353 0.2502 -0.2502
vn -0.6902 0.6901 -0.2178
vn -0.2502 0.9353 -0.2502
vn -0.2178 0.6901 -0.6902
vn -0.5773 0.5774 -0.5773
vn -0.2502 0.2502 0.9353
vn -0.2178 0.6902 0.6901
vn -0.2502 0.9353 0.2502
vn -0.6902 0.6901 0.2178
vn -0.9353 0.2502 0.2502
vn -0.6901 0.2178 0.6901
vn -0.5773 0.5774 0.5773
vn 0.2502 -0.2502 -0.9353
vn 0.6902 -0.2176 -0.6902
vn 0.9353 -0.2502 -0.2502
vn 0.6902 -0.6901 -0.2178
vn 0.2502 -0.9353 -0.2502
vn 0.2178 -0.6901 -0.6902
vn 0.5773 -0.5774 -0.5773
vn 0.2502 -0.2502 0.9353
vn 0.2178 -0.6901 0.6902
vn 0.2502 -0.9353 0.2502
vn 0.6902 -0.6901 0.2178
vn 0.9353 -0.2502 0.2502
vn 0.6902 -0.2178 0.6901
vn 0.5773 -0.5774 0.5773
vn 0.2502 0.2502 -0.9353
vn 0.2178 0.6902 -0.6901
vn 0.2502 0.9353 -0.2502
vn 0.6902 0.6901 -0.2178
vn 0.9353 0.2502 -0.2502
vn 0.6901 0.2178 -0.6901
vn 0.5773 0.5774 -0.5773
vn 0.2502 0.2502 0.9353
vn 0.6901 0.2178 0.6901
vn 0.9353 0.2502 0.2502
vn 0.6902 0.6901 0.2178
vn 0.2502 0.9353 0.2502
vn 0.2178 0.6901 0.6902
vn 0.5773 0.5774 0.5773
vn -0.2585 -0.0000 -0.9660
vn -0.7071 -0.0000 -0.7071
vn -0.9660 -0.0000 -0.2585
vn -0.2584 -0.9660 -0.0000
vn -0.7071 -0.7071 -0.0000
vn -0.9661 -0.2583 -0.0000
vn -0.2585 -0.0000 0.9660
vn -0.7071 -0.0000 0.7071
vn -0.9660 -0.0000 0.2585
vn -0.2584 0.9660 -0.0000
vn -0.7071 0.7071 -0.0000
vn -0.9661 0.2583 -0.0000
vn -0.0000 0.2585 -0.9660
vn -0.0000 0.7071 -0.7071
vn -0.0000 0.9660 -0.2585
vn -0.0000 0.2585 0.9660
vn -0.0000 0.7071 0.7071
vn -0.0000 0.9660 0.2585
vn 0.9660 0.2585 -0.0000
vn 0.7071 0.7071 -0.0000
vn 0.2585 0.9660 -0.0000
vn 0.2585 -0.0000 -0.9660
vn 0.7071 -0.0000 -0.7071
vn 0.9660 -0.0000 -0.2585
vn 0.2585 -0.0000 0.9660
vn 0.7071 -0.0000 0.7071
vn 0.9660 -0.0000 0.2585
vn 0.2584 -0.9660 -0.0000
vn 0.7071 -0.7071 -0.0000
vn 0.9661 -0.2583 -0.0000
vn -0.0000 -0.2585 -0.9660
vn -0.0000 -0.7071 -0.7071
vn -0.0000 -0.9660 -0.2584
vn -0.0000 -0.2585 0.9660
vn -0.0000 -0.7071 0.7071
vn -0.0000 -0.9660 0.2584
vn -0.0000 -0.0000 -1.0000
vn -1.0000 -0.0000 -0.0000
vn -0.0000 -1.0000 -0.0000
vn -0.0000 -0.0000 1.0000
vn -0.0000 1.0000 -0.0000
vn 1.0000 -0.0000 -0.0000
vn -0.2635 -0.2635 -0.9280
vn -0.2178 -0.6901 -0.6902
vn -0.2635 -0.9280 -0.2635
vn -0.9280 -0.2635 -0.2634
vn -0.6902 -0.2176 -0.6902
vn -0.2635 -0.9280 0.2635
vn -0.2178 -0.6901 0.6902
vn -0.2635 -0.2635 0.9280
vn -0.6902 -0.2178 0.6901
vn -0.9280 -0.2635 0.2634
vn -0.2635 0.2635 -0.9280
vn -0.6902 0.2176 -0.6901
vn -0.9280 0.2636 -0.2634
vn -0.2635 0.9280 -0.2635
vn -0.2178 0.6902 -0.6901
vn -0.2635 0.2635 0.9280
vn -0.2178 0.6901 0.6902
vn -0.2635 0.9280 0.2635
vn -0.9280 0.2635 0.2634
vn -0.6902 0.2176 0.6901
vn 0.2635 -0.2635 -0.9280
vn 0.6902 -0.2178 -0.6901
vn 0.9280 -0.2635 -0.2634
vn 0.2635 -0.9280 -0.2635
vn 0.2178 -0.6902 -0.6901
vn 0.2635 -0.2635 0.9280
vn 0.2178 -0.6901 0.6901
vn 0.2635 -0.9280 0.2635
vn 0.9280 -0.2635 0.2634
vn 0.6902 -0.2176 0.6902
vn 0.2635 0.2635 -0.9280
vn 0.2178 0.6901 -0.6902
vn 0.2635 0.9280 -0.2635
vn 0.9280 0.2635 -0.2634
vn 0.6902 0.2176 -0.6901
vn 0.2635 0.2635 0.9280
vn 0.6902 0.2176 0.6901
vn 0.9280 0.2636 0.2634
vn 0.2635 0.9280 0.2635
vn 0.2178 0.6902 0.6901
vn -0.2585 -0.9660 -0.0000
vn -0.9660 -0.2585 -0.0000
vn -0.2585 0.9660 -0.0000
vn -0.9660 0.2585 -0.0000
vn 0.9661 0.2583 -0.0000
vn 0.2584 0.9660 -0.0000
vn 0.2585 -0.9660 -0.0000
vn 0.9660 -0.2585 -0.0000
vn -0.0000 -0.2584 -0.9660
vn -0.0000 -0.9660 -0.2585
vn -0.0000 -0.2584 0.9660
vn -0.0000 -0.9660 0.2585
vt 0.125250 0.747089
vt 0.125125 0.744186
vt 0.125250 0.744186
vt 0.125250 0.750000
vt 0.125130 0.746966
vt 0.437500 1.000000
vt 0.375000 0.999750
vt 0.437500 0.999750
vt 0.437500 0.000000
vt 0.375000 0.003034
vt 0.375000 0.000000
vt 0.375000 0.005814
vt 0.437500 0.002911
vt 0.437500 0.005814
vt 0.125000 0.746966
vt 0.125000 0.744186
vt 0.125130 0.750000
vt 0.593709 0.999750
vt 0.562500 1.000000
vt 0.562500 0.999750
vt 0.625000 0.999750
vt 0.592388 0.999870
vt 0.875000 0.744186
vt 0.874750 0.750000
vt 0.874750 0.744186
vt 0.625000 0.005814
vt 0.592388 0.003034
vt 0.625000 0.000000
vt 0.562500 0.002911
vt 0.593709 0.005814
vt 0.562500 0.005814
vt 0.562500 0.000000
vt 0.625000 0.999870
vt 0.592388 0.999934
vt 0.125125 0.505814
vt 0.125250 0.502911
vt 0.125250 0.505814
vt 0.125000 0.505814
vt 0.125130 0.503034
vt 0.437500 0.247089
vt 0.375000 0.244186
vt 0.437500 0.244186
vt 0.437500 0.250125
vt 0.375000 0.246966
vt 0.375000 0.250250
vt 0.437500 0.250250
vt 0.125250 0.500000
vt 0.125130 0.500000
vt 0.125000 0.503034
vt 0.874750 0.500000
vt 0.875000 0.505814
vt 0.874750 0.505814
vt 0.593709 0.250250
vt 0.625000 0.250087
vt 0.625000 0.250250
vt 0.562500 0.250125
vt 0.562500 0.250250
vt 0.562500 0.247089
vt 0.592388 0.250130
vt 0.593709 0.244186
vt 0.562500 0.244186
vt 0.625000 0.244186
vt 0.592388 0.247741
vt 0.374875 0.744186
vt 0.374750 0.747089
vt 0.374750 0.744186
vt 0.399442 0.746966
vt 0.374870 0.746966
vt 0.437500 0.747089
vt 0.406291 0.744186
vt 0.437500 0.744186
vt 0.437500 0.750125
vt 0.374875 0.750125
vt 0.437500 0.750250
vt 0.374935 0.750065
vt 0.625125 0.750125
vt 0.625125 0.744186
vt 0.625250 0.744186
vt 0.592388 0.750130
vt 0.625065 0.750065
vt 0.562500 0.750125
vt 0.593709 0.750250
vt 0.562500 0.750250
vt 0.592388 0.747741
vt 0.593709 0.744186
vt 0.562500 0.747089
vt 0.562500 0.744186
vt 0.374750 0.502911
vt 0.374875 0.505814
vt 0.374750 0.505814
vt 0.374875 0.499875
vt 0.374870 0.503034
vt 0.437500 0.499875
vt 0.437500 0.499750
vt 0.399442 0.503034
vt 0.374935 0.499935
vt 0.406291 0.505814
vt 0.437500 0.502911
vt 0.437500 0.505814
vt 0.625125 0.505814
vt 0.625125 0.499875
vt 0.625250 0.505814
vt 0.593709 0.505814
vt 0.616835 0.502243
vt 0.562500 0.502911
vt 0.562500 0.505814
vt 0.562500 0.499875
vt 0.592388 0.503034
vt 0.593709 0.499750
vt 0.562500 0.499750
vt 0.592388 0.500285
vt 0.375000 0.999870
vt 0.874870 0.750000
vt 0.592388 0.001531
vt 0.375000 0.250130
vt 0.874870 0.500000
s 0
usemtl Mat_Dark_Metal
f 4/1/1 5/2/1 1/3/1
f 8/4/2 6/5/2 4/1/2
f 7/6/3 8/7/3 2/8/3
f 7/9/4 12/10/4 9/11/4
f 10/12/5 11/13/5 3/14/5
f 5/2/6 12/15/6 10/16/6
f 6/5/7 9/17/7 12/15/7
f 16/18/8 17/19/8 13/20/8
f 20/21/9 18/22/9 16/18/9
f 19/23/10 20/24/10 14/25/10
f 19/26/11 24/27/11 21/28/11
f 22/29/12 23/30/12 15/31/12
f 17/32/13 24/27/13 22/29/13
f 18/22/14 21/33/14 24/34/14
f 28/35/15 29/36/15 25/37/15
f 32/38/16 30/39/16 28/35/16
f 31/40/17 32/41/17 26/42/17
f 35/43/18 33/44/18 31/40/18
f 34/45/19 35/43/19 27/46/19
f 34/47/20 30/39/20 36/48/20
f 30/39/21 33/49/21 36/48/21
f 40/50/22 41/51/22 37/52/22
f 44/53/23 42/54/23 40/55/23
f 43/56/24 44/53/24 38/57/24
f 47/58/25 45/59/25 43/56/25
f 46/60/26 47/58/26 39/61/26
f 41/62/27 48/63/27 46/60/27
f 42/54/28 45/59/28 48/63/28
f 52/64/29 53/65/29 49/66/29
f 52/64/30 57/67/30 54/68/30
f 55/69/31 56/70/31 50/71/31
f 59/72/32 57/67/32 55/69/32
f 58/73/33 59/72/33 51/74/33
f 58/73/34 54/68/34 60/75/34
f 54/68/35 57/67/35 60/75/35
f 64/76/36 65/77/36 61/78/36
f 64/76/37 69/79/37 66/80/37
f 67/81/38 68/82/38 62/83/38
f 67/81/39 72/84/39 69/79/39
f 70/85/40 71/86/40 63/87/40
f 65/77/41 72/84/41 70/85/41
f 66/80/42 69/79/42 72/84/42
f 76/88/43 77/89/43 73/90/43
f 80/91/44 78/92/44 76/88/44
f 79/93/45 80/91/45 74/94/45
f 79/93/46 84/95/46 81/96/46
f 82/97/47 83/98/47 75/99/47
f 77/89/48 84/95/48 82/97/48
f 78/92/49 81/96/49 84/95/49
f 88/100/50 89/101/50 85/102/50
f 92/103/51 90/104/51 88/100/51
f 91/105/52 92/103/52 86/106/52
f 95/107/53 93/108/53 91/105/53
f 94/109/54 95/107/54 87/110/54
f 94/109/55 90/104/55 96/111/55
f 90/104/56 93/108/56 96/111/56
f 1/3/57 28/35/57 25/37/57
f 5/2/58 32/38/58 28/35/58
f 10/12/59 26/42/59 32/41/59
f 13/20/60 7/6/60 2/8/60
f 17/32/61 11/13/61 7/9/61
f 22/29/62 3/14/62 11/13/62
f 37/52/63 19/23/63 14/25/63
f 41/62/64 23/30/64 19/26/64
f 46/60/65 15/31/65 23/30/65
f 27/46/66 43/56/66 38/57/66
f 35/43/67 47/58/67 43/56/67
f 31/40/68 39/61/68 47/58/68
f 25/37/69 76/88/69 73/90/69
f 29/36/70 80/91/70 76/88/70
f 34/45/71 74/94/71 80/91/71
f 85/102/72 40/50/72 37/52/72
f 89/101/73 44/53/73 40/55/73
f 94/109/74 38/57/74 44/53/74
f 75/99/75 91/105/75 86/106/75
f 83/98/76 95/107/76 91/105/76
f 79/93/77 87/110/77 95/107/77
f 73/90/78 52/64/78 49/66/78
f 77/89/79 56/70/79 52/64/79
f 82/97/80 50/71/80 56/70/80
f 61/78/81 88/100/81 85/102/81
f 65/77/82 92/103/82 88/100/82
f 70/85/83 86/106/83 92/103/83
f 51/74/84 67/81/84 62/83/84
f 59/72/85 71/86/85 67/81/85
f 55/69/86 63/87/86 71/86/86
f 49/66/87 4/1/87 1/3/87
f 53/65/88 8/4/88 4/1/88
f 58/73/89 2/8/89 8/7/89
f 14/25/90 64/76/90 61/78/90
f 20/21/91 68/82/91 64/76/91
f 16/18/92 62/83/92 68/82/92
f 73/90/93 1/3/93 25/37/93
f 15/31/94 26/42/94 3/14/94
f 62/83/95 2/8/95 51/74/95
f 37/52/96 61/78/96 85/102/96
f 38/57/97 74/94/97 27/46/97
f 86/106/98 50/71/98 75/99/98
f 4/1/99 6/5/99 5/2/99
f 8/4/100 9/17/100 6/5/100
f 7/6/101 9/112/101 8/7/101
f 7/9/4 11/13/4 12/10/4
f 10/12/102 12/10/102 11/13/102
f 5/2/103 6/5/103 12/15/103
f 16/18/104 18/22/104 17/19/104
f 20/21/105 21/33/105 18/22/105
f 19/23/106 21/113/106 20/24/106
f 19/26/107 23/30/107 24/27/107
f 22/29/108 24/27/108 23/30/108
f 17/32/13 18/114/13 24/27/13
f 28/35/109 30/39/109 29/36/109
f 32/38/110 33/49/110 30/39/110
f 31/40/111 33/44/111 32/41/111
f 35/43/18 36/115/18 33/44/18
f 34/45/112 36/115/112 35/43/112
f 34/47/113 29/36/113 30/39/113
f 40/50/114 42/116/114 41/51/114
f 44/53/115 45/59/115 42/54/115
f 43/56/116 45/59/116 44/53/116
f 47/58/25 48/63/25 45/59/25
f 46/60/117 48/63/117 47/58/117
f 41/62/118 42/54/118 48/63/118
f 52/64/119 54/68/119 53/65/119
f 52/64/120 56/70/120 57/67/120
f 55/69/121 57/67/121 56/70/121
f 59/72/32 60/75/32 57/67/32
f 58/73/122 60/75/122 59/72/122
f 58/73/123 53/65/123 54/68/123
f 64/76/124 66/80/124 65/77/124
f 64/76/125 68/82/125 69/79/125
f 67/81/126 69/79/126 68/82/126
f 67/81/39 71/86/39 72/84/39
f 70/85/127 72/84/127 71/86/127
f 65/77/128 66/80/128 72/84/128
f 76/88/129 78/92/129 77/89/129
f 80/91/130 81/96/130 78/92/130
f 79/93/131 81/96/131 80/91/131
f 79/93/46 83/98/46 84/95/46
f 82/97/132 84/95/132 83/98/132
f 77/89/133 78/92/133 84/95/133
f 88/100/134 90/104/134 89/101/134
f 92/103/135 93/108/135 90/104/135
f 91/105/136 93/108/136 92/103/136
f 95/107/53 96/111/53 93/108/53
f 94/109/137 96/111/137 95/107/137
f 94/109/138 89/101/138 90/104/138
f 1/3/57 5/2/57 28/35/57
f 5/2/58 10/16/58 32/38/58
f 10/12/59 3/14/59 26/42/59
f 13/20/139 17/19/139 7/6/139
f 17/32/61 22/29/61 11/13/61
f 22/29/140 15/31/140 3/14/140
f 37/52/63 41/51/63 19/23/63
f 41/62/64 46/60/64 23/30/64
f 46/60/65 39/61/65 15/31/65
f 27/46/141 35/43/141 43/56/141
f 35/43/67 31/40/67 47/58/67
f 31/40/142 26/42/142 39/61/142
f 25/37/69 29/36/69 76/88/69
f 29/36/70 34/47/70 80/91/70
f 34/45/71 27/46/71 74/94/71
f 85/102/72 89/101/72 40/50/72
f 89/101/73 94/109/73 44/53/73
f 94/109/74 87/110/74 38/57/74
f 75/99/143 83/98/143 91/105/143
f 83/98/76 79/93/76 95/107/76
f 79/93/144 74/94/144 87/110/144
f 73/90/78 77/89/78 52/64/78
f 77/89/79 82/97/79 56/70/79
f 82/97/80 75/99/80 50/71/80
f 61/78/81 65/77/81 88/100/81
f 65/77/82 70/85/82 92/103/82
f 70/85/83 63/87/83 86/106/83
f 51/74/145 59/72/145 67/81/145
f 59/72/85 55/69/85 71/86/85
f 55/69/146 50/71/146 63/87/146
f 49/66/147 53/65/147 4/1/147
f 53/65/88 58/73/88 8/4/88
f 58/73/148 51/74/148 2/8/148
f 14/25/149 20/24/149 64/76/149
f 20/21/91 16/18/91 68/82/91
f 16/18/150 13/20/150 62/83/150
f 73/90/93 49/66/93 1/3/93
f 15/31/94 39/61/94 26/42/94
f 62/83/95 13/20/95 2/8/95
f 37/52/96 14/25/96 61/78/96
f 38/57/97 87/110/97 74/94/97
f 86/106/98 63/87/98 50/71/98
o End_Plate_Left.001
v -0.498500 -0.089530 0.000000
v -0.498500 -0.091030 0.001500
v -0.500000 -0.089530 0.001500
v -0.498500 -0.090279 0.000200
v -0.499249 -0.089530 0.000200
v -0.499217 -0.090247 0.000395
v -0.499249 -0.090829 0.001500
v -0.498500 -0.090829 0.000751
v -0.499217 -0.090635 0.000783
v -0.499800 -0.089530 0.000751
v -0.499800 -0.090279 0.001500
v -0.499605 -0.090247 0.000783
v -0.498500 -0.091030 0.071500
v -0.498500 -0.089530 0.073000
v -0.500000 -0.089530 0.071500
v -0.498500 -0.090829 0.072249
v -0.499249 -0.090829 0.071500
v -0.499217 -0.090635 0.072217
v -0.499249 -0.089530 0.072800
v -0.498500 -0.090279 0.072800
v -0.499217 -0.090247 0.072605
v -0.499800 -0.090279 0.071500
v -0.499800 -0.089530 0.072249
v -0.499605 -0.090247 0.072217
v -0.498500 -0.036530 0.000000
v -0.500000 -0.036530 0.001500
v -0.498500 -0.035030 0.001500
v -0.499249 -0.036530 0.000200
v -0.498500 -0.035781 0.000200
v -0.499217 -0.035812 0.000395
v -0.499800 -0.035781 0.001500
v -0.499800 -0.036530 0.000751
v -0.499605 -0.035812 0.000783
v -0.498500 -0.035230 0.000751
v -0.499249 -0.035230 0.001500
v -0.499217 -0.035425 0.000783
v -0.498500 -0.036530 0.073000
v -0.498500 -0.035030 0.071500
v -0.500000 -0.036530 0.071500
v -0.498500 -0.035781 0.072800
v -0.499249 -0.036530 0.072800
v -0.499217 -0.035812 0.072605
v -0.499249 -0.035230 0.071500
v -0.498500 -0.035230 0.072249
v -0.499217 -0.035425 0.072217
v -0.499800 -0.036530 0.072249
v -0.499800 -0.035781 0.071500
v -0.499605 -0.035812 0.072217
v -0.492500 -0.089530 0.000000
v -0.491000 -0.089530 0.001500
v -0.492500 -0.091030 0.001500
v -0.491751 -0.089530 0.000200
v -0.492500 -0.090279 0.000200
v -0.491783 -0.090247 0.000395
v -0.491200 -0.090279 0.001500
v -0.491200 -0.089530 0.000751
v -0.491395 -0.090247 0.000783
v -0.492500 -0.090829 0.000751
v -0.491751 -0.090829 0.001500
v -0.491783 -0.090635 0.000783
v -0.492500 -0.089530 0.073000
v -0.492500 -0.091030 0.071500
v -0.491000 -0.089530 0.071500
v -0.492500 -0.090279 0.072800
v -0.491751 -0.089530 0.072800
v -0.491783 -0.090247 0.072605
v -0.491751 -0.090829 0.071500
v -0.492500 -0.090829 0.072249
v -0.491783 -0.090635 0.072217
v -0.491200 -0.089530 0.072249
v -0.491200 -0.090279 0.071500
v -0.491395 -0.090247 0.072217
v -0.492500 -0.036530 0.000000
v -0.492500 -0.035030 0.001500
v -0.491000 -0.036530 0.001500
v -0.492500 -0.035781 0.000200
v -0.491751 -0.036530 0.000200
v -0.491783 -0.035812 0.000395
v -0.491751 -0.035230 0.001500
v -0.492500 -0.035230 0.000751
v -0.491783 -0.035425 0.000783
v -0.491200 -0.036530 0.000751
v -0.491200 -0.035781 0.001500
v -0.491395 -0.035812 0.000783
v -0.492500 -0.036530 0.073000
v -0.491000 -0.036530 0.071500
v -0.492500 -0.035030 0.071500
v -0.491751 -0.036530 0.072800
v -0.492500 -0.035781 0.072800
v -0.491783 -0.035812 0.072605
v -0.491200 -0.035781 0.071500
v -0.491200 -0.036530 0.072249
v -0.491395 -0.035812 0.072217
v -0.492500 -0.035230 0.072249
v -0.491751 -0.035230 0.071500
v -0.491783 -0.035425 0.072217
vn -0.2502 -0.2502 -0.9353
vn -0.2178 -0.6902 -0.6901
vn -0.2502 -0.9353 -0.2503
vn -0.6901 -0.6901 -0.2178
vn -0.9353 -0.2502 -0.2502
vn -0.6901 -0.2178 -0.6901
vn -0.5774 -0.5773 -0.5774
vn -0.2502 -0.9353 0.2503
vn -0.2178 -0.6901 0.6901
vn -0.2502 -0.2502 0.9353
vn -0.6901 -0.2177 0.6902
vn -0.9353 -0.2502 0.2502
vn -0.6901 -0.6901 0.2178
vn -0.5774 -0.5773 0.5774
vn -0.2502 0.2502 -0.9353
vn -0.6901 0.2178 -0.6901
vn -0.9353 0.2502 -0.2502
vn -0.6901 0.6901 -0.2178
vn -0.2502 0.9353 -0.2502
vn -0.2178 0.6901 -0.6901
vn -0.5774 0.5773 -0.5774
vn -0.2502 0.2502 0.9353
vn -0.2178 0.6902 0.6901
vn -0.2502 0.9353 0.2502
vn -0.6901 0.6901 0.2178
vn -0.9353 0.2502 0.2502
vn -0.6901 0.2177 0.6901
vn -0.5774 0.5773 0.5774
vn 0.2502 -0.2502 -0.9353
vn 0.6901 -0.2178 -0.6901
vn 0.9353 -0.2503 -0.2502
vn 0.6901 -0.6901 -0.2178
vn 0.2502 -0.9353 -0.2503
vn 0.2178 -0.6901 -0.6902
vn 0.5773 -0.5774 -0.5774
vn 0.2502 -0.2502 0.9353
vn 0.2178 -0.6901 0.6902
vn 0.2502 -0.9353 0.2503
vn 0.6902 -0.6901 0.2178
vn 0.9353 -0.2503 0.2502
vn 0.6901 -0.2178 0.6901
vn 0.5773 -0.5774 0.5774
vn 0.2502 0.2502 -0.9353
vn 0.2178 0.6901 -0.6901
vn 0.2502 0.9353 -0.2502
vn 0.6901 0.6901 -0.2178
vn 0.9353 0.2503 -0.2502
vn 0.6901 0.2177 -0.6901
vn 0.5773 0.5774 -0.5774
vn 0.2502 0.2502 0.9353
vn 0.6901 0.2178 0.6901
vn 0.9353 0.2503 0.2502
vn 0.6901 0.6902 0.2178
vn 0.2502 0.9353 0.2502
vn 0.2178 0.6901 0.6902
vn 0.5774 0.5774 0.5773
vn -0.2585 -0.0000 -0.9660
vn -0.7071 -0.0000 -0.7071
vn -0.9660 -0.0000 -0.2584
vn -0.2585 -0.9660 -0.0000
vn -0.7072 -0.7070 -0.0000
vn -0.9660 -0.2584 -0.0000
vn -0.2584 -0.0000 0.9660
vn -0.7071 -0.0000 0.7071
vn -0.9660 -0.0000 0.2585
vn -0.2585 0.9660 -0.0000
vn -0.7072 0.7070 -0.0000
vn -0.9660 0.2584 -0.0000
vn -0.0000 0.2585 -0.9660
vn -0.0000 0.7071 -0.7071
vn -0.0000 0.9660 -0.2585
vn -0.0000 0.2584 0.9660
vn -0.0000 0.7071 0.7071
vn -0.0000 0.9660 0.2585
vn 0.9660 0.2584 -0.0000
vn 0.7071 0.7071 -0.0000
vn 0.2584 0.9660 -0.0000
vn 0.2585 -0.0000 -0.9660
vn 0.7071 -0.0000 -0.7071
vn 0.9660 -0.0000 -0.2584
vn 0.2584 -0.0000 0.9660
vn 0.7071 -0.0000 0.7071
vn 0.9660 -0.0000 0.2585
vn 0.2585 -0.9660 -0.0000
vn 0.7071 -0.7071 -0.0000
vn 0.9660 -0.2585 -0.0000
vn -0.0000 -0.2585 -0.9660
vn -0.0000 -0.7071 -0.7071
vn -0.0000 -0.9660 -0.2585
vn -0.0000 -0.2585 0.9660
vn -0.0000 -0.7071 0.7071
vn -0.0000 -0.9660 0.2585
vn -0.0000 -0.0000 -1.0000
vn -1.0000 -0.0000 -0.0000
vn -0.0000 -1.0000 -0.0000
vn -0.0000 -0.0000 1.0000
vn -0.0000 1.0000 -0.0000
vn 1.0000 -0.0000 -0.0000
vn -0.2635 -0.2635 -0.9280
vn -0.2178 -0.6901 -0.6902
vn -0.2635 -0.9280 -0.2635
vn -0.9280 -0.2635 -0.2635
vn -0.2635 -0.9280 0.2634
vn -0.2178 -0.6902 0.6901
vn -0.2635 -0.2635 0.9280
vn -0.6901 -0.2178 0.6901
vn -0.9280 -0.2635 0.2635
vn -0.2635 0.2635 -0.9280
vn -0.9280 0.2635 -0.2635
vn -0.2635 0.9280 -0.2635
vn -0.2178 0.6901 -0.6902
vn -0.2635 0.2635 0.9280
vn -0.2178 0.6901 0.6901
vn -0.2635 0.9280 0.2635
vn -0.9280 0.2635 0.2635
vn -0.6901 0.2178 0.6901
vn 0.2635 -0.2635 -0.9280
vn 0.9280 -0.2635 -0.2635
vn 0.2635 -0.9280 -0.2634
vn 0.2178 -0.6902 -0.6901
vn 0.2635 -0.2635 0.9280
vn 0.2177 -0.6902 0.6901
vn 0.2635 -0.9280 0.2634
vn 0.6901 -0.6902 0.2178
vn 0.9280 -0.2635 0.2635
vn 0.2635 0.2635 -0.9280
vn 0.2178 0.6901 -0.6902
vn 0.2635 0.9280 -0.2634
vn 0.9280 0.2635 -0.2635
vn 0.6901 0.2178 -0.6901
vn 0.2635 0.2635 0.9280
vn 0.9280 0.2635 0.2635
vn 0.6902 0.6901 0.2178
vn 0.2635 0.9280 0.2635
vn 0.2178 0.6901 0.6901
vn -0.2584 -0.9660 -0.0000
vn -0.7070 -0.7072 -0.0000
vn -0.9660 -0.2585 -0.0000
vn -0.2584 0.9660 -0.0000
vn -0.7070 0.7072 -0.0000
vn -0.9660 0.2585 -0.0000
vn 0.9660 0.2585 -0.0000
vn 0.2585 0.9660 -0.0000
vn 0.2584 -0.9660 -0.0000
vn 0.9660 -0.2584 -0.0000
vn -0.0000 -0.2584 0.9660
vt 0.166667 0.746647
vt 0.145861 0.743304
vt 0.166667 0.743304
vt 0.146741 0.750000
vt 0.146741 0.746506
vt 0.380137 1.000000
vt 0.375000 0.958333
vt 0.380137 0.958333
vt 0.380137 0.003353
vt 0.375000 0.000000
vt 0.380137 0.000000
vt 0.375000 0.006696
vt 0.380137 0.006696
vt 0.125000 0.743304
vt 0.125000 0.746506
vt 0.622428 0.958333
vt 0.619863 1.000000
vt 0.619863 0.958333
vt 0.625000 0.958333
vt 0.622320 0.978259
vt 0.875000 0.743304
vt 0.833333 0.750000
vt 0.833333 0.743304
vt 0.622428 0.006696
vt 0.625000 0.000000
vt 0.625000 0.006696
vt 0.619863 0.003353
vt 0.619863 0.006696
vt 0.619863 0.000000
vt 0.622320 0.003494
vt 0.625000 0.978259
vt 0.622320 0.989026
vt 0.145861 0.506696
vt 0.166667 0.503353
vt 0.166667 0.506696
vt 0.125000 0.506696
vt 0.146741 0.503494
vt 0.380137 0.246647
vt 0.375000 0.243304
vt 0.380137 0.243304
vt 0.375000 0.271741
vt 0.375000 0.246506
vt 0.375000 0.291667
vt 0.380137 0.270861
vt 0.380137 0.291667
vt 0.166667 0.500000
vt 0.146741 0.500000
vt 0.125000 0.503494
vt 0.833333 0.500000
vt 0.875000 0.506696
vt 0.833333 0.506696
vt 0.625000 0.291667
vt 0.622320 0.271741
vt 0.625000 0.264494
vt 0.619863 0.270861
vt 0.622428 0.291667
vt 0.619863 0.291667
vt 0.619863 0.246647
vt 0.622428 0.243304
vt 0.619863 0.243304
vt 0.625000 0.243304
vt 0.622320 0.250123
vt 0.354139 0.743304
vt 0.333333 0.746647
vt 0.333333 0.743304
vt 0.374267 0.746506
vt 0.353259 0.746506
vt 0.380137 0.746647
vt 0.377572 0.743304
vt 0.380137 0.743304
vt 0.380137 0.770861
vt 0.354167 0.770833
vt 0.380137 0.791667
vt 0.364129 0.760871
vt 0.645833 0.770833
vt 0.645861 0.743304
vt 0.666667 0.743304
vt 0.622428 0.791667
vt 0.635871 0.760871
vt 0.619863 0.770861
vt 0.619863 0.791667
vt 0.622320 0.750123
vt 0.622320 0.771741
vt 0.622428 0.743304
vt 0.619863 0.746647
vt 0.619863 0.743304
vt 0.333333 0.503353
vt 0.354139 0.506696
vt 0.333333 0.506696
vt 0.364129 0.489129
vt 0.353259 0.503494
vt 0.380137 0.479139
vt 0.354167 0.479167
vt 0.380137 0.458333
vt 0.380137 0.503353
vt 0.377572 0.506696
vt 0.380137 0.506696
vt 0.374267 0.503494
vt 0.645861 0.506696
vt 0.645833 0.479167
vt 0.666667 0.506696
vt 0.622320 0.503494
vt 0.635194 0.497185
vt 0.619863 0.503353
vt 0.622428 0.506696
vt 0.619863 0.506696
vt 0.619863 0.479139
vt 0.622428 0.458333
vt 0.619863 0.458333
vt 0.622320 0.484135
vt 0.166667 0.750000
vt 0.375000 0.978259
vt 0.375000 0.003494
vt 0.853259 0.750000
vt 0.622320 0.001764
vt 0.853259 0.500000
s 0
usemtl Mat_Dark_Metal
f 100/117/151 101/118/151 97/119/151
f 100/117/152 105/120/152 102/121/152
f 103/122/153 104/123/153 98/124/153
f 107/125/154 105/126/154 103/127/154
f 106/128/155 107/125/155 99/129/155
f 106/130/156 102/121/156 108/131/156
f 102/121/157 105/120/157 108/131/157
f 112/132/158 113/133/158 109/134/158
f 116/135/159 114/136/159 112/132/159
f 115/137/160 116/138/160 110/139/160
f 119/140/161 117/141/161 115/142/161
f 118/143/162 119/140/162 111/144/162
f 113/145/163 120/146/163 118/143/163
f 114/136/164 117/147/164 120/148/164
f 124/149/165 125/150/165 121/151/165
f 128/152/166 126/153/166 124/149/166
f 127/154/167 128/155/167 122/156/167
f 127/154/168 132/157/168 129/158/168
f 130/159/169 131/160/169 123/161/169
f 130/162/170 126/153/170 132/163/170
f 126/153/171 129/164/171 132/163/171
f 136/165/172 137/166/172 133/167/172
f 136/168/173 141/169/173 138/170/173
f 139/171/174 140/172/174 134/173/174
f 143/174/175 141/169/175 139/171/175
f 142/175/176 143/174/176 135/176/176
f 137/177/177 144/178/177 142/175/177
f 138/170/178 141/169/178 144/178/178
f 148/179/179 149/180/179 145/181/179
f 148/179/180 153/182/180 150/183/180
f 151/184/181 152/185/181 146/186/181
f 155/187/182 153/182/182 151/184/182
f 154/188/183 155/187/183 147/189/183
f 149/180/184 156/190/184 154/188/184
f 150/183/185 153/182/185 156/190/185
f 160/191/186 161/192/186 157/193/186
f 164/194/187 162/195/187 160/191/187
f 163/196/188 164/194/188 158/197/188
f 163/196/189 168/198/189 165/199/189
f 166/200/190 167/201/190 159/202/190
f 166/200/191 162/195/191 168/198/191
f 162/195/192 165/199/192 168/198/192
f 172/203/193 173/204/193 169/205/193
f 172/203/194 177/206/194 174/207/194
f 175/208/195 176/209/195 170/210/195
f 179/211/196 177/206/196 175/208/196
f 178/212/197 179/211/197 171/213/197
f 178/212/198 174/207/198 180/214/198
f 174/207/199 177/206/199 180/214/199
f 184/215/200 185/216/200 181/217/200
f 184/215/201 189/218/201 186/219/201
f 187/220/202 188/221/202 182/222/202
f 191/223/203 189/218/203 187/220/203
f 190/224/204 191/223/204 183/225/204
f 185/216/205 192/226/205 190/224/205
f 186/219/206 189/218/206 192/226/206
f 97/119/207 124/149/207 121/151/207
f 101/118/208 128/152/208 124/149/208
f 106/128/209 122/156/209 128/155/209
f 109/134/210 103/122/210 98/124/210
f 113/145/211 107/125/211 103/127/211
f 118/143/212 99/129/212 107/125/212
f 133/167/213 115/137/213 110/139/213
f 137/177/214 119/140/214 115/142/214
f 142/175/215 111/144/215 119/140/215
f 123/161/216 139/171/216 134/173/216
f 131/160/217 143/174/217 139/171/217
f 127/154/218 135/176/218 143/174/218
f 121/151/219 172/203/219 169/205/219
f 125/150/220 176/209/220 172/203/220
f 130/159/221 170/210/221 176/209/221
f 181/217/222 136/165/222 133/167/222
f 185/216/223 140/172/223 136/168/223
f 190/224/224 134/173/224 140/172/224
f 171/213/225 187/220/225 182/222/225
f 179/211/226 191/223/226 187/220/226
f 175/208/227 183/225/227 191/223/227
f 169/205/228 148/179/228 145/181/228
f 173/204/229 152/185/229 148/179/229
f 178/212/230 146/186/230 152/185/230
f 157/193/231 184/215/231 181/217/231
f 161/192/232 188/221/232 184/215/232
f 166/200/233 182/222/233 188/221/233
f 147/189/234 163/196/234 158/197/234
f 155/187/235 167/201/235 163/196/235
f 151/184/236 159/202/236 167/201/236
f 145/181/237 100/117/237 97/119/237
f 149/180/238 104/227/238 100/117/238
f 154/188/239 98/124/239 104/123/239
f 110/139/240 160/191/240 157/193/240
f 116/135/241 164/194/241 160/191/241
f 112/132/242 158/197/242 164/194/242
f 169/205/243 97/119/243 121/151/243
f 111/144/244 122/156/244 99/129/244
f 158/197/245 98/124/245 147/189/245
f 133/167/246 157/193/246 181/217/246
f 134/173/247 170/210/247 123/161/247
f 182/222/248 146/186/248 171/213/248
f 100/117/249 102/121/249 101/118/249
f 100/117/250 104/227/250 105/120/250
f 103/122/251 105/228/251 104/123/251
f 107/125/154 108/229/154 105/126/154
f 106/128/252 108/229/252 107/125/252
f 106/130/156 101/118/156 102/121/156
f 112/132/253 114/136/253 113/133/253
f 116/135/254 117/147/254 114/136/254
f 115/137/255 117/230/255 116/138/255
f 119/140/256 120/146/256 117/141/256
f 118/143/257 120/146/257 119/140/257
f 113/145/163 114/231/163 120/146/163
f 124/149/258 126/153/258 125/150/258
f 128/152/166 129/164/166 126/153/166
f 127/154/259 129/158/259 128/155/259
f 127/154/168 131/160/168 132/157/168
f 130/159/260 132/157/260 131/160/260
f 130/162/261 125/150/261 126/153/261
f 136/165/262 138/232/262 137/166/262
f 136/168/263 140/172/263 141/169/263
f 139/171/264 141/169/264 140/172/264
f 143/174/175 144/178/175 141/169/175
f 142/175/265 144/178/265 143/174/265
f 137/177/266 138/170/266 144/178/266
f 148/179/267 150/183/267 149/180/267
f 148/179/180 152/185/180 153/182/180
f 151/184/268 153/182/268 152/185/268
f 155/187/182 156/190/182 153/182/182
f 154/188/269 156/190/269 155/187/269
f 149/180/270 150/183/270 156/190/270
f 160/191/271 162/195/271 161/192/271
f 164/194/272 165/199/272 162/195/272
f 163/196/273 165/199/273 164/194/273
f 163/196/274 167/201/274 168/198/274
f 166/200/275 168/198/275 167/201/275
f 166/200/191 161/192/191 162/195/191
f 172/203/276 174/207/276 173/204/276
f 172/203/277 176/209/277 177/206/277
f 175/208/278 177/206/278 176/209/278
f 179/211/196 180/214/196 177/206/196
f 178/212/279 180/214/279 179/211/279
f 178/212/280 173/204/280 174/207/280
f 184/215/281 186/219/281 185/216/281
f 184/215/201 188/221/201 189/218/201
f 187/220/282 189/218/282 188/221/282
f 191/223/283 192/226/283 189/218/283
f 190/224/284 192/226/284 191/223/284
f 185/216/285 186/219/285 192/226/285
f 97/119/207 101/118/207 124/149/207
f 101/118/208 106/130/208 128/152/208
f 106/128/209 99/129/209 122/156/209
f 109/134/286 113/133/286 103/122/286
f 113/145/287 118/143/287 107/125/287
f 118/143/288 111/144/288 99/129/288
f 133/167/213 137/166/213 115/137/213
f 137/177/214 142/175/214 119/140/214
f 142/175/215 135/176/215 111/144/215
f 123/161/289 131/160/289 139/171/289
f 131/160/290 127/154/290 143/174/290
f 127/154/291 122/156/291 135/176/291
f 121/151/219 125/150/219 172/203/219
f 125/150/220 130/162/220 176/209/220
f 130/159/221 123/161/221 170/210/221
f 181/217/222 185/216/222 136/165/222
f 185/216/223 190/224/223 140/172/223
f 190/224/224 183/225/224 134/173/224
f 171/213/292 179/211/292 187/220/292
f 179/211/226 175/208/226 191/223/226
f 175/208/293 170/210/293 183/225/293
f 169/205/228 173/204/228 148/179/228
f 173/204/229 178/212/229 152/185/229
f 178/212/230 171/213/230 146/186/230
f 157/193/231 161/192/231 184/215/231
f 161/192/232 166/200/232 188/221/232
f 166/200/233 159/202/233 182/222/233
f 147/189/294 155/187/294 163/196/294
f 155/187/235 151/184/235 167/201/235
f 151/184/295 146/186/295 159/202/295
f 145/181/237 149/180/237 100/117/237
f 149/180/238 154/188/238 104/227/238
f 154/188/239 147/189/239 98/124/239
f 110/139/296 116/138/296 160/191/296
f 116/135/241 112/132/241 164/194/241
f 112/132/242 109/134/242 158/197/242
f 169/205/243 145/181/243 97/119/243
f 111/144/244 135/176/244 122/156/244
f 158/197/245 109/134/245 98/124/245
f 133/167/246 110/139/246 157/193/246
f 134/173/247 183/225/247 170/210/247
f 182/222/248 159/202/248 146/186/248
o End_Plate_Right.001
v 0.492500 -0.089530 0.000000
v 0.492500 -0.091030 0.001500
v 0.491000 -0.089530 0.001500
v 0.492500 -0.090279 0.000200
v 0.491751 -0.089530 0.000200
v 0.491783 -0.090247 0.000395
v 0.491751 -0.090829 0.001500
v 0.492500 -0.090829 0.000751
v 0.491783 -0.090635 0.000783
v 0.491200 -0.089530 0.000751
v 0.491200 -0.090279 0.001500
v 0.491395 -0.090247 0.000783
v 0.492500 -0.091030 0.071500
v 0.492500 -0.089530 0.073000
v 0.491000 -0.089530 0.071500
v 0.492500 -0.090829 0.072249
v 0.491751 -0.090829 0.071500
v 0.491783 -0.090635 0.072217
v 0.491751 -0.089530 0.072800
v 0.492500 -0.090279 0.072800
v 0.491783 -0.090247 0.072605
v 0.491200 -0.090279 0.071500
v 0.491200 -0.089530 0.072249
v 0.491395 -0.090247 0.072217
v 0.492500 -0.036530 0.000000
v 0.491000 -0.036530 0.001500
v 0.492500 -0.035030 0.001500
v 0.491751 -0.036530 0.000200
v 0.492500 -0.035781 0.000200
v 0.491783 -0.035812 0.000395
v 0.491200 -0.035781 0.001500
v 0.491200 -0.036530 0.000751
v 0.491395 -0.035812 0.000783
v 0.492500 -0.035230 0.000751
v 0.491751 -0.035230 0.001500
v 0.491783 -0.035425 0.000783
v 0.492500 -0.036530 0.073000
v 0.492500 -0.035030 0.071500
v 0.491000 -0.036530 0.071500
v 0.492500 -0.035781 0.072800
v 0.491751 -0.036530 0.072800
v 0.491783 -0.035812 0.072605
v 0.491751 -0.035230 0.071500
v 0.492500 -0.035230 0.072249
v 0.491783 -0.035425 0.072217
v 0.491200 -0.036530 0.072249
v 0.491200 -0.035781 0.071500
v 0.491395 -0.035812 0.072217
v 0.498500 -0.089530 0.000000
v 0.500000 -0.089530 0.001500
v 0.498500 -0.091030 0.001500
v 0.499249 -0.089530 0.000200
v 0.498500 -0.090279 0.000200
v 0.499217 -0.090247 0.000395
v 0.499800 -0.090279 0.001500
v 0.499800 -0.089530 0.000751
v 0.499605 -0.090247 0.000783
v 0.498500 -0.090829 0.000751
v 0.499249 -0.090829 0.001500
v 0.499217 -0.090635 0.000783
v 0.498500 -0.089530 0.073000
v 0.498500 -0.091030 0.071500
v 0.500000 -0.089530 0.071500
v 0.498500 -0.090279 0.072800
v 0.499249 -0.089530 0.072800
v 0.499217 -0.090247 0.072605
v 0.499249 -0.090829 0.071500
v 0.498500 -0.090829 0.072249
v 0.499217 -0.090635 0.072217
v 0.499800 -0.089530 0.072249
v 0.499800 -0.090279 0.071500
v 0.499605 -0.090247 0.072217
v 0.498500 -0.036530 0.000000
v 0.498500 -0.035030 0.001500
v 0.500000 -0.036530 0.001500
v 0.498500 -0.035781 0.000200
v 0.499249 -0.036530 0.000200
v 0.499217 -0.035812 0.000395
v 0.499249 -0.035230 0.001500
v 0.498500 -0.035230 0.000751
v 0.499217 -0.035425 0.000783
v 0.499800 -0.036530 0.000751
v 0.499800 -0.035781 0.001500
v 0.499605 -0.035812 0.000783
v 0.498500 -0.036530 0.073000
v 0.500000 -0.036530 0.071500
v 0.498500 -0.035030 0.071500
v 0.499249 -0.036530 0.072800
v 0.498500 -0.035781 0.072800
v 0.499217 -0.035812 0.072605
v 0.499800 -0.035781 0.071500
v 0.499800 -0.036530 0.072249
v 0.499605 -0.035812 0.072217
v 0.498500 -0.035230 0.072249
v 0.499249 -0.035230 0.071500
v 0.499217 -0.035425 0.072217
vn -0.2502 -0.2502 -0.9353
vn -0.2178 -0.6902 -0.6901
vn -0.2502 -0.9353 -0.2503
vn -0.6901 -0.6901 -0.2178
vn -0.9353 -0.2503 -0.2502
vn -0.6901 -0.2178 -0.6901
vn -0.5773 -0.5774 -0.5774
vn -0.2502 -0.9353 0.2503
vn -0.2177 -0.6902 0.6901
vn -0.2502 -0.2502 0.9353
vn -0.6901 -0.2178 0.6901
vn -0.9353 -0.2503 0.2502
vn -0.6901 -0.6902 0.2178
vn -0.5773 -0.5774 0.5774
vn -0.2502 0.2502 -0.9353
vn -0.6901 0.2178 -0.6901
vn -0.9353 0.2503 -0.2502
vn -0.6901 0.6901 -0.2178
vn -0.2502 0.9353 -0.2502
vn -0.2178 0.6901 -0.6902
vn -0.5773 0.5774 -0.5774
vn -0.2502 0.2502 0.9353
vn -0.2178 0.6901 0.6901
vn -0.2502 0.9353 0.2502
vn -0.6901 0.6901 0.2178
vn -0.9353 0.2503 0.2502
vn -0.6901 0.2178 0.6901
vn -0.5774 0.5774 0.5773
vn 0.2502 -0.2502 -0.9353
vn 0.6901 -0.2178 -0.6901
vn 0.9353 -0.2502 -0.2502
vn 0.6901 -0.6901 -0.2178
vn 0.2502 -0.9353 -0.2503
vn 0.2178 -0.6901 -0.6902
vn 0.5774 -0.5773 -0.5774
vn 0.2502 -0.2502 0.9353
vn 0.2178 -0.6901 0.6901
vn 0.2502 -0.9353 0.2503
vn 0.6901 -0.6901 0.2178
vn 0.9353 -0.2502 0.2502
vn 0.6901 -0.2178 0.6901
vn 0.5774 -0.5773 0.5774
vn 0.2502 0.2502 -0.9353
vn 0.2178 0.6901 -0.6902
vn 0.2502 0.9353 -0.2502
vn 0.6901 0.6901 -0.2178
vn 0.9353 0.2502 -0.2502
vn 0.6901 0.2178 -0.6901
vn 0.5774 0.5773 -0.5774
vn 0.2502 0.2502 0.9353
vn 0.6901 0.2178 0.6901
vn 0.9353 0.2502 0.2502
vn 0.6901 0.6901 0.2178
vn 0.2502 0.9353 0.2502
vn 0.2178 0.6901 0.6901
vn 0.5774 0.5773 0.5774
vn -0.2585 -0.0000 -0.9660
vn -0.7071 -0.0000 -0.7071
vn -0.9660 -0.0000 -0.2584
vn -0.2585 -0.9660 -0.0000
vn -0.7071 -0.7071 -0.0000
vn -0.9660 -0.2585 -0.0000
vn -0.2584 -0.0000 0.9660
vn -0.7071 -0.0000 0.7071
vn -0.9660 -0.0000 0.2585
vn -0.2585 0.9660 -0.0000
vn -0.7071 0.7071 -0.0000
vn -0.9660 0.2585 -0.0000
vn -0.0000 0.2585 -0.9660
vn -0.0000 0.7071 -0.7071
vn -0.0000 0.9660 -0.2584
vn -0.0000 0.2584 0.9660
vn -0.0000 0.7071 0.7071
vn -0.0000 0.9660 0.2585
vn 0.9660 0.2585 -0.0000
vn 0.7070 0.7072 -0.0000
vn 0.2584 0.9660 -0.0000
vn 0.2585 -0.0000 -0.9660
vn 0.7071 -0.0000 -0.7071
vn 0.9660 -0.0000 -0.2584
vn 0.2584 -0.0000 0.9660
vn 0.7071 -0.0000 0.7071
vn 0.9660 -0.0000 0.2585
vn 0.2585 -0.9660 -0.0000
vn 0.7072 -0.7070 -0.0000
vn 0.9660 -0.2584 -0.0000
vn -0.0000 -0.2585 -0.9660
vn -0.0000 -0.7071 -0.7071
vn -0.0000 -0.9660 -0.2585
vn -0.0000 -0.2585 0.9660
vn -0.0000 -0.7071 0.7071
vn -0.0000 -0.9660 0.2585
vn -0.0000 -0.0000 -1.0000
vn -1.0000 -0.0000 -0.0000
vn -0.0000 -1.0000 -0.0000
vn -0.0000 -0.0000 1.0000
vn -0.0000 1.0000 -0.0000
vn 1.0000 -0.0000 -0.0000
vn -0.2635 -0.2635 -0.9280
vn -0.2178 -0.6901 -0.6902
vn -0.2635 -0.9280 -0.2634
vn -0.9280 -0.2635 -0.2635
vn -0.2635 -0.9280 0.2634
vn -0.2178 -0.6901 0.6902
vn -0.2635 -0.2635 0.9280
vn -0.9280 -0.2635 0.2635
vn -0.6902 -0.6901 0.2178
vn -0.2635 0.2635 -0.9280
vn -0.6901 0.2177 -0.6901
vn -0.9280 0.2635 -0.2635
vn -0.2635 0.9280 -0.2635
vn -0.2178 0.6901 -0.6901
vn -0.2635 0.2635 0.9280
vn -0.2178 0.6901 0.6902
vn -0.2634 0.9280 0.2634
vn -0.9280 0.2635 0.2635
vn 0.2635 -0.2635 -0.9280
vn 0.9280 -0.2635 -0.2635
vn 0.2635 -0.9280 -0.2634
vn 0.2178 -0.6902 -0.6901
vn 0.2635 -0.2635 0.9280
vn 0.2177 -0.6902 0.6901
vn 0.2635 -0.9280 0.2634
vn 0.9280 -0.2635 0.2635
vn 0.6901 -0.2177 0.6902
vn 0.2635 0.2635 -0.9280
vn 0.2178 0.6901 -0.6901
vn 0.2635 0.9280 -0.2635
vn 0.9280 0.2635 -0.2635
vn 0.2635 0.2635 0.9280
vn 0.6901 0.2177 0.6901
vn 0.9280 0.2635 0.2635
vn 0.2635 0.9280 0.2635
vn 0.2178 0.6902 0.6901
vn -0.2584 -0.9660 -0.0000
vn -0.9660 -0.2584 -0.0000
vn -0.2584 0.9660 -0.0000
vn -0.9660 0.2584 -0.0000
vn -0.0000 0.9660 -0.2585
vn 0.9660 0.2584 -0.0000
vn 0.7072 0.7070 -0.0000
vn 0.2585 0.9660 -0.0000
vn 0.2584 -0.9660 -0.0000
vn 0.7070 -0.7072 -0.0000
vn 0.9660 -0.2585 -0.0000
vn -0.0000 -0.9660 -0.2584
vn -0.0000 -0.2584 0.9660
vt 0.166667 0.746647
vt 0.145861 0.743304
vt 0.166667 0.743304
vt 0.146741 0.750000
vt 0.146741 0.746506
vt 0.380137 1.000000
vt 0.375000 0.958333
vt 0.380137 0.958333
vt 0.380137 0.000000
vt 0.375000 0.003494
vt 0.375000 0.000000
vt 0.375000 0.006696
vt 0.380137 0.003353
vt 0.380137 0.006696
vt 0.125000 0.746506
vt 0.125000 0.743304
vt 0.622428 0.958333
vt 0.619863 1.000000
vt 0.619863 0.958333
vt 0.625000 0.978259
vt 0.622320 0.978259
vt 0.875000 0.743304
vt 0.833333 0.750000
vt 0.833333 0.743304
vt 0.622428 0.006696
vt 0.625000 0.000000
vt 0.625000 0.006696
vt 0.619863 0.003353
vt 0.619863 0.006696
vt 0.619863 0.000000
vt 0.622320 0.003494
vt 0.622320 0.989026
vt 0.145861 0.506696
vt 0.166667 0.503353
vt 0.166667 0.506696
vt 0.125000 0.506696
vt 0.146741 0.503494
vt 0.380137 0.246647
vt 0.375000 0.243304
vt 0.380137 0.243304
vt 0.380137 0.270861
vt 0.375000 0.246506
vt 0.375000 0.291667
vt 0.380137 0.291667
vt 0.146741 0.500000
vt 0.166667 0.500000
vt 0.125000 0.503494
vt 0.833333 0.500000
vt 0.875000 0.506696
vt 0.833333 0.506696
vt 0.625000 0.291667
vt 0.622320 0.271741
vt 0.625000 0.264494
vt 0.619863 0.270861
vt 0.622428 0.291667
vt 0.619863 0.291667
vt 0.619863 0.246647
vt 0.622428 0.243304
vt 0.619863 0.243304
vt 0.625000 0.243304
vt 0.622320 0.250123
vt 0.354139 0.743304
vt 0.333333 0.746647
vt 0.333333 0.743304
vt 0.377572 0.743304
vt 0.353259 0.746506
vt 0.380137 0.746647
vt 0.380137 0.743304
vt 0.364129 0.760871
vt 0.374267 0.746506
vt 0.354167 0.770833
vt 0.380137 0.770861
vt 0.380137 0.791667
vt 0.645833 0.770833
vt 0.645861 0.743304
vt 0.666667 0.743304
vt 0.622428 0.791667
vt 0.635871 0.760871
vt 0.619863 0.770861
vt 0.619863 0.791667
vt 0.622320 0.750123
vt 0.622320 0.771741
vt 0.622428 0.743304
vt 0.619863 0.746647
vt 0.619863 0.743304
vt 0.333333 0.503353
vt 0.354139 0.506696
vt 0.333333 0.506696
vt 0.354167 0.479167
vt 0.353259 0.503494
vt 0.380137 0.479139
vt 0.380137 0.458333
vt 0.380137 0.503353
vt 0.364129 0.489129
vt 0.377572 0.506696
vt 0.380137 0.506696
vt 0.374267 0.503494
vt 0.645861 0.506696
vt 0.645833 0.479167
vt 0.666667 0.506696
vt 0.622320 0.503494
vt 0.635194 0.497185
vt 0.619863 0.503353
vt 0.622428 0.506696
vt 0.619863 0.506696
vt 0.622320 0.484135
vt 0.622428 0.458333
vt 0.619863 0.479139
vt 0.619863 0.458333
vt 0.166667 0.750000
vt 0.625000 0.958333
vt 0.375000 0.978259
vt 0.853259 0.750000
vt 0.622320 0.001764
vt 0.375000 0.271741
vt 0.853259 0.500000
s 0
usemtl Mat_Dark_Metal
f 196/233/297 197/234/297 193/235/297
f 196/233/298 201/236/298 198/237/298
f 199/238/299 200/239/299 194/240/299
f 199/241/300 204/242/300 201/243/300
f 202/244/301 203/245/301 195/246/301
f 197/234/302 204/247/302 202/248/302
f 198/237/303 201/236/303 204/247/303
f 208/249/304 209/250/304 205/251/304
f 208/249/305 213/252/305 210/253/305
f 211/254/306 212/255/306 206/256/306
f 215/257/307 213/258/307 211/259/307
f 214/260/308 215/257/308 207/261/308
f 209/262/309 216/263/309 214/260/309
f 210/253/310 213/252/310 216/264/310
f 220/265/311 221/266/311 217/267/311
f 224/268/312 222/269/312 220/265/312
f 223/270/313 224/271/313 218/272/313
f 227/273/314 225/274/314 223/270/314
f 226/275/315 227/273/315 219/276/315
f 221/266/316 228/277/316 226/278/316
f 222/269/317 225/279/317 228/277/317
f 232/280/318 233/281/318 229/282/318
f 232/283/319 237/284/319 234/285/319
f 235/286/320 236/287/320 230/288/320
f 239/289/321 237/284/321 235/286/321
f 238/290/322 239/289/322 231/291/322
f 233/292/323 240/293/323 238/290/323
f 234/285/324 237/284/324 240/293/324
f 244/294/325 245/295/325 241/296/325
f 248/297/326 246/298/326 244/294/326
f 247/299/327 248/297/327 242/300/327
f 247/299/328 252/301/328 249/302/328
f 250/303/329 251/304/329 243/305/329
f 245/295/330 252/301/330 250/303/330
f 246/298/331 249/302/331 252/301/331
f 256/306/332 257/307/332 253/308/332
f 260/309/333 258/310/333 256/306/333
f 259/311/334 260/309/334 254/312/334
f 259/311/335 264/313/335 261/314/335
f 262/315/336 263/316/336 255/317/336
f 262/315/337 258/310/337 264/313/337
f 258/310/338 261/314/338 264/313/338
f 268/318/339 269/319/339 265/320/339
f 272/321/340 270/322/340 268/318/340
f 271/323/341 272/321/341 266/324/341
f 275/325/342 273/326/342 271/323/342
f 274/327/343 275/325/343 267/328/343
f 269/319/344 276/329/344 274/327/344
f 270/322/345 273/326/345 276/329/345
f 280/330/346 281/331/346 277/332/346
f 280/330/347 285/333/347 282/334/347
f 283/335/348 284/336/348 278/337/348
f 283/335/349 288/338/349 285/333/349
f 286/339/350 287/340/350 279/341/350
f 281/331/351 288/338/351 286/339/351
f 282/334/352 285/333/352 288/338/352
f 193/235/353 220/265/353 217/267/353
f 197/234/354 224/268/354 220/265/354
f 202/244/355 218/272/355 224/271/355
f 205/251/356 199/238/356 194/240/356
f 209/262/357 203/245/357 199/241/357
f 214/260/358 195/246/358 203/245/358
f 229/282/359 211/254/359 206/256/359
f 233/292/360 215/257/360 211/259/360
f 238/290/361 207/261/361 215/257/361
f 219/276/362 235/286/362 230/288/362
f 227/273/363 239/289/363 235/286/363
f 223/270/364 231/291/364 239/289/364
f 217/267/365 268/318/365 265/320/365
f 221/266/366 272/321/366 268/318/366
f 226/275/367 266/324/367 272/321/367
f 277/332/368 232/280/368 229/282/368
f 281/331/369 236/287/369 232/283/369
f 286/339/370 230/288/370 236/287/370
f 267/328/371 283/335/371 278/337/371
f 275/325/372 287/340/372 283/335/372
f 271/323/373 279/341/373 287/340/373
f 265/320/374 244/294/374 241/296/374
f 269/319/375 248/297/375 244/294/375
f 274/327/376 242/300/376 248/297/376
f 253/308/377 280/330/377 277/332/377
f 257/307/378 284/336/378 280/330/378
f 262/315/379 278/337/379 284/336/379
f 243/305/380 259/311/380 254/312/380
f 251/304/381 263/316/381 259/311/381
f 247/299/382 255/317/382 263/316/382
f 241/296/383 196/233/383 193/235/383
f 245/295/384 200/342/384 196/233/384
f 250/303/385 194/240/385 200/239/385
f 206/256/386 256/306/386 253/308/386
f 212/343/387 260/309/387 256/306/387
f 208/249/388 254/312/388 260/309/388
f 265/320/389 193/235/389 217/267/389
f 207/261/390 218/272/390 195/246/390
f 254/312/391 194/240/391 243/305/391
f 229/282/392 253/308/392 277/332/392
f 230/288/393 266/324/393 219/276/393
f 278/337/394 242/300/394 267/328/394
f 196/233/395 198/237/395 197/234/395
f 196/233/396 200/342/396 201/236/396
f 199/238/397 201/344/397 200/239/397
f 199/241/300 203/245/300 204/242/300
f 202/244/398 204/242/398 203/245/398
f 197/234/302 198/237/302 204/247/302
f 208/249/399 210/253/399 209/250/399
f 208/249/400 212/343/400 213/252/400
f 211/254/401 213/345/401 212/255/401
f 215/257/307 216/263/307 213/258/307
f 214/260/402 216/263/402 215/257/402
f 209/262/403 210/346/403 216/263/403
f 220/265/404 222/269/404 221/266/404
f 224/268/405 225/279/405 222/269/405
f 223/270/406 225/274/406 224/271/406
f 227/273/314 228/347/314 225/274/314
f 226/275/407 228/347/407 227/273/407
f 221/266/408 222/269/408 228/277/408
f 232/280/409 234/348/409 233/281/409
f 232/283/410 236/287/410 237/284/410
f 235/286/411 237/284/411 236/287/411
f 239/289/321 240/293/321 237/284/321
f 238/290/412 240/293/412 239/289/412
f 233/292/323 234/285/323 240/293/323
f 244/294/413 246/298/413 245/295/413
f 248/297/326 249/302/326 246/298/326
f 247/299/414 249/302/414 248/297/414
f 247/299/328 251/304/328 252/301/328
f 250/303/415 252/301/415 251/304/415
f 245/295/416 246/298/416 252/301/416
f 256/306/417 258/310/417 257/307/417
f 260/309/418 261/314/418 258/310/418
f 259/311/419 261/314/419 260/309/419
f 259/311/335 263/316/335 264/313/335
f 262/315/420 264/313/420 263/316/420
f 262/315/421 257/307/421 258/310/421
f 268/318/422 270/322/422 269/319/422
f 272/321/423 273/326/423 270/322/423
f 271/323/424 273/326/424 272/321/424
f 275/325/342 276/329/342 273/326/342
f 274/327/425 276/329/425 275/325/425
f 269/319/344 270/322/344 276/329/344
f 280/330/426 282/334/426 281/331/426
f 280/330/427 284/336/427 285/333/427
f 283/335/428 285/333/428 284/336/428
f 283/335/349 287/340/349 288/338/349
f 286/339/429 288/338/429 287/340/429
f 281/331/430 282/334/430 288/338/430
f 193/235/353 197/234/353 220/265/353
f 197/234/354 202/248/354 224/268/354
f 202/244/355 195/246/355 218/272/355
f 205/251/431 209/250/431 199/238/431
f 209/262/357 214/260/357 203/245/357
f 214/260/432 207/261/432 195/246/432
f 229/282/359 233/281/359 211/254/359
f 233/292/360 238/290/360 215/257/360
f 238/290/361 231/291/361 207/261/361
f 219/276/433 227/273/433 235/286/433
f 227/273/363 223/270/363 239/289/363
f 223/270/434 218/272/434 231/291/434
f 217/267/365 221/266/365 268/318/365
f 221/266/366 226/278/366 272/321/366
f 226/275/435 219/276/435 266/324/435
f 277/332/368 281/331/368 232/280/368
f 281/331/369 286/339/369 236/287/369
f 286/339/370 279/341/370 230/288/370
f 267/328/436 275/325/436 283/335/436
f 275/325/437 271/323/437 287/340/437
f 271/323/438 266/324/438 279/341/438
f 265/320/374 269/319/374 244/294/374
f 269/319/375 274/327/375 248/297/375
f 274/327/376 267/328/376 242/300/376
f 253/308/377 257/307/377 280/330/377
f 257/307/378 262/315/378 284/336/378
f 262/315/379 255/317/379 278/337/379
f 243/305/439 251/304/439 259/311/439
f 251/304/440 247/299/440 263/316/440
f 247/299/441 242/300/441 255/317/441
f 241/296/383 245/295/383 196/233/383
f 245/295/384 250/303/384 200/342/384
f 250/303/442 243/305/442 194/240/442
f 206/256/443 212/255/443 256/306/443
f 212/343/387 208/249/387 260/309/387
f 208/249/388 205/251/388 254/312/388
f 265/320/389 241/296/389 193/235/389
f 207/261/390 231/291/390 218/272/390
f 254/312/391 205/251/391 194/240/391
f 229/282/392 206/256/392 253/308/392
f 230/288/393 279/341/393 266/324/393
f 278/337/394 255/317/394 242/300/394
o Guide_Rail_Left.001
v -0.490200 -0.050230 0.004000
v -0.490200 -0.051030 0.004800
v -0.491000 -0.050230 0.004800
v -0.490200 -0.050629 0.004107
v -0.490599 -0.050230 0.004107
v -0.490583 -0.050612 0.004211
v -0.490599 -0.050923 0.004800
v -0.490200 -0.050923 0.004401
v -0.490583 -0.050819 0.004417
v -0.490893 -0.050230 0.004401
v -0.490893 -0.050629 0.004800
v -0.490789 -0.050612 0.004417
v -0.490200 -0.051030 0.009200
v -0.490200 -0.050230 0.010000
v -0.491000 -0.050230 0.009200
v -0.490200 -0.050923 0.009599
v -0.490599 -0.050923 0.009200
v -0.490583 -0.050819 0.009583
v -0.490599 -0.050230 0.009893
v -0.490200 -0.050629 0.009893
v -0.490583 -0.050612 0.009789
v -0.490893 -0.050629 0.009200
v -0.490893 -0.050230 0.009599
v -0.490789 -0.050612 0.009583
v -0.490200 -0.047830 0.004000
v -0.491000 -0.047830 0.004800
v -0.490200 -0.047030 0.004800
v -0.490599 -0.047830 0.004107
v -0.490200 -0.047430 0.004107
v -0.490583 -0.047447 0.004211
v -0.490893 -0.047430 0.004800
v -0.490893 -0.047830 0.004401
v -0.490789 -0.047447 0.004417
v -0.490200 -0.047137 0.004401
v -0.490599 -0.047137 0.004800
v -0.490583 -0.047240 0.004417
v -0.490200 -0.047830 0.010000
v -0.490200 -0.047030 0.009200
v -0.491000 -0.047830 0.009200
v -0.490200 -0.047430 0.009893
v -0.490599 -0.047830 0.009893
v -0.490583 -0.047447 0.009789
v -0.490599 -0.047137 0.009200
v -0.490200 -0.047137 0.009599
v -0.490583 -0.047240 0.009583
v -0.490893 -0.047830 0.009599
v -0.490893 -0.047430 0.009200
v -0.490789 -0.047447 0.009583
v 0.490200 -0.050230 0.004000
v 0.491000 -0.050230 0.004800
v 0.490200 -0.051030 0.004800
v 0.490599 -0.050230 0.004107
v 0.490200 -0.050629 0.004107
v 0.490583 -0.050612 0.004211
v 0.490893 -0.050629 0.004800
v 0.490893 -0.050230 0.004401
v 0.490789 -0.050612 0.004417
v 0.490200 -0.050923 0.004401
v 0.490599 -0.050923 0.004800
v 0.490583 -0.050819 0.004417
v 0.490200 -0.050230 0.010000
v 0.490200 -0.051030 0.009200
v 0.491000 -0.050230 0.009200
v 0.490200 -0.050629 0.009893
v 0.490599 -0.050230 0.009893
v 0.490583 -0.050612 0.009789
v 0.490599 -0.050923 0.009200
v 0.490200 -0.050923 0.009599
v 0.490583 -0.050819 0.009583
v 0.490893 -0.050230 0.009599
v 0.490893 -0.050629 0.009200
v 0.490789 -0.050612 0.009583
v 0.490200 -0.047830 0.004000
v 0.490200 -0.047030 0.004800
v 0.491000 -0.047830 0.004800
v 0.490200 -0.047430 0.004107
v 0.490599 -0.047830 0.004107
v 0.490583 -0.047447 0.004211
v 0.490599 -0.047137 0.004800
v 0.490200 -0.047137 0.004401
v 0.490583 -0.047240 0.004417
v 0.490893 -0.047830 0.004401
v 0.490893 -0.047430 0.004800
v 0.490789 -0.047447 0.004417
v 0.490200 -0.047830 0.010000
v 0.491000 -0.047830 0.009200
v 0.490200 -0.047030 0.009200
v 0.490599 -0.047830 0.009893
v 0.490200 -0.047430 0.009893
v 0.490583 -0.047447 0.009789
v 0.490893 -0.047430 0.009200
v 0.490893 -0.047830 0.009599
v 0.490789 -0.047447 0.009583
v 0.490200 -0.047137 0.009599
v 0.490599 -0.047137 0.009200
v 0.490583 -0.047240 0.009583
vn -0.2502 -0.2502 -0.9353
vn -0.2178 -0.6901 -0.6902
vn -0.2502 -0.9353 -0.2502
vn -0.6902 -0.6901 -0.2178
vn -0.9353 -0.2501 -0.2502
vn -0.6901 -0.2179 -0.6901
vn -0.5773 -0.5773 -0.5774
vn -0.2502 -0.9353 0.2502
vn -0.2178 -0.6901 0.6902
vn -0.2502 -0.2502 0.9353
vn -0.6901 -0.2179 0.6901
vn -0.9353 -0.2501 0.2502
vn -0.6901 -0.6901 0.2178
vn -0.5773 -0.5773 0.5774
vn -0.2502 0.2502 -0.9353
vn -0.6901 0.2178 -0.6902
vn -0.9353 0.2501 -0.2502
vn -0.6901 0.6902 -0.2178
vn -0.2502 0.9353 -0.2502
vn -0.2178 0.6901 -0.6901
vn -0.5773 0.5773 -0.5774
vn -0.2502 0.2502 0.9353
vn -0.2178 0.6902 0.6901
vn -0.2502 0.9353 0.2502
vn -0.6902 0.6900 0.2178
vn -0.9353 0.2501 0.2502
vn -0.6901 0.2178 0.6902
vn -0.5773 0.5773 0.5774
vn 0.2502 -0.2502 -0.9353
vn 0.6901 -0.2178 -0.6901
vn 0.9353 -0.2501 -0.2502
vn 0.6900 -0.6902 -0.2178
vn 0.2502 -0.9353 -0.2502
vn 0.2178 -0.6901 -0.6901
vn 0.5773 -0.5773 -0.5774
vn 0.2502 -0.2502 0.9353
vn 0.2178 -0.6902 0.6901
vn 0.2502 -0.9353 0.2502
vn 0.6902 -0.6900 0.2178
vn 0.9353 -0.2501 0.2502
vn 0.6901 -0.2178 0.6902
vn 0.5773 -0.5773 0.5774
vn 0.2502 0.2502 -0.9353
vn 0.2178 0.6901 -0.6902
vn 0.2502 0.9353 -0.2502
vn 0.6901 0.6901 -0.2178
vn 0.9353 0.2501 -0.2502
vn 0.6901 0.2179 -0.6901
vn 0.5773 0.5773 -0.5774
vn 0.2502 0.2502 0.9353
vn 0.6901 0.2179 0.6901
vn 0.9353 0.2501 0.2502
vn 0.6901 0.6902 0.2178
vn 0.2502 0.9353 0.2502
vn 0.2178 0.6901 0.6902
vn 0.5773 0.5773 0.5774
vn -0.2584 -0.0000 -0.9660
vn -0.7071 -0.0000 -0.7071
vn -0.9660 -0.0000 -0.2584
vn -0.2585 -0.9660 -0.0000
vn -0.7071 -0.7072 -0.0000
vn -0.9660 -0.2585 -0.0000
vn -0.2584 -0.0000 0.9660
vn -0.7071 -0.0000 0.7071
vn -0.9660 -0.0000 0.2584
vn -0.2585 0.9660 -0.0000
vn -0.7071 0.7072 -0.0000
vn -0.9660 0.2585 -0.0000
vn -0.0000 0.2584 -0.9660
vn -0.0000 0.7071 -0.7071
vn -0.0000 0.9660 -0.2585
vn -0.0000 0.2584 0.9660
vn -0.0000 0.7071 0.7071
vn -0.0000 0.9660 0.2585
vn 0.9661 0.2582 -0.0000
vn 0.7071 0.7072 -0.0000
vn 0.2584 0.9660 -0.0000
vn 0.2584 -0.0000 -0.9660
vn 0.7071 -0.0000 -0.7071
vn 0.9660 -0.0000 -0.2584
vn 0.2584 -0.0000 0.9660
vn 0.7071 -0.0000 0.7071
vn 0.9660 -0.0000 0.2584
vn 0.2585 -0.9660 -0.0000
vn 0.7071 -0.7072 -0.0000
vn 0.9660 -0.2585 -0.0000
vn -0.0000 -0.2585 -0.9660
vn -0.0000 -0.7071 -0.7071
vn -0.0000 -0.9660 -0.2584
vn -0.0000 -0.2585 0.9660
vn -0.0000 -0.7071 0.7071
vn -0.0000 -0.9660 0.2584
vn -0.0000 -0.0000 -1.0000
vn -1.0000 -0.0000 -0.0000
vn -0.0000 -1.0000 -0.0000
vn -0.0000 -0.0000 1.0000
vn -0.0000 1.0000 -0.0000
vn 1.0000 -0.0000 -0.0000
vn -0.2635 -0.2635 -0.9280
vn -0.2178 -0.6901 -0.6901
vn -0.2635 -0.9280 -0.2635
vn -0.6900 -0.6902 -0.2178
vn -0.9280 -0.2635 -0.2635
vn -0.6901 -0.2178 -0.6901
vn -0.2635 -0.9280 0.2635
vn -0.2178 -0.6902 0.6901
vn -0.2635 -0.2634 0.9280
vn -0.6901 -0.2178 0.6902
vn -0.9279 -0.2636 0.2635
vn -0.6902 -0.6901 0.2178
vn -0.2635 0.2635 -0.9280
vn -0.6901 0.2178 -0.6901
vn -0.9280 0.2635 -0.2635
vn -0.6901 0.6901 -0.2178
vn -0.2635 0.9280 -0.2635
vn -0.2178 0.6901 -0.6902
vn -0.2635 0.2634 0.9280
vn -0.2178 0.6901 0.6902
vn -0.2635 0.9280 0.2635
vn -0.6901 0.6902 0.2178
vn -0.9279 0.2636 0.2635
vn -0.6901 0.2179 0.6901
vn 0.2635 -0.2635 -0.9280
vn 0.6901 -0.2179 -0.6901
vn 0.9280 -0.2635 -0.2635
vn 0.6902 -0.6901 -0.2178
vn 0.2635 -0.9280 -0.2635
vn 0.2178 -0.6901 -0.6902
vn 0.2635 -0.2634 0.9280
vn 0.2178 -0.6901 0.6902
vn 0.2635 -0.9280 0.2635
vn 0.6901 -0.6902 0.2178
vn 0.9279 -0.2636 0.2635
vn 0.6901 -0.2179 0.6901
vn 0.2635 0.2635 -0.9280
vn 0.2178 0.6901 -0.6901
vn 0.2635 0.9280 -0.2635
vn 0.6901 0.6902 -0.2178
vn 0.9280 0.2635 -0.2635
vn 0.6901 0.2178 -0.6901
vn 0.2635 0.2634 0.9280
vn 0.6901 0.2178 0.6902
vn 0.9279 0.2636 0.2635
vn 0.6902 0.6900 0.2178
vn 0.2635 0.9280 0.2635
vn 0.2178 0.6902 0.6901
vn -0.2584 -0.9660 -0.0000
vn -0.9661 -0.2582 -0.0000
vn -0.2584 0.9660 -0.0000
vn -0.9661 0.2582 -0.0000
vn -0.0000 0.2585 -0.9660
vn -0.0000 0.9660 -0.2584
vn -0.0000 0.2585 0.9660
vn -0.0000 0.9660 0.2584
vn 0.9660 0.2585 -0.0000
vn 0.2585 0.9660 -0.0000
vn 0.2584 -0.9660 -0.0000
vn 0.9661 -0.2582 -0.0000
vn -0.0000 -0.9660 -0.2585
vn -0.0000 -0.9660 0.2585
vt 0.125204 0.724967
vt 0.125102 0.700000
vt 0.125204 0.700000
vt 0.125106 0.750000
vt 0.125106 0.723911
vt 0.408333 1.000000
vt 0.375000 0.999796
vt 0.408333 0.999796
vt 0.408333 0.000000
vt 0.375000 0.026089
vt 0.375000 0.000000
vt 0.375000 0.050000
vt 0.408333 0.025033
vt 0.408333 0.050000
vt 0.125000 0.723911
vt 0.125000 0.700000
vt 0.608311 0.999796
vt 0.591667 1.000000
vt 0.591667 0.999796
vt 0.625000 0.999894
vt 0.607607 0.999894
vt 0.875000 0.700000
vt 0.874796 0.750000
vt 0.874796 0.700000
vt 0.625000 0.050000
vt 0.607607 0.026089
vt 0.625000 0.000000
vt 0.591667 0.025033
vt 0.608311 0.050000
vt 0.591667 0.050000
vt 0.591667 0.000000
vt 0.607607 0.999946
vt 0.125102 0.550000
vt 0.125204 0.525033
vt 0.125204 0.550000
vt 0.125000 0.550000
vt 0.125106 0.526089
vt 0.408333 0.224967
vt 0.375000 0.200000
vt 0.408333 0.200000
vt 0.375000 0.250106
vt 0.375000 0.223911
vt 0.375000 0.250204
vt 0.408333 0.250102
vt 0.408333 0.250204
vt 0.125106 0.500000
vt 0.125204 0.500000
vt 0.125000 0.526089
vt 0.874796 0.500000
vt 0.875000 0.550000
vt 0.874796 0.550000
vt 0.625000 0.250204
vt 0.607607 0.250106
vt 0.625000 0.250071
vt 0.591667 0.250102
vt 0.608311 0.250204
vt 0.591667 0.250204
vt 0.591667 0.224967
vt 0.608311 0.200000
vt 0.591667 0.200000
vt 0.625000 0.200000
vt 0.607607 0.230446
vt 0.374898 0.700000
vt 0.374796 0.724967
vt 0.374796 0.700000
vt 0.388031 0.723911
vt 0.374894 0.723911
vt 0.408333 0.724967
vt 0.391689 0.700000
vt 0.408333 0.700000
vt 0.408333 0.750102
vt 0.374898 0.750102
vt 0.408333 0.750204
vt 0.374947 0.750053
vt 0.625102 0.750102
vt 0.625102 0.700000
vt 0.625204 0.700000
vt 0.608311 0.750204
vt 0.625053 0.750053
vt 0.591667 0.750102
vt 0.591667 0.750204
vt 0.591667 0.724967
vt 0.607607 0.750106
vt 0.608311 0.700000
vt 0.591667 0.700000
vt 0.607607 0.730446
vt 0.374796 0.525033
vt 0.374898 0.550000
vt 0.374796 0.550000
vt 0.374947 0.499947
vt 0.374894 0.526089
vt 0.408333 0.499898
vt 0.374898 0.499898
vt 0.408333 0.499796
vt 0.408333 0.525033
vt 0.391689 0.550000
vt 0.408333 0.550000
vt 0.388031 0.526089
vt 0.625102 0.550000
vt 0.625102 0.499898
vt 0.625204 0.550000
vt 0.607607 0.526089
vt 0.620664 0.519540
vt 0.591667 0.525033
vt 0.608311 0.550000
vt 0.591667 0.550000
vt 0.607607 0.503212
vt 0.608311 0.499796
vt 0.591667 0.499898
vt 0.591667 0.499796
vt 0.125204 0.750000
vt 0.625000 0.999796
vt 0.375000 0.999894
vt 0.874894 0.750000
vt 0.607607 0.013168
vt 0.874894 0.500000
s 0
usemtl Mat_Light_Metal
f 292/349/444 293/350/444 289/351/444
f 292/349/445 297/352/445 294/353/445
f 295/354/446 296/355/446 290/356/446
f 295/357/447 300/358/447 297/359/447
f 298/360/448 299/361/448 291/362/448
f 293/350/449 300/363/449 298/364/449
f 294/353/450 297/352/450 300/363/450
f 304/365/451 305/366/451 301/367/451
f 304/365/452 309/368/452 306/369/452
f 307/370/453 308/371/453 302/372/453
f 307/373/454 312/374/454 309/375/454
f 310/376/455 311/377/455 303/378/455
f 305/379/456 312/374/456 310/376/456
f 306/369/457 309/368/457 312/380/457
f 316/381/458 317/382/458 313/383/458
f 320/384/459 318/385/459 316/381/459
f 319/386/460 320/387/460 314/388/460
f 319/386/461 324/389/461 321/390/461
f 322/391/462 323/392/462 315/393/462
f 317/382/463 324/394/463 322/395/463
f 318/385/464 321/396/464 324/394/464
f 328/397/465 329/398/465 325/399/465
f 328/400/466 333/401/466 330/402/466
f 331/403/467 332/404/467 326/405/467
f 335/406/468 333/401/468 331/403/468
f 334/407/469 335/406/469 327/408/469
f 329/409/470 336/410/470 334/407/470
f 330/402/471 333/401/471 336/410/471
f 340/411/472 341/412/472 337/413/472
f 340/411/473 345/414/473 342/415/473
f 343/416/474 344/417/474 338/418/474
f 347/419/475 345/414/475 343/416/475
f 346/420/476 347/419/476 339/421/476
f 341/412/477 348/422/477 346/420/477
f 342/415/478 345/414/478 348/422/478
f 352/423/479 353/424/479 349/425/479
f 356/426/480 354/427/480 352/423/480
f 355/428/481 356/426/481 350/429/481
f 359/430/482 357/431/482 355/428/482
f 358/432/483 359/430/483 351/433/483
f 353/424/484 360/434/484 358/432/484
f 354/427/485 357/431/485 360/434/485
f 364/435/486 365/436/486 361/437/486
f 364/435/487 369/438/487 366/439/487
f 367/440/488 368/441/488 362/442/488
f 371/443/489 369/438/489 367/440/489
f 370/444/490 371/443/490 363/445/490
f 365/436/491 372/446/491 370/444/491
f 366/439/492 369/438/492 372/446/492
f 376/447/493 377/448/493 373/449/493
f 376/447/494 381/450/494 378/451/494
f 379/452/495 380/453/495 374/454/495
f 379/452/496 384/455/496 381/450/496
f 382/456/497 383/457/497 375/458/497
f 382/456/498 378/451/498 384/455/498
f 378/451/499 381/450/499 384/455/499
f 289/351/500 316/381/500 313/383/500
f 293/350/501 320/384/501 316/381/501
f 298/360/502 314/388/502 320/387/502
f 301/367/503 295/354/503 290/356/503
f 305/379/504 299/361/504 295/357/504
f 310/376/505 291/362/505 299/361/505
f 325/399/506 307/370/506 302/372/506
f 329/409/507 311/377/507 307/373/507
f 334/407/508 303/378/508 311/377/508
f 315/393/509 331/403/509 326/405/509
f 323/392/510 335/406/510 331/403/510
f 319/386/511 327/408/511 335/406/511
f 313/383/512 364/435/512 361/437/512
f 317/382/513 368/441/513 364/435/513
f 322/391/514 362/442/514 368/441/514
f 373/449/515 328/397/515 325/399/515
f 377/448/516 332/404/516 328/400/516
f 382/456/517 326/405/517 332/404/517
f 363/445/518 379/452/518 374/454/518
f 371/443/519 383/457/519 379/452/519
f 367/440/520 375/458/520 383/457/520
f 361/437/521 340/411/521 337/413/521
f 365/436/522 344/417/522 340/411/522
f 370/444/523 338/418/523 344/417/523
f 349/425/524 376/447/524 373/449/524
f 353/424/525 380/453/525 376/447/525
f 358/432/526 374/454/526 380/453/526
f 339/421/527 355/428/527 350/429/527
f 347/419/528 359/430/528 355/428/528
f 343/416/529 351/433/529 359/430/529
f 337/413/530 292/349/530 289/351/530
f 341/412/531 296/459/531 292/349/531
f 346/420/532 290/356/532 296/355/532
f 302/372/533 352/423/533 349/425/533
f 308/460/534 356/426/534 352/423/534
f 304/365/535 350/429/535 356/426/535
f 361/437/536 289/351/536 313/383/536
f 303/378/537 314/388/537 291/362/537
f 350/429/538 290/356/538 339/421/538
f 325/399/539 349/425/539 373/449/539
f 326/405/540 362/442/540 315/393/540
f 374/454/541 338/418/541 363/445/541
f 292/349/542 294/353/542 293/350/542
f 292/349/543 296/459/543 297/352/543
f 295/354/544 297/461/544 296/355/544
f 295/357/545 299/361/545 300/358/545
f 298/360/546 300/358/546 299/361/546
f 293/350/547 294/353/547 300/363/547
f 304/365/548 306/369/548 305/366/548
f 304/365/549 308/460/549 309/368/549
f 307/370/550 309/462/550 308/371/550
f 307/373/551 311/377/551 312/374/551
f 310/376/552 312/374/552 311/377/552
f 305/379/553 306/463/553 312/374/553
f 316/381/554 318/385/554 317/382/554
f 320/384/555 321/396/555 318/385/555
f 319/386/556 321/390/556 320/387/556
f 319/386/557 323/392/557 324/389/557
f 322/391/558 324/389/558 323/392/558
f 317/382/559 318/385/559 324/394/559
f 328/397/560 330/464/560 329/398/560
f 328/400/561 332/404/561 333/401/561
f 331/403/562 333/401/562 332/404/562
f 335/406/563 336/410/563 333/401/563
f 334/407/564 336/410/564 335/406/564
f 329/409/565 330/402/565 336/410/565
f 340/411/566 342/415/566 341/412/566
f 340/411/567 344/417/567 345/414/567
f 343/416/568 345/414/568 344/417/568
f 347/419/569 348/422/569 345/414/569
f 346/420/570 348/422/570 347/419/570
f 341/412/571 342/415/571 348/422/571
f 352/423/572 354/427/572 353/424/572
f 356/426/573 357/431/573 354/427/573
f 355/428/574 357/431/574 356/426/574
f 359/430/575 360/434/575 357/431/575
f 358/432/576 360/434/576 359/430/576
f 353/424/577 354/427/577 360/434/577
f 364/435/578 366/439/578 365/436/578
f 364/435/579 368/441/579 369/438/579
f 367/440/580 369/438/580 368/441/580
f 371/443/581 372/446/581 369/438/581
f 370/444/582 372/446/582 371/443/582
f 365/436/583 366/439/583 372/446/583
f 376/447/584 378/451/584 377/448/584
f 376/447/585 380/453/585 381/450/585
f 379/452/586 381/450/586 380/453/586
f 379/452/587 383/457/587 384/455/587
f 382/456/588 384/455/588 383/457/588
f 382/456/589 377/448/589 378/451/589
f 289/351/500 293/350/500 316/381/500
f 293/350/501 298/364/501 320/384/501
f 298/360/502 291/362/502 314/388/502
f 301/367/590 305/366/590 295/354/590
f 305/379/504 310/376/504 299/361/504
f 310/376/591 303/378/591 291/362/591
f 325/399/506 329/398/506 307/370/506
f 329/409/507 334/407/507 311/377/507
f 334/407/508 327/408/508 303/378/508
f 315/393/592 323/392/592 331/403/592
f 323/392/510 319/386/510 335/406/510
f 319/386/593 314/388/593 327/408/593
f 313/383/594 317/382/594 364/435/594
f 317/382/513 322/395/513 368/441/513
f 322/391/595 315/393/595 362/442/595
f 373/449/596 377/448/596 328/397/596
f 377/448/516 382/456/516 332/404/516
f 382/456/597 375/458/597 326/405/597
f 363/445/598 371/443/598 379/452/598
f 371/443/519 367/440/519 383/457/519
f 367/440/599 362/442/599 375/458/599
f 361/437/521 365/436/521 340/411/521
f 365/436/522 370/444/522 344/417/522
f 370/444/523 363/445/523 338/418/523
f 349/425/524 353/424/524 376/447/524
f 353/424/525 358/432/525 380/453/525
f 358/432/526 351/433/526 374/454/526
f 339/421/600 347/419/600 355/428/600
f 347/419/528 343/416/528 359/430/528
f 343/416/601 338/418/601 351/433/601
f 337/413/530 341/412/530 292/349/530
f 341/412/531 346/420/531 296/459/531
f 346/420/602 339/421/602 290/356/602
f 302/372/533 308/371/533 352/423/533
f 308/460/534 304/365/534 356/426/534
f 304/365/603 301/367/603 350/429/603
f 361/437/536 337/413/536 289/351/536
f 303/378/537 327/408/537 314/388/537
f 350/429/538 301/367/538 290/356/538
f 325/399/539 302/372/539 349/425/539
f 326/405/540 375/458/540 362/442/540
f 374/454/541 351/433/541 338/418/541
o Guide_Rail_Right.001
v -0.490200 -0.078230 0.004000
v -0.490200 -0.079030 0.004800
v -0.491000 -0.078230 0.004800
v -0.490200 -0.078629 0.004107
v -0.490599 -0.078230 0.004107
v -0.490583 -0.078612 0.004211
v -0.490599 -0.078923 0.004800
v -0.490200 -0.078923 0.004401
v -0.490583 -0.078819 0.004417
v -0.490893 -0.078230 0.004401
v -0.490893 -0.078629 0.004800
v -0.490789 -0.078612 0.004417
v -0.490200 -0.079030 0.009200
v -0.490200 -0.078230 0.010000
v -0.491000 -0.078230 0.009200
v -0.490200 -0.078923 0.009599
v -0.490599 -0.078923 0.009200
v -0.490583 -0.078819 0.009583
v -0.490599 -0.078230 0.009893
v -0.490200 -0.078629 0.009893
v -0.490583 -0.078612 0.009789
v -0.490893 -0.078629 0.009200
v -0.490893 -0.078230 0.009599
v -0.490789 -0.078612 0.009583
v -0.490200 -0.075830 0.004000
v -0.491000 -0.075830 0.004800
v -0.490200 -0.075030 0.004800
v -0.490599 -0.075830 0.004107
v -0.490200 -0.075430 0.004107
v -0.490583 -0.075447 0.004211
v -0.490893 -0.075430 0.004800
v -0.490893 -0.075830 0.004401
v -0.490789 -0.075447 0.004417
v -0.490200 -0.075137 0.004401
v -0.490599 -0.075137 0.004800
v -0.490583 -0.075240 0.004417
v -0.490200 -0.075830 0.010000
v -0.490200 -0.075030 0.009200
v -0.491000 -0.075830 0.009200
v -0.490200 -0.075430 0.009893
v -0.490599 -0.075830 0.009893
v -0.490583 -0.075447 0.009789
v -0.490599 -0.075137 0.009200
v -0.490200 -0.075137 0.009599
v -0.490583 -0.075240 0.009583
v -0.490893 -0.075830 0.009599
v -0.490893 -0.075430 0.009200
v -0.490789 -0.075447 0.009583
v 0.490200 -0.078230 0.004000
v 0.491000 -0.078230 0.004800
v 0.490200 -0.079030 0.004800
v 0.490599 -0.078230 0.004107
v 0.490200 -0.078629 0.004107
v 0.490583 -0.078612 0.004211
v 0.490893 -0.078629 0.004800
v 0.490893 -0.078230 0.004401
v 0.490789 -0.078612 0.004417
v 0.490200 -0.078923 0.004401
v 0.490599 -0.078923 0.004800
v 0.490583 -0.078819 0.004417
v 0.490200 -0.078230 0.010000
v 0.490200 -0.079030 0.009200
v 0.491000 -0.078230 0.009200
v 0.490200 -0.078629 0.009893
v 0.490599 -0.078230 0.009893
v 0.490583 -0.078612 0.009789
v 0.490599 -0.078923 0.009200
v 0.490200 -0.078923 0.009599
v 0.490583 -0.078819 0.009583
v 0.490893 -0.078230 0.009599
v 0.490893 -0.078629 0.009200
v 0.490789 -0.078612 0.009583
v 0.490200 -0.075830 0.004000
v 0.490200 -0.075030 0.004800
v 0.491000 -0.075830 0.004800
v 0.490200 -0.075430 0.004107
v 0.490599 -0.075830 0.004107
v 0.490583 -0.075447 0.004211
v 0.490599 -0.075137 0.004800
v 0.490200 -0.075137 0.004401
v 0.490583 -0.075240 0.004417
v 0.490893 -0.075830 0.004401
v 0.490893 -0.075430 0.004800
v 0.490789 -0.075447 0.004417
v 0.490200 -0.075830 0.010000
v 0.491000 -0.075830 0.009200
v 0.490200 -0.075030 0.009200
v 0.490599 -0.075830 0.009893
v 0.490200 -0.075430 0.009893
v 0.490583 -0.075447 0.009789
v 0.490893 -0.075430 0.009200
v 0.490893 -0.075830 0.009599
v 0.490789 -0.075447 0.009583
v 0.490200 -0.075137 0.009599
v 0.490599 -0.075137 0.009200
v 0.490583 -0.075240 0.009583
vn -0.2502 -0.2502 -0.9353
vn -0.2178 -0.6901 -0.6901
vn -0.2502 -0.9353 -0.2502
vn -0.6902 -0.6901 -0.2178
vn -0.9353 -0.2501 -0.2502
vn -0.6901 -0.2178 -0.6901
vn -0.5773 -0.5773 -0.5774
vn -0.2502 -0.9353 0.2502
vn -0.2178 -0.6901 0.6902
vn -0.2502 -0.2502 0.9353
vn -0.6901 -0.2179 0.6901
vn -0.9354 -0.2501 0.2502
vn -0.6901 -0.6901 0.2178
vn -0.5773 -0.5773 0.5774
vn -0.2502 0.2502 -0.9353
vn -0.6901 0.2178 -0.6901
vn -0.9353 0.2501 -0.2502
vn -0.6900 0.6902 -0.2178
vn -0.2502 0.9353 -0.2502
vn -0.2178 0.6901 -0.6902
vn -0.5773 0.5773 -0.5774
vn -0.2502 0.2502 0.9353
vn -0.2178 0.6901 0.6901
vn -0.2502 0.9353 0.2502
vn -0.6902 0.6901 0.2178
vn -0.9354 0.2501 0.2502
vn -0.6901 0.2178 0.6902
vn -0.5773 0.5773 0.5774
vn 0.2502 -0.2502 -0.9353
vn 0.6901 -0.2178 -0.6902
vn 0.9353 -0.2501 -0.2502
vn 0.6900 -0.6902 -0.2178
vn 0.2502 -0.9353 -0.2502
vn 0.2178 -0.6901 -0.6901
vn 0.5773 -0.5773 -0.5774
vn 0.2502 -0.2502 0.9353
vn 0.2178 -0.6902 0.6901
vn 0.2502 -0.9353 0.2502
vn 0.6902 -0.6900 0.2178
vn 0.9353 -0.2501 0.2502
vn 0.6901 -0.2178 0.6902
vn 0.5773 -0.5773 0.5774
vn 0.2502 0.2502 -0.9353
vn 0.2178 0.6901 -0.6901
vn 0.2502 0.9353 -0.2502
vn 0.6902 0.6901 -0.2178
vn 0.9353 0.2501 -0.2502
vn 0.6901 0.2178 -0.6901
vn 0.5773 0.5773 -0.5774
vn 0.2502 0.2502 0.9353
vn 0.6901 0.2179 0.6901
vn 0.9353 0.2501 0.2502
vn 0.6901 0.6901 0.2178
vn 0.2502 0.9353 0.2502
vn 0.2178 0.6901 0.6902
vn 0.5773 0.5773 0.5774
vn -0.2584 -0.0000 -0.9660
vn -0.7071 -0.0000 -0.7071
vn -0.9660 -0.0000 -0.2584
vn -0.2585 -0.9660 -0.0000
vn -0.7071 -0.7071 -0.0000
vn -0.9660 -0.2585 -0.0000
vn -0.2584 -0.0000 0.9660
vn -0.7071 -0.0000 0.7071
vn -0.9660 -0.0000 0.2584
vn -0.2585 0.9660 -0.0000
vn -0.7071 0.7071 -0.0000
vn -0.9660 0.2585 -0.0000
vn -0.0000 0.2584 -0.9660
vn -0.0000 0.7071 -0.7071
vn -0.0000 0.9660 -0.2584
vn -0.0000 0.2584 0.9660
vn -0.0000 0.7071 0.7071
vn -0.0000 0.9660 0.2584
vn 0.9661 0.2582 -0.0000
vn 0.7071 0.7071 -0.0000
vn 0.2584 0.9660 -0.0000
vn 0.2584 -0.0000 -0.9660
vn 0.7071 -0.0000 -0.7071
vn 0.9660 -0.0000 -0.2584
vn 0.2584 -0.0000 0.9660
vn 0.7071 -0.0000 0.7071
vn 0.9660 -0.0000 0.2584
vn 0.2585 -0.9660 -0.0000
vn 0.7071 -0.7071 -0.0000
vn 0.9660 -0.2585 -0.0000
vn -0.0000 -0.2585 -0.9660
vn -0.0000 -0.7071 -0.7071
vn -0.0000 -0.9660 -0.2585
vn -0.0000 -0.2585 0.9660
vn -0.0000 -0.7071 0.7071
vn -0.0000 -0.9660 0.2585
vn -0.0000 -0.0000 -1.0000
vn -1.0000 -0.0000 -0.0000
vn -0.0000 -1.0000 -0.0000
vn -0.0000 -0.0000 1.0000
vn -0.0000 1.0000 -0.0000
vn 1.0000 -0.0000 -0.0000
vn -0.2635 -0.2635 -0.9280
vn -0.2178 -0.6901 -0.6902
vn -0.2635 -0.9280 -0.2635
vn -0.6900 -0.6902 -0.2178
vn -0.9280 -0.2635 -0.2635
vn -0.6901 -0.2178 -0.6902
vn -0.2635 -0.9280 0.2635
vn -0.2178 -0.6902 0.6901
vn -0.2635 -0.2634 0.9280
vn -0.6901 -0.2178 0.6902
vn -0.9279 -0.2636 0.2635
vn -0.6902 -0.6901 0.2178
vn -0.2635 0.2635 -0.9280
vn -0.6901 0.2179 -0.6902
vn -0.9280 0.2635 -0.2635
vn -0.6902 0.6901 -0.2178
vn -0.2635 0.9280 -0.2635
vn -0.2178 0.6901 -0.6901
vn -0.2635 0.2634 0.9280
vn -0.2178 0.6901 0.6902
vn -0.2635 0.9280 0.2634
vn -0.6901 0.6901 0.2178
vn -0.9279 0.2636 0.2635
vn -0.6901 0.2179 0.6901
vn 0.2635 -0.2635 -0.9280
vn 0.6901 -0.2178 -0.6901
vn 0.9280 -0.2635 -0.2635
vn 0.6902 -0.6901 -0.2178
vn 0.2635 -0.9280 -0.2635
vn 0.2178 -0.6901 -0.6902
vn 0.2635 -0.2634 0.9280
vn 0.2178 -0.6901 0.6902
vn 0.2635 -0.9280 0.2635
vn 0.6901 -0.6902 0.2177
vn 0.9279 -0.2636 0.2635
vn 0.6901 -0.2179 0.6901
vn 0.2635 0.2635 -0.9280
vn 0.2178 0.6901 -0.6902
vn 0.2635 0.9280 -0.2635
vn 0.6900 0.6902 -0.2178
vn 0.9280 0.2635 -0.2635
vn 0.6901 0.2178 -0.6902
vn 0.2635 0.2634 0.9280
vn 0.6901 0.2178 0.6902
vn 0.9279 0.2636 0.2635
vn 0.6902 0.6901 0.2178
vn 0.2635 0.9280 0.2635
vn 0.2178 0.6901 0.6901
vn -0.2584 -0.9660 -0.0000
vn -0.9661 -0.2582 -0.0000
vn -0.2584 0.9660 -0.0000
vn -0.9661 0.2582 -0.0000
vn -0.0000 0.2585 -0.9660
vn -0.0000 0.2585 0.9660
vn 0.9660 0.2585 -0.0000
vn 0.2585 0.9660 -0.0000
vn 0.2584 -0.9660 -0.0000
vn 0.9661 -0.2582 -0.0000
vn -0.0000 -0.2584 -0.9660
vn -0.0000 -0.9660 -0.2584
vn -0.0000 -0.2584 0.9660
vn -0.0000 -0.9660 0.2584
vt 0.125204 0.724967
vt 0.125102 0.700000
vt 0.125204 0.700000
vt 0.125204 0.750000
vt 0.125106 0.723911
vt 0.408333 1.000000
vt 0.375000 0.999796
vt 0.408333 0.999796
vt 0.408333 0.000000
vt 0.375000 0.026089
vt 0.375000 0.000000
vt 0.375000 0.050000
vt 0.408333 0.025033
vt 0.408333 0.050000
vt 0.125000 0.700000
vt 0.125000 0.723911
vt 0.125106 0.750000
vt 0.608311 0.999796
vt 0.591667 1.000000
vt 0.591667 0.999796
vt 0.625000 0.999796
vt 0.607607 0.999894
vt 0.875000 0.700000
vt 0.874796 0.750000
vt 0.874796 0.700000
vt 0.625000 0.050000
vt 0.607607 0.026089
vt 0.625000 0.000000
vt 0.591667 0.025033
vt 0.608311 0.050000
vt 0.591667 0.050000
vt 0.591667 0.000000
vt 0.625000 0.999894
vt 0.607607 0.999946
vt 0.125102 0.550000
vt 0.125204 0.525033
vt 0.125204 0.550000
vt 0.125000 0.526089
vt 0.125106 0.526089
vt 0.408333 0.224967
vt 0.375000 0.200000
vt 0.408333 0.200000
vt 0.408333 0.250102
vt 0.375000 0.223911
vt 0.375000 0.250204
vt 0.408333 0.250204
vt 0.125204 0.500000
vt 0.125106 0.500000
vt 0.874796 0.500000
vt 0.875000 0.550000
vt 0.874796 0.550000
vt 0.608311 0.250204
vt 0.625000 0.250071
vt 0.625000 0.250204
vt 0.591667 0.250102
vt 0.591667 0.250204
vt 0.607607 0.230446
vt 0.607607 0.250106
vt 0.608311 0.200000
vt 0.591667 0.224967
vt 0.591667 0.200000
vt 0.625000 0.200000
vt 0.374898 0.700000
vt 0.374796 0.724967
vt 0.374796 0.700000
vt 0.391689 0.700000
vt 0.374894 0.723911
vt 0.408333 0.724967
vt 0.408333 0.700000
vt 0.408333 0.750102
vt 0.388031 0.723911
vt 0.374898 0.750102
vt 0.408333 0.750204
vt 0.374947 0.750053
vt 0.625102 0.750102
vt 0.625102 0.700000
vt 0.625204 0.700000
vt 0.607607 0.750106
vt 0.625053 0.750053
vt 0.591667 0.750102
vt 0.608311 0.750204
vt 0.591667 0.750204
vt 0.591667 0.724967
vt 0.608311 0.700000
vt 0.591667 0.700000
vt 0.607607 0.730446
vt 0.374796 0.525033
vt 0.374898 0.550000
vt 0.374796 0.550000
vt 0.374898 0.499898
vt 0.374894 0.526089
vt 0.408333 0.499898
vt 0.408333 0.499796
vt 0.388031 0.526089
vt 0.374947 0.499947
vt 0.391689 0.550000
vt 0.408333 0.525033
vt 0.408333 0.550000
vt 0.625102 0.550000
vt 0.625102 0.499898
vt 0.625204 0.550000
vt 0.607607 0.526089
vt 0.620664 0.519540
vt 0.591667 0.525033
vt 0.608311 0.550000
vt 0.591667 0.550000
vt 0.591667 0.499898
vt 0.608311 0.499796
vt 0.591667 0.499796
vt 0.607607 0.503212
vt 0.125000 0.550000
vt 0.375000 0.999894
vt 0.874894 0.750000
vt 0.607607 0.013168
vt 0.375000 0.250106
vt 0.874894 0.500000
s 0
usemtl Mat_Light_Metal
f 388/465/604 389/466/604 385/467/604
f 392/468/605 390/469/605 388/465/605
f 391/470/606 392/471/606 386/472/606
f 391/473/607 396/474/607 393/475/607
f 394/476/608 395/477/608 387/478/608
f 394/479/609 390/469/609 396/480/609
f 390/469/610 393/481/610 396/480/610
f 400/482/611 401/483/611 397/484/611
f 404/485/612 402/486/612 400/482/612
f 403/487/613 404/488/613 398/489/613
f 403/490/614 408/491/614 405/492/614
f 406/493/615 407/494/615 399/495/615
f 401/496/616 408/491/616 406/493/616
f 402/486/617 405/497/617 408/498/617
f 412/499/618 413/500/618 409/501/618
f 412/499/619 417/502/619 414/503/619
f 415/504/620 416/505/620 410/506/620
f 419/507/621 417/508/621 415/504/621
f 418/509/622 419/507/622 411/510/622
f 418/511/623 414/503/623 420/512/623
f 414/503/624 417/502/624 420/512/624
f 424/513/625 425/514/625 421/515/625
f 428/516/626 426/517/626 424/518/626
f 427/519/627 428/516/627 422/520/627
f 427/519/628 432/521/628 429/522/628
f 430/523/629 431/524/629 423/525/629
f 425/526/630 432/521/630 430/523/630
f 426/517/631 429/522/631 432/521/631
f 436/527/632 437/528/632 433/529/632
f 440/530/633 438/531/633 436/527/633
f 439/532/634 440/530/634 434/533/634
f 443/534/635 441/535/635 439/532/635
f 442/536/636 443/534/636 435/537/636
f 437/528/637 444/538/637 442/536/637
f 438/531/638 441/535/638 444/538/638
f 448/539/639 449/540/639 445/541/639
f 448/539/640 453/542/640 450/543/640
f 451/544/641 452/545/641 446/546/641
f 455/547/642 453/542/642 451/544/642
f 454/548/643 455/547/643 447/549/643
f 449/540/644 456/550/644 454/548/644
f 450/543/645 453/542/645 456/550/645
f 460/551/646 461/552/646 457/553/646
f 464/554/647 462/555/647 460/551/647
f 463/556/648 464/554/648 458/557/648
f 463/556/649 468/558/649 465/559/649
f 466/560/650 467/561/650 459/562/650
f 466/560/651 462/555/651 468/558/651
f 462/555/652 465/559/652 468/558/652
f 472/563/653 473/564/653 469/565/653
f 472/563/654 477/566/654 474/567/654
f 475/568/655 476/569/655 470/570/655
f 479/571/656 477/566/656 475/568/656
f 478/572/657 479/571/657 471/573/657
f 478/572/658 474/567/658 480/574/658
f 474/567/659 477/566/659 480/574/659
f 385/467/660 412/499/660 409/501/660
f 389/466/661 416/575/661 412/499/661
f 394/476/662 410/506/662 416/505/662
f 397/484/663 391/470/663 386/472/663
f 401/496/664 395/477/664 391/473/664
f 406/493/665 387/478/665 395/477/665
f 421/515/666 403/487/666 398/489/666
f 425/526/667 407/494/667 403/490/667
f 430/523/668 399/495/668 407/494/668
f 411/510/669 427/519/669 422/520/669
f 419/507/670 431/524/670 427/519/670
f 415/504/671 423/525/671 431/524/671
f 409/501/672 460/551/672 457/553/672
f 413/500/673 464/554/673 460/551/673
f 464/554/674 411/510/674 458/557/674
f 469/565/675 424/513/675 421/515/675
f 473/564/676 428/516/676 424/518/676
f 428/516/677 471/573/677 422/520/677
f 459/562/678 475/568/678 470/570/678
f 467/561/679 479/571/679 475/568/679
f 463/556/680 471/573/680 479/571/680
f 457/553/681 436/527/681 433/529/681
f 461/552/682 440/530/682 436/527/682
f 466/560/683 434/533/683 440/530/683
f 445/541/684 472/563/684 469/565/684
f 449/540/685 476/569/685 472/563/685
f 454/548/686 470/570/686 476/569/686
f 435/537/687 451/544/687 446/546/687
f 443/534/688 455/547/688 451/544/688
f 439/532/689 447/549/689 455/547/689
f 433/529/690 388/465/690 385/467/690
f 437/528/691 392/468/691 388/465/691
f 392/471/692 435/537/692 386/472/692
f 398/489/693 448/539/693 445/541/693
f 404/485/694 452/545/694 448/539/694
f 452/545/695 397/484/695 446/546/695
f 457/553/696 385/467/696 409/501/696
f 399/495/697 410/506/697 387/478/697
f 446/546/698 386/472/698 435/537/698
f 421/515/699 445/541/699 469/565/699
f 422/520/700 458/557/700 411/510/700
f 470/570/701 434/533/701 459/562/701
f 388/465/702 390/469/702 389/466/702
f 392/468/703 393/481/703 390/469/703
f 391/470/704 393/576/704 392/471/704
f 391/473/705 395/477/705 396/474/705
f 394/476/706 396/474/706 395/477/706
f 394/479/707 389/466/707 390/469/707
f 400/482/708 402/486/708 401/483/708
f 404/485/709 405/497/709 402/486/709
f 403/487/710 405/577/710 404/488/710
f 403/490/711 407/494/711 408/491/711
f 406/493/712 408/491/712 407/494/712
f 401/496/713 402/578/713 408/491/713
f 412/499/714 414/503/714 413/500/714
f 412/499/715 416/575/715 417/502/715
f 415/504/716 417/508/716 416/505/716
f 419/507/717 420/579/717 417/508/717
f 418/509/718 420/579/718 419/507/718
f 418/511/719 413/500/719 414/503/719
f 424/513/720 426/580/720 425/514/720
f 428/516/721 429/522/721 426/517/721
f 427/519/722 429/522/722 428/516/722
f 427/519/723 431/524/723 432/521/723
f 430/523/724 432/521/724 431/524/724
f 425/526/725 426/517/725 432/521/725
f 436/527/726 438/531/726 437/528/726
f 440/530/727 441/535/727 438/531/727
f 439/532/728 441/535/728 440/530/728
f 443/534/729 444/538/729 441/535/729
f 442/536/730 444/538/730 443/534/730
f 437/528/731 438/531/731 444/538/731
f 448/539/732 450/543/732 449/540/732
f 448/539/733 452/545/733 453/542/733
f 451/544/734 453/542/734 452/545/734
f 455/547/735 456/550/735 453/542/735
f 454/548/736 456/550/736 455/547/736
f 449/540/737 450/543/737 456/550/737
f 460/551/738 462/555/738 461/552/738
f 464/554/739 465/559/739 462/555/739
f 463/556/740 465/559/740 464/554/740
f 463/556/741 467/561/741 468/558/741
f 466/560/742 468/558/742 467/561/742
f 466/560/743 461/552/743 462/555/743
f 472/563/744 474/567/744 473/564/744
f 472/563/745 476/569/745 477/566/745
f 475/568/746 477/566/746 476/569/746
f 479/571/747 480/574/747 477/566/747
f 478/572/748 480/574/748 479/571/748
f 478/572/749 473/564/749 474/567/749
f 385/467/660 389/466/660 412/499/660
f 389/466/661 394/479/661 416/575/661
f 394/476/662 387/478/662 410/506/662
f 397/484/750 401/483/750 391/470/750
f 401/496/664 406/493/664 395/477/664
f 406/493/751 399/495/751 387/478/751
f 421/515/666 425/514/666 403/487/666
f 425/526/667 430/523/667 407/494/667
f 430/523/668 423/525/668 399/495/668
f 411/510/752 419/507/752 427/519/752
f 419/507/670 415/504/670 431/524/670
f 415/504/753 410/506/753 423/525/753
f 409/501/754 413/500/754 460/551/754
f 413/500/673 418/511/673 464/554/673
f 464/554/674 418/509/674 411/510/674
f 469/565/755 473/564/755 424/513/755
f 473/564/676 478/572/676 428/516/676
f 428/516/677 478/572/677 471/573/677
f 459/562/756 467/561/756 475/568/756
f 467/561/679 463/556/679 479/571/679
f 463/556/757 458/557/757 471/573/757
f 457/553/681 461/552/681 436/527/681
f 461/552/682 466/560/682 440/530/682
f 466/560/683 459/562/683 434/533/683
f 445/541/684 449/540/684 472/563/684
f 449/540/685 454/548/685 476/569/685
f 454/548/686 447/549/686 470/570/686
f 435/537/758 443/534/758 451/544/758
f 443/534/688 439/532/688 455/547/688
f 439/532/759 434/533/759 447/549/759
f 433/529/760 437/528/760 388/465/760
f 437/528/691 442/536/691 392/468/691
f 392/471/761 442/536/761 435/537/761
f 398/489/762 404/488/762 448/539/762
f 404/485/694 400/482/694 452/545/694
f 452/545/763 400/482/763 397/484/763
f 457/553/696 433/529/696 385/467/696
f 399/495/697 423/525/697 410/506/697
f 446/546/698 397/484/698 386/472/698
f 421/515/699 398/489/699 445/541/699
f 422/520/700 471/573/700 458/557/700
f 470/570/701 447/549/701 434/533/701
o Lead_Screw.001
v -0.425000 -0.059430 0.024000
v -0.424600 -0.059030 0.024000
v -0.424946 -0.059230 0.024000
v -0.424800 -0.059083 0.024000
v 0.425000 -0.059430 0.024000
v 0.424600 -0.059030 0.024000
v 0.424946 -0.059230 0.024000
v 0.424800 -0.059083 0.024000
v -0.425000 -0.059448 0.023647
v -0.424600 -0.059049 0.023608
v -0.424946 -0.059248 0.023628
v -0.424800 -0.059102 0.023613
v 0.425000 -0.059448 0.023647
v 0.424600 -0.059049 0.023608
v 0.424946 -0.059248 0.023628
v 0.424800 -0.059102 0.023613
v -0.425000 -0.059499 0.023298
v -0.424600 -0.059107 0.023220
v -0.424946 -0.059303 0.023259
v -0.424800 -0.059159 0.023230
v 0.425000 -0.059499 0.023298
v 0.424600 -0.059107 0.023220
v 0.424946 -0.059303 0.023259
v 0.424800 -0.059159 0.023230
v -0.425000 -0.059585 0.022955
v -0.424600 -0.059202 0.022839
v -0.424946 -0.059394 0.022897
v -0.424800 -0.059253 0.022854
v 0.425000 -0.059585 0.022955
v 0.424600 -0.059202 0.022839
v 0.424946 -0.059394 0.022897
v 0.424800 -0.059253 0.022854
v -0.425000 -0.059704 0.022623
v -0.424600 -0.059334 0.022469
v -0.424946 -0.059519 0.022546
v -0.424800 -0.059384 0.022490
v 0.425000 -0.059704 0.022623
v 0.424600 -0.059334 0.022469
v 0.424946 -0.059519 0.022546
v 0.424800 -0.059384 0.022490
v -0.425000 -0.059855 0.022303
v -0.424600 -0.059502 0.022114
v -0.424946 -0.059679 0.022209
v -0.424800 -0.059549 0.022140
v 0.425000 -0.059855 0.022303
v 0.424600 -0.059502 0.022114
v 0.424946 -0.059679 0.022209
v 0.424800 -0.059549 0.022140
v -0.425000 -0.060037 0.022000
v -0.424600 -0.059704 0.021778
v -0.424946 -0.059870 0.021889
v -0.424800 -0.059748 0.021808
v 0.425000 -0.060037 0.022000
v 0.424600 -0.059704 0.021778
v 0.424946 -0.059870 0.021889
v 0.424800 -0.059748 0.021808
v -0.425000 -0.060247 0.021717
v -0.424600 -0.059938 0.021462
v -0.424946 -0.060092 0.021589
v -0.424800 -0.059979 0.021496
v 0.425000 -0.060247 0.021716
v 0.424600 -0.059938 0.021462
v 0.424946 -0.060092 0.021589
v 0.424800 -0.059979 0.021496
v -0.425000 -0.060484 0.021455
v -0.424600 -0.060201 0.021172
v -0.424946 -0.060343 0.021313
v -0.424800 -0.060239 0.021210
v 0.425000 -0.060484 0.021455
v 0.424600 -0.060201 0.021172
v 0.424946 -0.060343 0.021313
v 0.424800 -0.060239 0.021209
v -0.425000 -0.060746 0.021218
v -0.424600 -0.060492 0.020908
v -0.424946 -0.060619 0.021063
v -0.424800 -0.060526 0.020949
v 0.425000 -0.060746 0.021218
v 0.424600 -0.060492 0.020908
v 0.424946 -0.060619 0.021063
v 0.424800 -0.060526 0.020949
v -0.425000 -0.061030 0.021007
v -0.424600 -0.060807 0.020674
v -0.424946 -0.060919 0.020841
v -0.424800 -0.060837 0.020719
v 0.425000 -0.061030 0.021007
v 0.424600 -0.060807 0.020674
v 0.424946 -0.060919 0.020841
v 0.424800 -0.060837 0.020719
v -0.425000 -0.061333 0.020826
v -0.424600 -0.061144 0.020472
v -0.424946 -0.061238 0.020649
v -0.424800 -0.061169 0.020520
v 0.425000 -0.061333 0.020825
v 0.424600 -0.061144 0.020472
v 0.424946 -0.061238 0.020649
v 0.424800 -0.061169 0.020520
v -0.425000 -0.061652 0.020674
v -0.424600 -0.061499 0.020305
v -0.424946 -0.061576 0.020489
v -0.424800 -0.061519 0.020354
v 0.425000 -0.061652 0.020674
v 0.424600 -0.061499 0.020304
v 0.424946 -0.061576 0.020489
v 0.424800 -0.061519 0.020354
v -0.425000 -0.061985 0.020555
v -0.424600 -0.061869 0.020172
v -0.424946 -0.061927 0.020364
v -0.424800 -0.061884 0.020224
v 0.425000 -0.061985 0.020555
v 0.424600 -0.061869 0.020172
v 0.424946 -0.061927 0.020364
v 0.424800 -0.061884 0.020224
v -0.425000 -0.062327 0.020470
v -0.424600 -0.062249 0.020077
v -0.424946 -0.062288 0.020273
v -0.424800 -0.062260 0.020130
v 0.425000 -0.062327 0.020470
v 0.424600 -0.062249 0.020077
v 0.424946 -0.062288 0.020273
v 0.424800 -0.062260 0.020129
v -0.425000 -0.062677 0.020418
v -0.424600 -0.062638 0.020019
v -0.424946 -0.062657 0.020219
v -0.424800 -0.062643 0.020073
v 0.425000 -0.062677 0.020418
v 0.424600 -0.062638 0.020019
v 0.424946 -0.062657 0.020219
v 0.424800 -0.062643 0.020073
v -0.425000 -0.063030 0.020401
v -0.424600 -0.063030 0.020000
v -0.424946 -0.063030 0.020200
v -0.424800 -0.063030 0.020054
v 0.425000 -0.063030 0.020400
v 0.424600 -0.063030 0.020000
v 0.424946 -0.063030 0.020200
v 0.424800 -0.063030 0.020054
v -0.425000 -0.063382 0.020418
v -0.424600 -0.063422 0.020019
v -0.424946 -0.063402 0.020219
v -0.424800 -0.063416 0.020073
v 0.425000 -0.063382 0.020418
v 0.424600 -0.063422 0.020019
v 0.424946 -0.063402 0.020219
v 0.424800 -0.063416 0.020073
v -0.425000 -0.063732 0.020470
v -0.424600 -0.063810 0.020077
v -0.424946 -0.063771 0.020273
v -0.424800 -0.063800 0.020130
v 0.425000 -0.063732 0.020470
v 0.424600 -0.063810 0.020077
v 0.424946 -0.063771 0.020273
v 0.424800 -0.063800 0.020129
v -0.425000 -0.064075 0.020555
v -0.424600 -0.064191 0.020172
v -0.424946 -0.064133 0.020364
v -0.424800 -0.064175 0.020224
v 0.425000 -0.064075 0.020555
v 0.424600 -0.064191 0.020172
v 0.424946 -0.064133 0.020364
v 0.424800 -0.064175 0.020224
v -0.425000 -0.064407 0.020674
v -0.424600 -0.064560 0.020305
v -0.424946 -0.064484 0.020489
v -0.424800 -0.064540 0.020354
v 0.425000 -0.064407 0.020674
v 0.424600 -0.064560 0.020304
v 0.424946 -0.064484 0.020489
v 0.424800 -0.064540 0.020354
v -0.425000 -0.064726 0.020826
v -0.424600 -0.064915 0.020472
v -0.424946 -0.064821 0.020649
v -0.424800 -0.064890 0.020520
v 0.425000 -0.064726 0.020825
v 0.424600 -0.064915 0.020472
v 0.424946 -0.064821 0.020649
v 0.424800 -0.064890 0.020520
v -0.425000 -0.065029 0.021007
v -0.424600 -0.065252 0.020674
v -0.424946 -0.065141 0.020841
v -0.424800 -0.065222 0.020719
v 0.425000 -0.065029 0.021007
v 0.424600 -0.065252 0.020674
v 0.424946 -0.065141 0.020841
v 0.424800 -0.065222 0.020719
v -0.425000 -0.065313 0.021218
v -0.424600 -0.065567 0.020908
v -0.424946 -0.065440 0.021063
v -0.424800 -0.065533 0.020949
v 0.425000 -0.065313 0.021218
v 0.424600 -0.065567 0.020908
v 0.424946 -0.065440 0.021063
v 0.424800 -0.065533 0.020949
v -0.425000 -0.065575 0.021455
v -0.424600 -0.065858 0.021172
v -0.424946 -0.065717 0.021313
v -0.424800 -0.065820 0.021210
v 0.425000 -0.065575 0.021455
v 0.424600 -0.065858 0.021172
v 0.424946 -0.065717 0.021313
v 0.424800 -0.065820 0.021209
v -0.425000 -0.065812 0.021717
v -0.424600 -0.066122 0.021462
v -0.424946 -0.065967 0.021589
v -0.424800 -0.066080 0.021496
v 0.425000 -0.065812 0.021716
v 0.424600 -0.066122 0.021462
v 0.424946 -0.065967 0.021589
v 0.424800 -0.066080 0.021496
v -0.425000 -0.066023 0.022000
v -0.424600 -0.066356 0.021778
v -0.424946 -0.066189 0.021889
v -0.424800 -0.066311 0.021808
v 0.425000 -0.066023 0.022000
v 0.424600 -0.066356 0.021778
v 0.424946 -0.066189 0.021889
v 0.424800 -0.066311 0.021808
v -0.425000 -0.066204 0.022303
v -0.424600 -0.066557 0.022114
v -0.424946 -0.066381 0.022209
v -0.424800 -0.066510 0.022140
v 0.425000 -0.066204 0.022303
v 0.424600 -0.066557 0.022114
v 0.424946 -0.066381 0.022209
v 0.424800 -0.066510 0.022140
v -0.425000 -0.066355 0.022623
v -0.424600 -0.066725 0.022469
v -0.424946 -0.066540 0.022546
v -0.424800 -0.066676 0.022490
v 0.425000 -0.066355 0.022623
v 0.424600 -0.066725 0.022469
v 0.424946 -0.066540 0.022546
v 0.424800 -0.066676 0.022490
v -0.425000 -0.066474 0.022955
v -0.424600 -0.066857 0.022839
v -0.424946 -0.066666 0.022897
v -0.424800 -0.066806 0.022854
v 0.425000 -0.066474 0.022955
v 0.424600 -0.066857 0.022839
v 0.424946 -0.066666 0.022897
v 0.424800 -0.066806 0.022854
v -0.425000 -0.066560 0.023298
v -0.424600 -0.066953 0.023220
v -0.424946 -0.066756 0.023259
v -0.424800 -0.066900 0.023230
v 0.425000 -0.066560 0.023298
v 0.424600 -0.066953 0.023220
v 0.424946 -0.066756 0.023259
v 0.424800 -0.066900 0.023230
v -0.425000 -0.066612 0.023647
v -0.424600 -0.067010 0.023608
v -0.424946 -0.066811 0.023628
v -0.424800 -0.066957 0.023613
v 0.425000 -0.066612 0.023647
v 0.424600 -0.067010 0.023608
v 0.424946 -0.066811 0.023628
v 0.424800 -0.066957 0.023613
v -0.425000 -0.066629 0.024000
v -0.424600 -0.067030 0.024000
v -0.424946 -0.066829 0.024000
v -0.424800 -0.066976 0.024000
v 0.425000 -0.066629 0.024000
v 0.424600 -0.067030 0.024000
v 0.424946 -0.066829 0.024000
v 0.424800 -0.066976 0.024000
v -0.425000 -0.066612 0.024353
v -0.424600 -0.067010 0.024392
v -0.424946 -0.066811 0.024372
v -0.424800 -0.066957 0.024387
v 0.425000 -0.066612 0.024353
v 0.424600 -0.067010 0.024392
v 0.424946 -0.066811 0.024372
v 0.424800 -0.066957 0.024387
v -0.425000 -0.066560 0.024702
v -0.424600 -0.066953 0.024780
v -0.424946 -0.066756 0.024741
v -0.424800 -0.066900 0.024770
v 0.425000 -0.066560 0.024702
v 0.424600 -0.066953 0.024780
v 0.424946 -0.066756 0.024741
v 0.424800 -0.066900 0.024770
v -0.425000 -0.066474 0.025045
v -0.424600 -0.066857 0.025161
v -0.424946 -0.066666 0.025103
v -0.424800 -0.066806 0.025146
v 0.425000 -0.066474 0.025045
v 0.424600 -0.066857 0.025161
v 0.424946 -0.066666 0.025103
v 0.424800 -0.066806 0.025146
v -0.425000 -0.066355 0.025377
v -0.424600 -0.066725 0.025531
v -0.424946 -0.066540 0.025454
v -0.424800 -0.066676 0.025510
v 0.425000 -0.066355 0.025377
v 0.424600 -0.066725 0.025531
v 0.424946 -0.066540 0.025454
v 0.424800 -0.066676 0.025510
v -0.425000 -0.066204 0.025697
v -0.424600 -0.066557 0.025886
v -0.424946 -0.066381 0.025791
v -0.424800 -0.066510 0.025860
v 0.425000 -0.066204 0.025697
v 0.424600 -0.066557 0.025886
v 0.424946 -0.066381 0.025791
v 0.424800 -0.066510 0.025860
v -0.425000 -0.066023 0.026000
v -0.424600 -0.066356 0.026222
v -0.424946 -0.066189 0.026111
v -0.424800 -0.066311 0.026192
v 0.425000 -0.066023 0.026000
v 0.424600 -0.066356 0.026222
v 0.424946 -0.066189 0.026111
v 0.424800 -0.066311 0.026192
v -0.425000 -0.065812 0.026284
v -0.424600 -0.066122 0.026538
v -0.424946 -0.065967 0.026411
v -0.424800 -0.066080 0.026504
v 0.425000 -0.065812 0.026283
v 0.424600 -0.066122 0.026538
v 0.424946 -0.065967 0.026411
v 0.424800 -0.066080 0.026504
v -0.425000 -0.065575 0.026545
v -0.424600 -0.065858 0.026828
v -0.424946 -0.065717 0.026687
v -0.424800 -0.065820 0.026791
v 0.425000 -0.065575 0.026545
v 0.424600 -0.065858 0.026828
v 0.424946 -0.065717 0.026687
v 0.424800 -0.065820 0.026790
v -0.425000 -0.065313 0.026782
v -0.424600 -0.065567 0.027092
v -0.424946 -0.065440 0.026937
v -0.424800 -0.065533 0.027051
v 0.425000 -0.065313 0.026782
v 0.424600 -0.065567 0.027092
v 0.424946 -0.065440 0.026937
v 0.424800 -0.065533 0.027051
v -0.425000 -0.065029 0.026993
v -0.424600 -0.065252 0.027326
v -0.424946 -0.065141 0.027159
v -0.424800 -0.065222 0.027281
v 0.425000 -0.065029 0.026993
v 0.424600 -0.065252 0.027326
v 0.424946 -0.065141 0.027159
v 0.424800 -0.065222 0.027281
v -0.425000 -0.064726 0.027175
v -0.424600 -0.064915 0.027528
v -0.424946 -0.064821 0.027351
v -0.424800 -0.064890 0.027480
v 0.425000 -0.064726 0.027174
v 0.424600 -0.064915 0.027528
v 0.424946 -0.064821 0.027351
v 0.424800 -0.064890 0.027480
v -0.425000 -0.064407 0.027326
v -0.424600 -0.064560 0.027696
v -0.424946 -0.064484 0.027511
v -0.424800 -0.064540 0.027646
v 0.425000 -0.064407 0.027326
v 0.424600 -0.064560 0.027695
v 0.424946 -0.064484 0.027511
v 0.424800 -0.064540 0.027646
v -0.425000 -0.064075 0.027445
v -0.424600 -0.064191 0.027828
v -0.424946 -0.064133 0.027636
v -0.424800 -0.064175 0.027776
v 0.425000 -0.064075 0.027445
v 0.424600 -0.064191 0.027828
v 0.424946 -0.064133 0.027636
v 0.424800 -0.064175 0.027776
v -0.425000 -0.063732 0.027530
v -0.424600 -0.063810 0.027923
v -0.424946 -0.063771 0.027727
v -0.424800 -0.063800 0.027871
v 0.425000 -0.063732 0.027530
v 0.424600 -0.063810 0.027923
v 0.424946 -0.063771 0.027727
v 0.424800 -0.063800 0.027870
v -0.425000 -0.063382 0.027582
v -0.424600 -0.063422 0.027981
v -0.424946 -0.063402 0.027781
v -0.424800 -0.063416 0.027927
v 0.425000 -0.063382 0.027582
v 0.424600 -0.063422 0.027981
v 0.424946 -0.063402 0.027781
v 0.424800 -0.063416 0.027927
v -0.425000 -0.063030 0.027600
v -0.424600 -0.063030 0.028000
v -0.424946 -0.063030 0.027800
v -0.424800 -0.063030 0.027946
v 0.425000 -0.063030 0.027599
v 0.424600 -0.063030 0.028000
v 0.424946 -0.063030 0.027800
v 0.424800 -0.063030 0.027946
v -0.425000 -0.062677 0.027582
v -0.424600 -0.062638 0.027981
v -0.424946 -0.062657 0.027781
v -0.424800 -0.062643 0.027927
v 0.425000 -0.062677 0.027582
v 0.424600 -0.062638 0.027981
v 0.424946 -0.062657 0.027781
v 0.424800 -0.062643 0.027927
v -0.425000 -0.062327 0.027530
v -0.424600 -0.062249 0.027923
v -0.424946 -0.062288 0.027727
v -0.424800 -0.062260 0.027871
v 0.425000 -0.062327 0.027530
v 0.424600 -0.062249 0.027923
v 0.424946 -0.062288 0.027727
v 0.424800 -0.062260 0.027870
v -0.425000 -0.061985 0.027445
v -0.424600 -0.061869 0.027828
v -0.424946 -0.061927 0.027636
v -0.424800 -0.061884 0.027776
v 0.425000 -0.061985 0.027445
v 0.424600 -0.061869 0.027828
v 0.424946 -0.061927 0.027636
v 0.424800 -0.061884 0.027776
v -0.425000 -0.061652 0.027326
v -0.424600 -0.061499 0.027696
v -0.424946 -0.061576 0.027511
v -0.424800 -0.061519 0.027646
v 0.425000 -0.061652 0.027326
v 0.424600 -0.061499 0.027695
v 0.424946 -0.061576 0.027511
v 0.424800 -0.061519 0.027646
v -0.425000 -0.061333 0.027175
v -0.424600 -0.061144 0.027528
v -0.424946 -0.061238 0.027351
v -0.424800 -0.061169 0.027480
v 0.425000 -0.061333 0.027174
v 0.424600 -0.061144 0.027528
v 0.424946 -0.061238 0.027351
v 0.424800 -0.061169 0.027480
v -0.425000 -0.061030 0.026993
v -0.424600 -0.060807 0.027326
v -0.424946 -0.060919 0.027159
v -0.424800 -0.060837 0.027281
v 0.425000 -0.061030 0.026993
v 0.424600 -0.060807 0.027326
v 0.424946 -0.060919 0.027159
v 0.424800 -0.060837 0.027281
v -0.425000 -0.060746 0.026782
v -0.424600 -0.060492 0.027092
v -0.424946 -0.060619 0.026937
v -0.424800 -0.060526 0.027051
v 0.425000 -0.060746 0.026782
v 0.424600 -0.060492 0.027092
v 0.424946 -0.060619 0.026937
v 0.424800 -0.060526 0.027051
v -0.425000 -0.060484 0.026545
v -0.424600 -0.060201 0.026828
v -0.424946 -0.060343 0.026687
v -0.424800 -0.060239 0.026791
v 0.425000 -0.060484 0.026545
v 0.424600 -0.060201 0.026828
v 0.424946 -0.060343 0.026687
v 0.424800 -0.060239 0.026790
v -0.425000 -0.060247 0.026284
v -0.424600 -0.059938 0.026538
v -0.424946 -0.060092 0.026411
v -0.424800 -0.059979 0.026504
v 0.425000 -0.060247 0.026283
v 0.424600 -0.059938 0.026538
v 0.424946 -0.060092 0.026411
v 0.424800 -0.059979 0.026504
v -0.425000 -0.060037 0.026000
v -0.424600 -0.059704 0.026222
v -0.424946 -0.059870 0.026111
v -0.424800 -0.059748 0.026192
v 0.425000 -0.060037 0.026000
v 0.424600 -0.059704 0.026222
v 0.424946 -0.059870 0.026111
v 0.424800 -0.059748 0.026192
v -0.425000 -0.059855 0.025697
v -0.424600 -0.059502 0.025886
v -0.424946 -0.059679 0.025791
v -0.424800 -0.059549 0.025860
v 0.425000 -0.059855 0.025697
v 0.424600 -0.059502 0.025886
v 0.424946 -0.059679 0.025791
v 0.424800 -0.059549 0.025860
v -0.425000 -0.059704 0.025377
v -0.424600 -0.059334 0.025531
v -0.424946 -0.059519 0.025454
v -0.424800 -0.059384 0.025510
v 0.425000 -0.059704 0.025377
v 0.424600 -0.059334 0.025531
v 0.424946 -0.059519 0.025454
v 0.424800 -0.059384 0.025510
v -0.425000 -0.059585 0.025045
v -0.424600 -0.059202 0.025161
v -0.424946 -0.059394 0.025103
v -0.424800 -0.059253 0.025146
v 0.425000 -0.059585 0.025045
v 0.424600 -0.059202 0.025161
v 0.424946 -0.059394 0.025103
v 0.424800 -0.059253 0.025146
v -0.425000 -0.059499 0.024702
v -0.424600 -0.059107 0.024780
v -0.424946 -0.059303 0.024741
v -0.424800 -0.059159 0.024770
v 0.425000 -0.059499 0.024702
v 0.424600 -0.059107 0.024780
v 0.424946 -0.059303 0.024741
v 0.424800 -0.059159 0.024770
v -0.425000 -0.059448 0.024353
v -0.424600 -0.059049 0.024392
v -0.424946 -0.059248 0.024372
v -0.424800 -0.059102 0.024387
v 0.425000 -0.059448 0.024353
v 0.424600 -0.059049 0.024392
v 0.424946 -0.059248 0.024372
v 0.424800 -0.059102 0.024387
vn -0.1301 0.9915 -0.0000
vn -0.4969 0.8636 -0.0851
vn -0.4970 0.8678 -0.0000
vn -0.7076 0.7032 -0.0693
vn -0.7076 0.7066 -0.0000
vn -0.9659 0.2586 -0.0127
vn 0.1301 0.9867 -0.0972
vn 0.4970 0.8678 -0.0000
vn 0.4969 0.8636 -0.0851
vn 0.7076 0.7032 -0.0693
vn 0.9659 0.2586 -0.0127
vn -0.1302 0.9724 -0.1934
vn -0.1301 0.9867 -0.0972
vn -0.7075 0.6931 -0.1379
vn -0.9660 0.2559 -0.0380
vn 0.1302 0.9724 -0.1934
vn 0.4969 0.8511 -0.1693
vn 0.7075 0.6931 -0.1379
vn 0.9659 0.2560 -0.0380
vn -0.4969 0.8305 -0.2519
vn -0.4969 0.8511 -0.1693
vn -0.7075 0.6763 -0.2051
vn -0.9659 0.2513 -0.0629
vn 0.4969 0.8305 -0.2519
vn 0.1301 0.9488 -0.2878
vn 0.7075 0.6763 -0.2051
vn 0.9659 0.2511 -0.0629
vn -0.1301 0.9160 -0.3794
vn -0.1301 0.9488 -0.2878
vn -0.4969 0.8017 -0.3321
vn -0.9660 0.2435 -0.0872
vn 0.1301 0.9160 -0.3794
vn 0.4969 0.8018 -0.3321
vn 0.7075 0.6529 -0.2705
vn 0.9659 0.2437 -0.0872
vn -0.4969 0.7653 -0.4091
vn -0.7076 0.6528 -0.2705
vn -0.9660 0.2336 -0.1107
vn 0.4969 0.7653 -0.4091
vn 0.1301 0.8744 -0.4674
vn 0.7075 0.6232 -0.3331
vn 0.9659 0.2340 -0.1107
vn -0.1301 0.8244 -0.5508
vn -0.1301 0.8744 -0.4674
vn -0.4969 0.7216 -0.4821
vn -0.7075 0.6232 -0.3331
vn -0.9659 0.2220 -0.1330
vn 0.1301 0.8244 -0.5508
vn 0.4969 0.7216 -0.4821
vn 0.7075 0.5876 -0.3926
vn 0.9659 0.2221 -0.1330
vn -0.1301 0.7664 -0.6290
vn -0.4969 0.6708 -0.5506
vn -0.7075 0.5876 -0.3926
vn -0.9659 0.2078 -0.1542
vn 0.1301 0.7664 -0.6290
vn 0.4969 0.6708 -0.5506
vn 0.7075 0.5462 -0.4483
vn 0.9660 0.2077 -0.1542
vn -0.1302 0.7011 -0.7011
vn -0.7075 0.4998 -0.4997
vn -0.7075 0.5462 -0.4483
vn -0.9659 0.1918 -0.1738
vn 0.1301 0.7011 -0.7011
vn 0.4969 0.6137 -0.6136
vn 0.7075 0.4998 -0.4997
vn 0.9659 0.1918 -0.1738
vn -0.4969 0.5505 -0.6708
vn -0.4969 0.6137 -0.6136
vn -0.9659 0.1739 -0.1918
vn 0.1301 0.6290 -0.7664
vn 0.4969 0.5505 -0.6708
vn 0.7075 0.4483 -0.5463
vn 0.9659 0.1738 -0.1918
vn -0.1302 0.5508 -0.8244
vn -0.1301 0.6290 -0.7664
vn -0.7075 0.3927 -0.5876
vn -0.7075 0.4483 -0.5463
vn -0.9659 0.1542 -0.2079
vn 0.1302 0.5508 -0.8244
vn 0.4969 0.4821 -0.7216
vn 0.7075 0.3926 -0.5876
vn 0.9659 0.1542 -0.2079
vn -0.1301 0.4674 -0.8744
vn -0.4969 0.4822 -0.7215
vn -0.4969 0.4091 -0.7653
vn -0.9659 0.1331 -0.2220
vn 0.1302 0.4674 -0.8744
vn 0.4969 0.4091 -0.7653
vn 0.7075 0.3331 -0.6233
vn 0.9659 0.1331 -0.2220
vn -0.1301 0.3794 -0.9160
vn -0.7075 0.2704 -0.6529
vn -0.7075 0.3330 -0.6233
vn -0.9659 0.1106 -0.2339
vn 0.4969 0.3321 -0.8017
vn 0.1301 0.3794 -0.9160
vn 0.7075 0.2704 -0.6529
vn 0.9659 0.1106 -0.2340
vn -0.4969 0.2519 -0.8304
vn -0.4969 0.3321 -0.8018
vn -0.7075 0.2051 -0.6763
vn -0.9659 0.0873 -0.2437
vn 0.1302 0.2878 -0.9488
vn 0.4969 0.2519 -0.8304
vn 0.7075 0.2051 -0.6763
vn 0.9659 0.0870 -0.2437
vn -0.1302 0.2878 -0.9488
vn -0.4969 0.1693 -0.8511
vn -0.7075 0.1379 -0.6931
vn -0.9659 0.0629 -0.2510
vn 0.1301 0.1934 -0.9724
vn 0.4969 0.1693 -0.8511
vn 0.7075 0.1379 -0.6931
vn 0.9659 0.0630 -0.2510
vn -0.1301 0.0972 -0.9867
vn -0.1302 0.1934 -0.9724
vn -0.4969 0.0851 -0.8636
vn -0.9659 0.0380 -0.2560
vn 0.4969 0.0851 -0.8636
vn 0.1302 0.0972 -0.9867
vn 0.7075 0.0693 -0.7033
vn 0.9659 0.0379 -0.2560
vn -0.4969 -0.0000 -0.8678
vn -0.7075 0.0693 -0.7033
vn -0.9659 0.0127 -0.2585
vn 0.4969 -0.0000 -0.8678
vn 0.1302 -0.0000 -0.9915
vn 0.7075 -0.0000 -0.7067
vn 0.9659 0.0126 -0.2585
vn -0.1302 -0.0972 -0.9867
vn -0.1302 -0.0000 -0.9915
vn -0.4969 -0.0851 -0.8636
vn -0.7075 -0.0000 -0.7067
vn -0.9659 -0.0126 -0.2585
vn 0.4969 -0.0851 -0.8636
vn 0.1302 -0.0972 -0.9867
vn 0.7075 -0.0693 -0.7033
vn 0.9659 -0.0126 -0.2585
vn -0.1301 -0.1934 -0.9724
vn -0.7075 -0.1379 -0.6931
vn -0.7075 -0.0693 -0.7033
vn -0.9659 -0.0380 -0.2560
vn 0.4969 -0.1693 -0.8511
vn 0.1301 -0.1934 -0.9724
vn 0.7075 -0.1379 -0.6931
vn 0.9659 -0.0379 -0.2560
vn -0.4969 -0.2519 -0.8304
vn -0.4969 -0.1693 -0.8511
vn -0.9659 -0.0630 -0.2510
vn 0.4969 -0.2519 -0.8304
vn 0.1302 -0.2878 -0.9488
vn 0.7075 -0.2051 -0.6763
vn 0.9659 -0.0629 -0.2510
vn -0.1301 -0.3794 -0.9160
vn -0.1302 -0.2878 -0.9488
vn -0.7075 -0.2704 -0.6529
vn -0.7075 -0.2051 -0.6763
vn -0.9659 -0.0870 -0.2437
vn 0.1301 -0.3794 -0.9160
vn 0.4969 -0.3321 -0.8017
vn 0.7075 -0.2704 -0.6529
vn 0.9659 -0.0873 -0.2437
vn -0.1301 -0.4674 -0.8744
vn -0.4969 -0.3321 -0.8017
vn -0.7075 -0.3331 -0.6233
vn -0.9659 -0.1106 -0.2340
vn 0.1301 -0.4674 -0.8744
vn 0.4969 -0.4090 -0.7653
vn 0.7075 -0.3331 -0.6233
vn 0.9659 -0.1106 -0.2339
vn -0.1302 -0.5508 -0.8244
vn -0.4969 -0.4090 -0.7653
vn -0.7076 -0.3925 -0.5876
vn -0.9659 -0.1331 -0.2220
vn 0.1302 -0.5508 -0.8244
vn 0.4969 -0.4821 -0.7216
vn 0.7076 -0.3925 -0.5876
vn 0.9659 -0.1331 -0.2220
vn -0.1301 -0.6290 -0.7664
vn -0.4969 -0.4821 -0.7216
vn -0.7075 -0.4484 -0.5463
vn -0.9659 -0.1542 -0.2079
vn 0.4969 -0.5506 -0.6708
vn 0.1301 -0.6290 -0.7664
vn 0.7075 -0.4484 -0.5463
vn 0.9659 -0.1542 -0.2079
vn -0.1301 -0.7011 -0.7011
vn -0.4969 -0.5506 -0.6708
vn -0.4969 -0.6136 -0.6136
vn -0.9659 -0.1738 -0.1918
vn 0.1301 -0.7011 -0.7011
vn 0.4969 -0.6137 -0.6136
vn 0.7075 -0.4998 -0.4997
vn 0.9660 -0.1737 -0.1918
vn -0.4969 -0.6708 -0.5505
vn -0.7075 -0.4998 -0.4997
vn -0.9659 -0.1918 -0.1738
vn 0.1302 -0.7664 -0.6290
vn 0.4969 -0.6708 -0.5505
vn 0.7075 -0.5463 -0.4483
vn 0.9660 -0.1916 -0.1738
vn -0.1302 -0.8244 -0.5509
vn -0.1301 -0.7665 -0.6290
vn -0.4969 -0.7216 -0.4821
vn -0.7075 -0.5463 -0.4483
vn -0.9659 -0.2078 -0.1542
vn 0.1302 -0.8244 -0.5509
vn 0.4969 -0.7215 -0.4821
vn 0.7075 -0.5876 -0.3926
vn 0.9660 -0.2077 -0.1542
vn -0.4969 -0.7653 -0.4091
vn -0.7075 -0.5876 -0.3926
vn -0.9659 -0.2220 -0.1331
vn 0.4969 -0.7653 -0.4091
vn 0.1301 -0.8744 -0.4674
vn 0.7075 -0.6232 -0.3332
vn 0.9659 -0.2220 -0.1330
vn -0.1301 -0.8744 -0.4674
vn -0.4969 -0.8017 -0.3321
vn -0.7076 -0.6528 -0.2705
vn -0.7076 -0.6231 -0.3332
vn -0.9659 -0.2340 -0.1106
vn 0.4969 -0.8018 -0.3321
vn 0.1301 -0.9160 -0.3794
vn 0.7075 -0.6529 -0.2704
vn 0.9660 -0.2337 -0.1107
vn -0.1301 -0.9160 -0.3794
vn -0.4969 -0.8304 -0.2519
vn -0.7076 -0.6762 -0.2052
vn -0.9659 -0.2437 -0.0872
vn 0.4969 -0.8304 -0.2519
vn 0.1301 -0.9488 -0.2878
vn 0.7075 -0.6763 -0.2052
vn 0.9660 -0.2435 -0.0872
vn -0.1301 -0.9488 -0.2878
vn -0.4969 -0.8511 -0.1693
vn -0.7076 -0.6930 -0.1379
vn -0.9659 -0.2511 -0.0629
vn 0.4969 -0.8511 -0.1693
vn 0.1301 -0.9724 -0.1934
vn 0.7076 -0.6930 -0.1379
vn 0.9658 -0.2515 -0.0629
vn -0.1301 -0.9724 -0.1934
vn -0.4969 -0.8637 -0.0851
vn -0.7075 -0.7033 -0.0693
vn -0.9660 -0.2559 -0.0380
vn 0.4969 -0.8637 -0.0851
vn 0.1301 -0.9867 -0.0972
vn 0.7075 -0.7033 -0.0693
vn 0.9660 -0.2559 -0.0380
vn -0.1301 -0.9915 -0.0000
vn -0.1301 -0.9867 -0.0972
vn -0.4970 -0.8678 -0.0000
vn -0.9659 -0.2585 -0.0127
vn 0.1301 -0.9915 -0.0000
vn 0.4970 -0.8678 -0.0000
vn 0.7077 -0.7066 -0.0000
vn 0.9659 -0.2586 -0.0127
vn -0.4969 -0.8637 0.0851
vn -0.7075 -0.7033 0.0693
vn -0.7077 -0.7066 -0.0000
vn -0.9659 -0.2586 0.0127
vn 0.4969 -0.8637 0.0851
vn 0.1301 -0.9867 0.0972
vn 0.7075 -0.7033 0.0693
vn 0.9659 -0.2585 0.0127
vn -0.1301 -0.9724 0.1934
vn -0.1301 -0.9867 0.0972
vn -0.4969 -0.8511 0.1693
vn -0.9659 -0.2561 0.0380
vn 0.1301 -0.9724 0.1934
vn 0.4969 -0.8511 0.1693
vn 0.7076 -0.6930 0.1379
vn 0.9660 -0.2559 0.0380
vn -0.1301 -0.9488 0.2878
vn -0.7075 -0.6763 0.2051
vn -0.7076 -0.6930 0.1379
vn -0.9659 -0.2513 0.0629
vn 0.1302 -0.9488 0.2878
vn 0.4969 -0.8304 0.2519
vn 0.7075 -0.6763 0.2052
vn 0.9659 -0.2511 0.0629
vn -0.1301 -0.9160 0.3794
vn -0.4969 -0.8305 0.2519
vn -0.4969 -0.8017 0.3321
vn -0.9660 -0.2435 0.0872
vn 0.4969 -0.8018 0.3320
vn 0.1301 -0.9160 0.3794
vn 0.7075 -0.6530 0.2704
vn 0.9659 -0.2437 0.0872
vn -0.1301 -0.8744 0.4674
vn -0.4969 -0.7653 0.4091
vn -0.7076 -0.6528 0.2705
vn -0.9660 -0.2337 0.1107
vn 0.1301 -0.8744 0.4674
vn 0.4969 -0.7653 0.4091
vn 0.7076 -0.6231 0.3332
vn 0.9659 -0.2340 0.1106
vn -0.1301 -0.8244 0.5508
vn -0.4969 -0.7216 0.4821
vn -0.7075 -0.6232 0.3332
vn -0.9659 -0.2221 0.1330
vn 0.4969 -0.7216 0.4821
vn 0.1301 -0.8244 0.5508
vn 0.7075 -0.5876 0.3926
vn 0.9659 -0.2220 0.1331
vn -0.1302 -0.7664 0.6290
vn -0.7075 -0.5463 0.4483
vn -0.7075 -0.5876 0.3926
vn -0.9660 -0.2077 0.1542
vn 0.1302 -0.7664 0.6290
vn 0.4969 -0.6708 0.5505
vn 0.7075 -0.5464 0.4483
vn 0.9659 -0.2078 0.1542
vn -0.4969 -0.6137 0.6136
vn -0.4969 -0.6708 0.5506
vn -0.7075 -0.4998 0.4997
vn -0.9660 -0.1916 0.1738
vn 0.4969 -0.6136 0.6136
vn 0.1301 -0.7011 0.7011
vn 0.7075 -0.4997 0.4997
vn 0.9659 -0.1918 0.1738
vn -0.1301 -0.7011 0.7011
vn -0.4969 -0.5506 0.6708
vn -0.7075 -0.4484 0.5463
vn -0.9660 -0.1737 0.1918
vn 0.4969 -0.5506 0.6708
vn 0.1301 -0.6290 0.7664
vn 0.7075 -0.4484 0.5463
vn 0.9659 -0.1738 0.1918
vn -0.1302 -0.5508 0.8244
vn -0.1301 -0.6290 0.7664
vn -0.4969 -0.4821 0.7216
vn -0.9659 -0.1542 0.2079
vn 0.4969 -0.4821 0.7216
vn 0.1302 -0.5508 0.8244
vn 0.7076 -0.3925 0.5876
vn 0.9659 -0.1542 0.2079
vn -0.4969 -0.4091 0.7654
vn -0.7076 -0.3925 0.5876
vn -0.9659 -0.1331 0.2220
vn 0.4969 -0.4091 0.7654
vn 0.1301 -0.4674 0.8744
vn 0.7075 -0.3331 0.6233
vn 0.9659 -0.1331 0.2220
vn -0.1301 -0.4674 0.8744
vn -0.4969 -0.3321 0.8017
vn -0.7075 -0.3331 0.6233
vn -0.9659 -0.1106 0.2339
vn 0.4969 -0.3321 0.8017
vn 0.1302 -0.3794 0.9160
vn 0.7075 -0.2704 0.6529
vn 0.9659 -0.1106 0.2339
vn -0.1302 -0.3794 0.9160
vn -0.4969 -0.2519 0.8304
vn -0.7075 -0.2704 0.6529
vn -0.9659 -0.0873 0.2437
vn 0.4969 -0.2519 0.8304
vn 0.1302 -0.2878 0.9488
vn 0.7075 -0.2051 0.6763
vn 0.9659 -0.0870 0.2437
vn -0.1301 -0.1934 0.9724
vn -0.1301 -0.2878 0.9488
vn -0.4969 -0.1693 0.8511
vn -0.7075 -0.2051 0.6763
vn -0.9659 -0.0629 0.2510
vn 0.1302 -0.1934 0.9724
vn 0.4969 -0.1693 0.8511
vn 0.7075 -0.1378 0.6931
vn 0.9659 -0.0630 0.2510
vn -0.4969 -0.0851 0.8636
vn -0.7075 -0.0692 0.7033
vn -0.7075 -0.1378 0.6931
vn -0.9659 -0.0380 0.2560
vn 0.1302 -0.0972 0.9867
vn 0.4969 -0.0851 0.8636
vn 0.7075 -0.0692 0.7033
vn 0.9659 -0.0379 0.2560
vn -0.1302 -0.0000 0.9915
vn -0.1302 -0.0972 0.9867
vn -0.7075 -0.0000 0.7067
vn -0.9659 -0.0127 0.2585
vn 0.1302 -0.0000 0.9915
vn 0.4969 -0.0000 0.8678
vn 0.7075 -0.0000 0.7067
vn 0.9659 -0.0126 0.2585
vn -0.1301 0.0972 0.9867
vn -0.4969 -0.0000 0.8678
vn -0.7075 0.0693 0.7033
vn -0.9659 0.0126 0.2585
vn 0.1301 0.0972 0.9867
vn 0.4969 0.0851 0.8636
vn 0.7075 0.0693 0.7033
vn 0.9659 0.0127 0.2585
vn -0.4969 0.1693 0.8511
vn -0.4969 0.0851 0.8636
vn -0.7075 0.1379 0.6931
vn -0.9659 0.0379 0.2560
vn 0.1301 0.1934 0.9724
vn 0.4969 0.1693 0.8511
vn 0.7075 0.1379 0.6931
vn 0.9659 0.0380 0.2560
vn -0.1302 0.2878 0.9488
vn -0.1301 0.1934 0.9724
vn -0.4969 0.2519 0.8304
vn -0.9659 0.0630 0.2510
vn 0.1302 0.2878 0.9488
vn 0.4969 0.2519 0.8304
vn 0.7075 0.2051 0.6763
vn 0.9659 0.0629 0.2510
vn -0.4969 0.3321 0.8017
vn -0.7075 0.2051 0.6763
vn -0.9659 0.0870 0.2437
vn 0.1301 0.3794 0.9160
vn 0.4969 0.3320 0.8018
vn 0.7075 0.2704 0.6529
vn 0.9659 0.0873 0.2437
vn -0.1302 0.4674 0.8744
vn -0.1301 0.3794 0.9160
vn -0.4969 0.4090 0.7654
vn -0.7075 0.2704 0.6529
vn -0.9659 0.1106 0.2340
vn 0.4969 0.4091 0.7653
vn 0.1301 0.4674 0.8744
vn 0.7075 0.3331 0.6233
vn 0.9659 0.1106 0.2339
vn -0.4969 0.4822 0.7215
vn -0.7075 0.3927 0.5876
vn -0.7075 0.3330 0.6233
vn -0.9659 0.1331 0.2220
vn 0.4969 0.4822 0.7215
vn 0.1302 0.5508 0.8244
vn 0.7075 0.3927 0.5876
vn 0.9659 0.1331 0.2220
vn -0.1302 0.5508 0.8244
vn -0.4969 0.5505 0.6708
vn -0.9659 0.1542 0.2079
vn 0.4969 0.5505 0.6708
vn 0.1302 0.6290 0.7664
vn 0.7075 0.4483 0.5463
vn 0.9659 0.1542 0.2079
vn -0.1301 0.6290 0.7664
vn -0.4969 0.6137 0.6136
vn -0.7075 0.4483 0.5463
vn -0.9659 0.1738 0.1918
vn 0.1301 0.7011 0.7011
vn 0.4969 0.6137 0.6136
vn 0.7075 0.4998 0.4997
vn 0.9659 0.1739 0.1918
vn -0.1301 0.7011 0.7011
vn -0.4969 0.6708 0.5506
vn -0.7075 0.4998 0.4997
vn -0.9659 0.1918 0.1738
vn 0.1302 0.7664 0.6290
vn 0.4969 0.6708 0.5506
vn 0.7075 0.5462 0.4483
vn 0.9659 0.1918 0.1738
vn -0.1301 0.7664 0.6290
vn -0.4969 0.7216 0.4821
vn -0.7075 0.5876 0.3926
vn -0.7075 0.5462 0.4483
vn -0.9660 0.2077 0.1542
vn 0.4969 0.7216 0.4821
vn 0.1301 0.8244 0.5508
vn 0.7075 0.5876 0.3926
vn 0.9659 0.2078 0.1542
vn -0.1301 0.8244 0.5508
vn -0.4969 0.7653 0.4091
vn -0.7075 0.6232 0.3331
vn -0.9659 0.2221 0.1330
vn 0.4969 0.7653 0.4091
vn 0.1301 0.8744 0.4674
vn 0.7075 0.6232 0.3331
vn 0.9659 0.2221 0.1330
vn -0.1301 0.9160 0.3794
vn -0.1301 0.8744 0.4674
vn -0.4969 0.8018 0.3321
vn -0.9660 0.2338 0.1107
vn 0.1301 0.9160 0.3794
vn 0.4969 0.8018 0.3321
vn 0.7075 0.6529 0.2705
vn 0.9660 0.2336 0.1107
vn -0.1302 0.9488 0.2878
vn -0.7075 0.6763 0.2051
vn -0.7075 0.6529 0.2705
vn -0.9660 0.2435 0.0872
vn 0.1302 0.9488 0.2878
vn 0.4969 0.8304 0.2519
vn 0.7075 0.6763 0.2051
vn 0.9660 0.2435 0.0872
vn -0.1302 0.9724 0.1934
vn -0.4969 0.8304 0.2519
vn -0.4970 0.8511 0.1693
vn -0.9659 0.2510 0.0629
vn 0.1302 0.9724 0.1934
vn 0.4970 0.8511 0.1693
vn 0.7076 0.6930 0.1379
vn 0.9658 0.2515 0.0629
vn -0.4969 0.8636 0.0851
vn -0.7075 0.7033 0.0693
vn -0.7076 0.6930 0.1379
vn -0.9659 0.2560 0.0380
vn 0.4969 0.8637 0.0851
vn 0.1301 0.9867 0.0972
vn 0.7075 0.7033 0.0693
vn 0.9660 0.2559 0.0380
vn -0.1301 0.9867 0.0972
vn -0.9659 0.2586 0.0127
vn 0.1301 0.9915 -0.0000
vn 0.7076 0.7066 -0.0000
vn 0.9659 0.2586 0.0127
vn -1.0000 -0.0000 -0.0000
vn 1.0000 -0.0000 -0.0000
vn -0.9659 0.2560 -0.0380
vn 0.9660 0.2559 -0.0380
vn -0.9659 0.2511 -0.0629
vn 0.9659 0.2513 -0.0629
vn -0.9659 0.2437 -0.0872
vn 0.9660 0.2435 -0.0872
vn -0.9660 0.2338 -0.1107
vn 0.9660 0.2337 -0.1107
vn -0.9659 0.2221 -0.1330
vn 0.9659 0.2220 -0.1330
vn -0.9660 0.2077 -0.1542
vn 0.9659 0.2078 -0.1542
vn -0.9659 0.1738 -0.1918
vn 0.9659 0.1739 -0.1918
vn -0.9659 0.1106 -0.2340
vn 0.9659 0.1106 -0.2339
vn -0.9659 0.0870 -0.2437
vn 0.9659 0.0873 -0.2437
vn -0.9659 0.0630 -0.2510
vn 0.9659 0.0629 -0.2510
vn -0.9659 0.0379 -0.2560
vn 0.9659 0.0380 -0.2560
vn -0.9659 0.0126 -0.2585
vn 0.9659 0.0127 -0.2585
vn -0.9659 -0.0127 -0.2585
vn 0.9659 -0.0127 -0.2585
vn -0.9659 -0.0379 -0.2560
vn 0.9659 -0.0380 -0.2560
vn 0.9659 -0.0630 -0.2510
vn -0.9659 -0.0873 -0.2437
vn 0.9659 -0.0870 -0.2437
vn -0.9659 -0.1106 -0.2339
vn -0.9659 -0.1739 -0.1917
vn 0.9659 -0.1739 -0.1918
vn -0.9660 -0.1916 -0.1738
vn 0.9659 -0.1918 -0.1738
vn -0.9660 -0.2077 -0.1542
vn 0.9659 -0.2078 -0.1542
vn -0.9659 -0.2221 -0.1330
vn 0.9659 -0.2221 -0.1331
vn -0.9660 -0.2337 -0.1107
vn 0.9659 -0.2340 -0.1106
vn -0.9660 -0.2435 -0.0872
vn 0.9659 -0.2437 -0.0872
vn -0.9659 -0.2513 -0.0629
vn 0.9659 -0.2510 -0.0629
vn -0.9659 -0.2561 -0.0380
vn 0.9659 -0.2560 -0.0380
vn -0.9659 -0.2586 -0.0127
vn 0.9659 -0.2585 -0.0127
vn -0.9659 -0.2585 0.0127
vn 0.9659 -0.2586 0.0127
vn -0.9660 -0.2559 0.0380
vn 0.9659 -0.2561 0.0380
vn -0.9659 -0.2511 0.0629
vn 0.9659 -0.2513 0.0629
vn -0.9659 -0.2437 0.0872
vn 0.9660 -0.2435 0.0872
vn -0.9659 -0.2340 0.1106
vn 0.9660 -0.2337 0.1107
vn -0.9659 -0.2220 0.1331
vn 0.9659 -0.2221 0.1330
vn -0.9659 -0.2078 0.1542
vn 0.9660 -0.2077 0.1542
vn -0.9659 -0.1918 0.1738
vn 0.9660 -0.1916 0.1738
vn -0.9659 -0.1739 0.1918
vn 0.9659 -0.1739 0.1917
vn -0.9659 -0.0870 0.2437
vn 0.9659 -0.0873 0.2437
vn -0.9659 -0.0630 0.2510
vn 0.9659 -0.0629 0.2510
vn -0.9659 -0.0379 0.2560
vn 0.9659 -0.0380 0.2560
vn -0.9659 -0.0126 0.2585
vn 0.9659 -0.0127 0.2585
vn -0.9659 0.0127 0.2585
vn 0.9659 0.0126 0.2585
vn -0.9659 0.0380 0.2560
vn 0.9659 0.0379 0.2560
vn -0.9659 0.0629 0.2510
vn 0.9659 0.0630 0.2510
vn -0.9659 0.0873 0.2437
vn 0.9659 0.0870 0.2437
vn -0.9659 0.1106 0.2339
vn 0.9659 0.1106 0.2340
vn -0.9659 0.1739 0.1918
vn 0.9659 0.1738 0.1918
vn -0.9659 0.2078 0.1542
vn 0.9660 0.2077 0.1542
vn -0.9659 0.2220 0.1331
vn 0.9659 0.2220 0.1330
vn -0.9660 0.2336 0.1107
vn 0.9660 0.2338 0.1107
vn -0.9660 0.2436 0.0872
vn 0.9659 0.2437 0.0872
vn -0.9658 0.2515 0.0629
vn 0.9659 0.2510 0.0629
vn -0.9660 0.2559 0.0380
vn 0.9659 0.2560 0.0380
vn -1.0000 -0.0024 -0.0000
vn -1.0000 0.0012 -0.0000
vn -1.0000 0.0006 -0.0000
vn -1.0000 -0.0003 -0.0000
vn -1.0000 -0.0012 -0.0000
vn -1.0000 0.0024 -0.0000
vn -1.0000 -0.0006 -0.0000
vn -1.0000 0.0003 -0.0000
vn -1.0000 0.0002 -0.0000
vn -1.0000 -0.0001 -0.0000
vn -1.0000 -0.0002 -0.0000
vn -1.0000 0.0001 -0.0000
vn 1.0000 0.0024 -0.0000
vn 1.0000 -0.0024 -0.0000
vn 1.0000 0.0006 -0.0000
vn 1.0000 -0.0003 -0.0000
vn 1.0000 0.0001 -0.0000
vn 1.0000 0.0003 -0.0000
vn 1.0000 -0.0006 -0.0000
vn 1.0000 -0.0001 -0.0000
vt 1.000000 0.500235
vt 0.984375 0.500118
vt 0.999895 0.500118
vt 0.984375 0.500000
vt 0.999609 0.500000
vt 0.773521 0.488816
vt 0.750000 0.465971
vt 0.750000 0.489971
vt 0.984375 0.999765
vt 0.999895 0.999882
vt 0.984375 0.999882
vt 0.984375 1.000000
vt 0.273521 0.488816
vt 0.250000 0.465971
vt 0.271169 0.464931
vt 0.968750 0.500235
vt 0.984375 0.500235
vt 0.968750 0.500000
vt 0.792134 0.461821
vt 0.771169 0.464931
vt 0.968750 0.999765
vt 0.968750 0.999882
vt 0.968750 1.000000
vt 0.292134 0.461821
vt 0.296816 0.485360
vt 0.953125 0.500118
vt 0.968750 0.500118
vt 0.953125 0.500000
vt 0.819660 0.479638
vt 0.796816 0.485360
vt 0.953125 0.999882
vt 0.953125 0.999765
vt 0.953125 1.000000
vt 0.319660 0.479638
vt 0.312693 0.456671
vt 0.937500 0.500235
vt 0.953125 0.500235
vt 0.937500 0.500118
vt 0.832649 0.449531
vt 0.812693 0.456671
vt 0.937500 0.999765
vt 0.937500 0.999882
vt 0.937500 1.000000
vt 0.332648 0.449531
vt 0.341833 0.471704
vt 0.921875 0.500118
vt 0.937500 0.500000
vt 0.841833 0.471704
vt 0.851808 0.440469
vt 0.921875 0.999882
vt 0.921875 0.999765
vt 0.921875 1.000000
vt 0.363122 0.461636
vt 0.351808 0.440469
vt 0.906250 0.500235
vt 0.921875 0.500235
vt 0.906250 0.500118
vt 0.921875 0.500000
vt 0.863122 0.461636
vt 0.869987 0.429573
vt 0.906250 0.999765
vt 0.906250 0.999882
vt 0.906250 1.000000
vt 0.369987 0.429573
vt 0.383321 0.449529
vt 0.890625 0.500235
vt 0.890625 0.500118
vt 0.906250 0.500000
vt 0.902236 0.435500
vt 0.883321 0.449529
vt 0.890625 0.999765
vt 0.890625 0.999882
vt 0.890625 1.000000
vt 0.402236 0.435500
vt 0.387011 0.416948
vt 0.875000 0.500235
vt 0.875000 0.500000
vt 0.890625 0.500000
vt 0.902715 0.402715
vt 0.887011 0.416948
vt 0.875000 0.999765
vt 0.875000 0.999882
vt 0.875000 1.000000
vt 0.402715 0.402715
vt 0.419685 0.419685
vt 0.859375 0.500118
vt 0.875000 0.500118
vt 0.919685 0.419685
vt 0.916948 0.387011
vt 0.859375 0.999765
vt 0.859375 0.999882
vt 0.859375 1.000000
vt 0.416948 0.387011
vt 0.435500 0.402236
vt 0.843750 0.500235
vt 0.859375 0.500235
vt 0.843750 0.500000
vt 0.859375 0.500000
vt 0.935500 0.402236
vt 0.929574 0.369987
vt 0.843750 0.999765
vt 0.843750 0.999882
vt 0.843750 1.000000
vt 0.429573 0.369987
vt 0.449529 0.383321
vt 0.828125 0.500235
vt 0.843750 0.500118
vt 0.828125 0.500118
vt 0.949529 0.383321
vt 0.940470 0.351808
vt 0.828125 0.999765
vt 0.828125 0.999882
vt 0.828125 1.000000
vt 0.440469 0.351808
vt 0.461636 0.363122
vt 0.812500 0.500235
vt 0.812500 0.500000
vt 0.828125 0.500000
vt 0.971704 0.341833
vt 0.961636 0.363122
vt 0.812500 0.999882
vt 0.812500 0.999765
vt 0.812500 1.000000
vt 0.449531 0.332649
vt 0.471704 0.341833
vt 0.796875 0.500118
vt 0.812500 0.500118
vt 0.796875 0.500000
vt 0.979638 0.319660
vt 0.949531 0.332649
vt 0.796875 0.999765
vt 0.796875 0.999882
vt 0.796875 1.000000
vt 0.479638 0.319660
vt 0.456671 0.312693
vt 0.796875 0.500235
vt 0.781250 0.500118
vt 0.781250 0.500000
vt 0.961821 0.292134
vt 0.956672 0.312693
vt 0.781250 0.999765
vt 0.781250 0.999882
vt 0.781250 1.000000
vt 0.461821 0.292134
vt 0.485360 0.296816
vt 0.765625 0.500235
vt 0.781250 0.500235
vt 0.765625 0.500118
vt 0.985360 0.296816
vt 0.964931 0.271169
vt 0.765625 0.999882
vt 0.765625 0.999765
vt 0.765625 1.000000
vt 0.464931 0.271169
vt 0.488816 0.273521
vt 0.750000 0.500118
vt 0.765625 0.500000
vt 0.988816 0.273521
vt 0.965971 0.250000
vt 0.750000 0.999882
vt 0.750000 0.999765
vt 0.750000 1.000000
vt 0.465971 0.250000
vt 0.489971 0.250000
vt 0.734375 0.500235
vt 0.750000 0.500235
vt 0.734375 0.500118
vt 0.750000 0.500000
vt 0.988816 0.226479
vt 0.989971 0.250000
vt 0.734375 0.999882
vt 0.734375 0.999765
vt 0.734375 1.000000
vt 0.464931 0.228831
vt 0.488816 0.226479
vt 0.718750 0.500235
vt 0.718750 0.500000
vt 0.734375 0.500000
vt 0.961821 0.207866
vt 0.964931 0.228831
vt 0.718750 0.999882
vt 0.718750 0.999765
vt 0.718750 1.000000
vt 0.461821 0.207866
vt 0.485360 0.203184
vt 0.703125 0.500118
vt 0.718750 0.500118
vt 0.985360 0.203184
vt 0.956672 0.187307
vt 0.703125 0.999882
vt 0.703125 0.999765
vt 0.703125 1.000000
vt 0.479638 0.180340
vt 0.456671 0.187307
vt 0.687500 0.500235
vt 0.703125 0.500235
vt 0.687500 0.500000
vt 0.703125 0.500000
vt 0.979638 0.180340
vt 0.949531 0.167352
vt 0.687500 0.999765
vt 0.687500 0.999882
vt 0.687500 1.000000
vt 0.449531 0.167352
vt 0.471704 0.158167
vt 0.671875 0.500235
vt 0.687500 0.500118
vt 0.671875 0.500000
vt 0.961636 0.136878
vt 0.971704 0.158167
vt 0.671875 0.999765
vt 0.671875 0.999882
vt 0.671875 1.000000
vt 0.461636 0.136878
vt 0.440469 0.148192
vt 0.656250 0.500235
vt 0.671875 0.500118
vt 0.656250 0.500000
vt 0.949529 0.116679
vt 0.940470 0.148192
vt 0.656250 0.999765
vt 0.656250 0.999882
vt 0.656250 1.000000
vt 0.449529 0.116679
vt 0.429573 0.130013
vt 0.640625 0.500235
vt 0.656250 0.500118
vt 0.640625 0.500000
vt 0.935500 0.097764
vt 0.929574 0.130013
vt 0.640625 0.999882
vt 0.640625 0.999765
vt 0.640625 1.000000
vt 0.435500 0.097764
vt 0.416948 0.112989
vt 0.625000 0.500235
vt 0.640625 0.500118
vt 0.625000 0.500118
vt 0.919685 0.080315
vt 0.916948 0.112989
vt 0.625000 0.999765
vt 0.625000 0.999882
vt 0.625000 1.000000
vt 0.402715 0.097285
vt 0.419685 0.080315
vt 0.609375 0.500118
vt 0.625000 0.500000
vt 0.887011 0.083052
vt 0.902715 0.097285
vt 0.609375 0.999765
vt 0.609375 0.999882
vt 0.609375 1.000000
vt 0.387011 0.083052
vt 0.402236 0.064500
vt 0.593750 0.500235
vt 0.609375 0.500235
vt 0.593750 0.500118
vt 0.609375 0.500000
vt 0.883321 0.050471
vt 0.902236 0.064500
vt 0.593750 0.999765
vt 0.593750 0.999882
vt 0.593750 1.000000
vt 0.383321 0.050471
vt 0.369987 0.070427
vt 0.578125 0.500118
vt 0.593750 0.500000
vt 0.851808 0.059531
vt 0.869987 0.070427
vt 0.578125 0.999882
vt 0.578125 0.999765
vt 0.578125 1.000000
vt 0.363122 0.038364
vt 0.351808 0.059531
vt 0.578125 0.500235
vt 0.562500 0.500118
vt 0.562500 0.500000
vt 0.578125 0.500000
vt 0.863122 0.038364
vt 0.832649 0.050469
vt 0.562500 0.999882
vt 0.562500 0.999765
vt 0.562500 1.000000
vt 0.332649 0.050469
vt 0.341833 0.028296
vt 0.562500 0.500235
vt 0.546875 0.500118
vt 0.546875 0.500000
vt 0.819660 0.020362
vt 0.841833 0.028296
vt 0.546875 0.999882
vt 0.546875 0.999765
vt 0.546875 1.000000
vt 0.319660 0.020362
vt 0.312693 0.043329
vt 0.546875 0.500235
vt 0.531250 0.500118
vt 0.531250 0.500000
vt 0.792134 0.038179
vt 0.812693 0.043329
vt 0.531250 0.999882
vt 0.531250 0.999765
vt 0.531250 1.000000
vt 0.296816 0.014640
vt 0.292134 0.038179
vt 0.531250 0.500235
vt 0.515625 0.500118
vt 0.515625 0.500000
vt 0.796816 0.014640
vt 0.771169 0.035069
vt 0.515625 0.999882
vt 0.515625 0.999765
vt 0.515625 1.000000
vt 0.273521 0.011184
vt 0.271169 0.035069
vt 0.500000 0.500235
vt 0.515625 0.500235
vt 0.500000 0.500118
vt 0.750000 0.010029
vt 0.773521 0.011184
vt 0.500000 0.999765
vt 0.500000 0.999882
vt 0.500000 1.000000
vt 0.250000 0.010029
vt 0.250000 0.034029
vt 0.484375 0.500118
vt 0.484375 0.500000
vt 0.500000 0.500000
vt 0.728831 0.035069
vt 0.750000 0.034029
vt 0.484375 0.999882
vt 0.484375 0.999765
vt 0.484375 1.000000
vt 0.228831 0.035069
vt 0.226479 0.011184
vt 0.468750 0.500235
vt 0.484375 0.500235
vt 0.468750 0.500118
vt 0.703184 0.014640
vt 0.726479 0.011184
vt 0.468750 0.999765
vt 0.468750 0.999882
vt 0.468750 1.000000
vt 0.203184 0.014640
vt 0.207866 0.038179
vt 0.453125 0.500235
vt 0.453125 0.500000
vt 0.468750 0.500000
vt 0.680340 0.020362
vt 0.707866 0.038179
vt 0.453125 0.999765
vt 0.453125 0.999882
vt 0.453125 1.000000
vt 0.180340 0.020362
vt 0.187307 0.043329
vt 0.437500 0.500235
vt 0.453125 0.500118
vt 0.437500 0.500118
vt 0.667352 0.050469
vt 0.687307 0.043329
vt 0.437500 0.999882
vt 0.437500 0.999765
vt 0.437500 1.000000
vt 0.167352 0.050469
vt 0.158167 0.028296
vt 0.421875 0.500235
vt 0.421875 0.500118
vt 0.437500 0.500000
vt 0.636878 0.038364
vt 0.658167 0.028296
vt 0.421875 0.999765
vt 0.421875 0.999882
vt 0.421875 1.000000
vt 0.136878 0.038364
vt 0.148192 0.059531
vt 0.406250 0.500235
vt 0.406250 0.500118
vt 0.421875 0.500000
vt 0.616679 0.050471
vt 0.648192 0.059531
vt 0.406250 0.999882
vt 0.406250 0.999765
vt 0.406250 1.000000
vt 0.116679 0.050471
vt 0.130013 0.070427
vt 0.390625 0.500235
vt 0.390625 0.500000
vt 0.406250 0.500000
vt 0.612990 0.083052
vt 0.630013 0.070427
vt 0.390625 0.999765
vt 0.390625 0.999882
vt 0.390625 1.000000
vt 0.112989 0.083052
vt 0.097764 0.064500
vt 0.375000 0.500118
vt 0.390625 0.500118
vt 0.375000 0.500000
vt 0.580315 0.080315
vt 0.597764 0.064500
vt 0.375000 0.999882
vt 0.375000 0.999765
vt 0.375000 1.000000
vt 0.080315 0.080315
vt 0.097285 0.097285
vt 0.375000 0.500235
vt 0.359375 0.500118
vt 0.359375 0.500000
vt 0.564500 0.097764
vt 0.597285 0.097285
vt 0.359375 0.999882
vt 0.359375 0.999765
vt 0.359375 1.000000
vt 0.083052 0.112989
vt 0.064500 0.097764
vt 0.343750 0.500235
vt 0.359375 0.500235
vt 0.343750 0.500118
vt 0.570427 0.130013
vt 0.583052 0.112989
vt 0.343750 0.999882
vt 0.343750 0.999765
vt 0.343750 1.000000
vt 0.070427 0.130013
vt 0.050471 0.116679
vt 0.328125 0.500118
vt 0.343750 0.500000
vt 0.550471 0.116679
vt 0.559531 0.148192
vt 0.328125 0.999882
vt 0.328125 0.999765
vt 0.328125 1.000000
vt 0.059531 0.148192
vt 0.038364 0.136878
vt 0.328125 0.500235
vt 0.312500 0.500118
vt 0.328125 0.500000
vt 0.538364 0.136878
vt 0.550469 0.167352
vt 0.312500 0.999882
vt 0.312500 0.999765
vt 0.312500 1.000000
vt 0.050469 0.167352
vt 0.028296 0.158167
vt 0.312500 0.500235
vt 0.296875 0.500118
vt 0.312500 0.500000
vt 0.520362 0.180340
vt 0.528296 0.158167
vt 0.296875 0.999882
vt 0.296875 0.999765
vt 0.296875 1.000000
vt 0.020362 0.180340
vt 0.043329 0.187307
vt 0.281250 0.500235
vt 0.296875 0.500235
vt 0.281250 0.500118
vt 0.296875 0.500000
vt 0.538179 0.207866
vt 0.543329 0.187307
vt 0.281250 0.999765
vt 0.281250 0.999882
vt 0.281250 1.000000
vt 0.038179 0.207866
vt 0.014640 0.203184
vt 0.265625 0.500118
vt 0.265625 0.500000
vt 0.281250 0.500000
vt 0.514640 0.203184
vt 0.535069 0.228831
vt 0.265625 0.999765
vt 0.265625 0.999882
vt 0.265625 1.000000
vt 0.035069 0.228831
vt 0.011184 0.226479
vt 0.250000 0.500235
vt 0.265625 0.500235
vt 0.250000 0.500000
vt 0.511184 0.226479
vt 0.534029 0.250000
vt 0.250000 0.999765
vt 0.250000 0.999882
vt 0.250000 1.000000
vt 0.034029 0.250000
vt 0.010029 0.250000
vt 0.234375 0.500235
vt 0.250000 0.500118
vt 0.234375 0.500000
vt 0.511184 0.273521
vt 0.510029 0.250000
vt 0.234375 0.999765
vt 0.234375 0.999882
vt 0.234375 1.000000
vt 0.011184 0.273521
vt 0.035069 0.271169
vt 0.218750 0.500118
vt 0.234375 0.500118
vt 0.218750 0.500000
vt 0.514640 0.296816
vt 0.535069 0.271169
vt 0.218750 0.999765
vt 0.218750 0.999882
vt 0.218750 1.000000
vt 0.014640 0.296816
vt 0.038179 0.292134
vt 0.203125 0.500235
vt 0.218750 0.500235
vt 0.203125 0.500118
vt 0.520362 0.319660
vt 0.538179 0.292134
vt 0.203125 0.999765
vt 0.203125 0.999882
vt 0.203125 1.000000
vt 0.020362 0.319660
vt 0.043329 0.312693
vt 0.187500 0.500118
vt 0.203125 0.500000
vt 0.550469 0.332649
vt 0.543329 0.312693
vt 0.187500 0.999765
vt 0.187500 0.999882
vt 0.187500 1.000000
vt 0.050469 0.332649
vt 0.028296 0.341833
vt 0.171875 0.500235
vt 0.187500 0.500235
vt 0.171875 0.500118
vt 0.187500 0.500000
vt 0.528296 0.341833
vt 0.559531 0.351808
vt 0.171875 0.999882
vt 0.171875 0.999765
vt 0.171875 1.000000
vt 0.059531 0.351808
vt 0.038364 0.363122
vt 0.156250 0.500118
vt 0.156250 0.500000
vt 0.171875 0.500000
vt 0.538364 0.363122
vt 0.570427 0.369987
vt 0.156250 0.999882
vt 0.156250 0.999765
vt 0.156250 1.000000
vt 0.070427 0.369987
vt 0.050471 0.383321
vt 0.156250 0.500235
vt 0.140625 0.500118
vt 0.564500 0.402236
vt 0.550471 0.383321
vt 0.140625 0.999882
vt 0.140625 0.999765
vt 0.140625 1.000000
vt 0.064500 0.402236
vt 0.083052 0.387011
vt 0.140625 0.500235
vt 0.125000 0.500118
vt 0.140625 0.500000
vt 0.580315 0.419685
vt 0.583052 0.387011
vt 0.125000 0.999765
vt 0.125000 0.999882
vt 0.125000 1.000000
vt 0.080315 0.419685
vt 0.097285 0.402715
vt 0.125000 0.500235
vt 0.109375 0.500118
vt 0.125000 0.500000
vt 0.597764 0.435500
vt 0.597285 0.402715
vt 0.109375 0.999765
vt 0.109375 0.999882
vt 0.109375 1.000000
vt 0.097764 0.435500
vt 0.112989 0.416948
vt 0.109375 0.500235
vt 0.093750 0.500118
vt 0.093750 0.500000
vt 0.109375 0.500000
vt 0.630013 0.429573
vt 0.612989 0.416948
vt 0.093750 0.999882
vt 0.093750 0.999765
vt 0.093750 1.000000
vt 0.130013 0.429573
vt 0.116679 0.449529
vt 0.093750 0.500235
vt 0.078125 0.500118
vt 0.078125 0.500000
vt 0.636878 0.461636
vt 0.616679 0.449529
vt 0.078125 0.999882
vt 0.078125 0.999765
vt 0.078125 1.000000
vt 0.148192 0.440469
vt 0.136878 0.461636
vt 0.062500 0.500235
vt 0.078125 0.500235
vt 0.062500 0.500118
vt 0.658167 0.471704
vt 0.648192 0.440469
vt 0.062500 0.999765
vt 0.062500 0.999882
vt 0.062500 1.000000
vt 0.158167 0.471704
vt 0.167352 0.449531
vt 0.046875 0.500235
vt 0.046875 0.500000
vt 0.062500 0.500000
vt 0.687307 0.456671
vt 0.667352 0.449531
vt 0.046875 0.999765
vt 0.046875 0.999882
vt 0.046875 1.000000
vt 0.180340 0.479638
vt 0.187307 0.456671
vt 0.031250 0.500235
vt 0.046875 0.500118
vt 0.031250 0.500118
vt 0.703184 0.485360
vt 0.680340 0.479638
vt 0.031250 0.999765
vt 0.031250 0.999882
vt 0.031250 1.000000
vt 0.203184 0.485360
vt 0.207866 0.461821
vt 0.015625 0.500118
vt 0.015625 0.500000
vt 0.031250 0.500000
vt 0.726479 0.488816
vt 0.707866 0.461821
vt 0.015625 0.999882
vt 0.015625 0.999765
vt 0.015625 1.000000
vt 0.226479 0.488816
vt 0.228831 0.464931
vt 0.015625 0.500235
vt 0.000105 0.500118
vt 0.728831 0.464931
vt 0.000000 0.999765
vt 0.000105 0.999882
vt 0.000391 1.000000
vt 0.250000 0.489971
vt 1.000000 0.999765
vt 0.000000 0.500235
vt 0.999609 1.000000
vt 0.000391 0.500000
s 1
usemtl Mat_Light_Metal
f 482/581/764 492/582/765 484/583/766
f 484/583/766 491/584/767 483/585/768
s 0
f 491/586/769 481/587/769 483/588/769
s 1
f 494/589/770 488/590/771 496/591/772
f 488/590/771 495/592/773 496/591/772
s 0
f 495/593/774 485/594/774 493/595/774
s 1
f 498/596/775 492/582/765 490/597/776
f 492/582/765 499/598/777 491/584/767
s 0
f 491/586/778 497/599/778 489/600/778
s 1
f 502/601/779 496/591/772 504/602/780
f 496/591/772 503/603/781 504/602/780
s 0
f 495/593/782 501/604/782 503/605/782
s 1
f 498/596/775 508/606/783 500/607/784
f 500/607/784 507/608/785 499/598/777
s 0
f 507/609/786 497/599/786 499/610/786
s 1
f 502/601/779 512/611/787 510/612/788
f 504/602/780 511/613/789 512/611/787
s 0
f 511/614/790 501/604/790 509/615/790
s 1
f 514/616/791 508/606/783 506/617/792
f 516/618/793 507/608/785 508/606/783
s 0
f 507/609/794 513/619/794 505/620/794
s 1
f 518/621/795 512/611/787 520/622/796
f 520/622/796 511/613/789 519/623/797
s 0
f 511/614/798 517/624/798 519/625/798
s 1
f 514/616/791 524/626/799 516/618/793
f 524/626/799 515/627/800 516/618/793
s 0
f 515/628/801 521/629/801 513/619/801
s 1
f 518/621/795 528/630/802 526/631/803
f 520/622/796 527/632/804 528/630/802
s 0
f 527/633/805 517/624/805 525/634/805
s 1
f 530/635/806 524/626/799 522/636/807
f 532/637/808 523/638/809 524/626/799
s 0
f 523/639/810 529/640/810 521/629/810
s 1
f 534/641/811 528/630/802 536/642/812
f 536/642/812 527/632/804 535/643/813
s 0
f 527/633/814 533/644/814 535/645/814
s 1
f 538/646/815 532/637/808 530/635/806
f 540/647/816 531/648/817 532/637/808
s 0
f 539/649/818 529/640/818 531/650/818
s 1
f 542/651/819 536/642/812 544/652/820
f 544/652/820 535/643/813 543/653/821
s 0
f 543/654/822 533/644/822 541/655/822
s 1
f 546/656/823 540/647/816 538/646/815
f 540/647/816 547/657/824 539/658/825
s 0
f 539/649/826 545/659/826 537/660/826
s 1
f 550/661/827 544/652/820 552/662/828
f 544/652/820 551/663/829 552/662/828
s 0
f 543/654/830 549/664/830 551/665/830
s 1
f 546/656/823 556/666/831 548/667/832
f 556/666/831 547/657/824 548/667/832
s 0
f 547/668/833 553/669/833 545/659/833
s 1
f 558/670/834 552/662/828 560/671/835
f 552/662/828 559/672/836 560/671/835
s 0
f 551/665/837 557/673/837 559/674/837
s 1
f 562/675/838 556/666/831 554/676/839
f 556/666/831 563/677/840 555/678/841
s 0
f 555/679/842 561/680/842 553/669/842
s 1
f 566/681/843 560/671/835 568/682/844
f 560/671/835 567/683/845 568/682/844
s 0
f 559/674/846 565/684/846 567/685/846
s 1
f 570/686/847 564/687/848 562/675/838
f 572/688/849 563/677/840 564/687/848
s 0
f 563/689/850 569/690/850 561/680/850
s 1
f 574/691/851 568/682/844 576/692/852
f 568/682/844 575/693/853 576/692/852
s 0
f 567/685/854 573/694/854 575/695/854
s 1
f 578/696/855 572/688/849 570/686/847
f 572/688/849 579/697/856 571/698/857
s 0
f 579/699/858 569/690/858 571/700/858
s 1
f 574/691/851 584/701/859 582/702/860
f 576/692/852 583/703/861 584/701/859
s 0
f 575/695/862 581/704/862 583/705/862
s 1
f 578/696/855 588/706/863 580/707/864
f 580/707/864 587/708/865 579/697/856
s 0
f 587/709/866 577/710/866 579/699/866
s 1
f 590/711/867 584/701/859 592/712/868
f 584/701/859 591/713/869 592/712/868
s 0
f 591/714/870 581/704/870 589/715/870
s 1
f 586/716/871 596/717/872 588/706/863
f 588/706/863 595/718/873 587/708/865
s 0
f 587/709/874 593/719/874 585/720/874
s 1
f 598/721/875 592/712/868 600/722/876
f 592/712/868 599/723/877 600/722/876
s 0
f 591/714/878 597/724/878 599/725/878
s 1
f 602/726/879 596/717/872 594/727/880
f 604/728/881 595/718/873 596/717/872
s 0
f 595/729/882 601/730/882 593/719/882
s 1
f 598/721/875 608/731/883 606/732/884
f 608/731/883 599/723/877 607/733/885
s 0
f 599/725/886 605/734/886 607/735/886
s 1
f 602/726/879 612/736/887 604/728/881
f 612/736/887 603/737/888 604/728/881
s 0
f 603/738/889 609/739/889 601/730/889
s 1
f 606/732/884 616/740/890 614/741/891
f 616/740/890 607/733/885 615/742/892
s 0
f 607/735/893 613/743/893 615/744/893
s 1
f 618/745/894 612/736/887 610/746/895
f 620/747/896 611/748/897 612/736/887
s 0
f 619/749/898 609/739/898 611/750/898
s 1
f 614/741/891 624/751/899 622/752/900
f 624/751/899 615/742/892 623/753/901
s 0
f 615/744/902 621/754/902 623/755/902
s 1
f 626/756/903 620/747/896 618/745/894
f 620/747/896 627/757/904 619/758/905
s 0
f 619/749/906 625/759/906 617/760/906
s 1
f 622/752/900 632/761/907 630/762/908
f 624/751/899 631/763/909 632/761/907
s 0
f 623/755/910 629/764/910 631/765/910
s 1
f 626/756/903 636/766/911 628/767/912
f 636/766/911 627/757/904 628/767/912
s 0
f 627/768/913 633/769/913 625/759/913
s 1
f 630/762/908 640/770/914 638/771/915
f 640/770/914 631/763/909 639/772/916
s 0
f 639/773/917 629/764/917 637/774/917
s 1
f 642/775/918 636/766/911 634/776/919
f 636/766/911 643/777/920 635/778/921
s 0
f 635/779/922 641/780/922 633/769/922
s 1
f 646/781/923 640/770/914 648/782/924
f 640/770/914 647/783/925 648/782/924
s 0
f 639/773/926 645/784/926 647/785/926
s 1
f 650/786/927 644/787/928 642/775/918
f 644/787/928 651/788/929 643/777/920
s 0
f 651/789/930 641/780/930 643/790/930
s 1
f 654/791/931 648/782/924 656/792/932
f 648/782/924 655/793/933 656/792/932
s 0
f 655/794/934 645/784/934 653/795/934
s 1
f 658/796/935 652/797/936 650/786/927
f 652/797/936 659/798/937 651/788/929
s 0
f 659/799/938 649/800/938 651/789/938
s 1
f 662/801/939 656/792/932 664/802/940
f 656/792/932 663/803/941 664/802/940
s 0
f 663/804/942 653/795/942 661/805/942
s 1
f 666/806/943 660/807/944 658/796/935
f 660/807/944 667/808/945 659/798/937
s 0
f 667/809/946 657/810/946 659/799/946
s 1
f 662/801/939 672/811/947 670/812/948
f 664/802/940 671/813/949 672/811/947
s 0
f 671/814/950 661/805/950 669/815/950
s 1
f 674/816/951 668/817/952 666/806/943
f 676/818/953 667/808/945 668/817/952
s 0
f 675/819/954 665/820/954 667/809/954
s 1
f 678/821/955 672/811/947 680/822/956
f 680/822/956 671/813/949 679/823/957
s 0
f 671/814/958 677/824/958 679/825/958
s 1
f 674/816/951 684/826/959 676/818/953
f 684/826/959 675/827/960 676/818/953
s 0
f 675/819/961 681/828/961 673/829/961
s 1
f 686/830/962 680/822/956 688/831/963
f 688/831/963 679/823/957 687/832/964
s 0
f 679/825/965 685/833/965 687/834/965
s 1
f 690/835/966 684/826/959 682/836/967
f 692/837/968 683/838/969 684/826/959
s 0
f 691/839/970 681/828/970 683/840/970
s 1
f 694/841/971 688/831/963 696/842/972
f 696/842/972 687/832/964 695/843/973
s 0
f 695/844/974 685/833/974 693/845/974
s 1
f 690/835/966 700/846/975 692/837/968
f 700/846/975 691/847/976 692/837/968
s 0
f 691/839/977 697/848/977 689/849/977
s 1
f 694/841/971 704/850/978 702/851/979
f 696/842/972 703/852/980 704/850/978
s 0
f 703/853/981 693/845/981 701/854/981
s 1
f 698/855/982 708/856/983 700/846/975
f 700/846/975 707/857/984 699/858/985
s 0
f 699/859/986 705/860/986 697/848/986
s 1
f 702/851/979 712/861/987 710/862/988
f 704/850/978 711/863/989 712/861/987
s 0
f 703/853/990 709/864/990 711/865/990
s 1
f 706/866/991 716/867/992 708/856/983
f 708/856/983 715/868/993 707/857/984
s 0
f 715/869/994 705/860/994 707/870/994
s 1
f 710/862/988 720/871/995 718/872/996
f 720/871/995 711/863/989 719/873/997
s 0
f 719/874/998 709/864/998 717/875/998
s 1
f 714/876/999 724/877/1000 716/867/992
f 716/867/992 723/878/1001 715/868/993
s 0
f 715/869/1002 721/879/1002 713/880/1002
s 1
f 718/872/996 728/881/1003 726/882/1004
f 728/881/1003 719/873/997 727/883/1005
s 0
f 727/884/1006 717/875/1006 725/885/1006
s 1
f 722/886/1007 732/887/1008 724/877/1000
f 724/877/1000 731/888/1009 723/878/1001
s 0
f 723/889/1010 729/890/1010 721/879/1010
s 1
f 726/882/1004 736/891/1011 734/892/1012
f 728/881/1003 735/893/1013 736/891/1011
s 0
f 735/894/1014 725/885/1014 733/895/1014
s 1
f 738/896/1015 732/887/1008 730/897/1016
f 740/898/1017 731/888/1009 732/887/1008
s 0
f 739/899/1018 729/890/1018 731/900/1018
s 1
f 742/901/1019 736/891/1011 744/902/1020
f 744/902/1020 735/893/1013 743/903/1021
s 0
f 743/904/1022 733/895/1022 741/905/1022
s 1
f 738/896/1015 748/906/1023 740/898/1017
f 740/898/1017 747/907/1024 739/908/1025
s 0
f 739/899/1026 745/909/1026 737/910/1026
s 1
f 742/901/1019 752/911/1027 750/912/1028
f 744/902/1020 751/913/1029 752/911/1027
s 0
f 743/904/1030 749/914/1030 751/915/1030
s 1
f 754/916/1031 748/906/1023 746/917/1032
f 756/918/1033 747/907/1024 748/906/1023
s 0
f 755/919/1034 745/909/1034 747/920/1034
s 1
f 758/921/1035 752/911/1027 760/922/1036
f 760/922/1036 751/913/1029 759/923/1037
s 0
f 759/924/1038 749/914/1038 757/925/1038
s 1
f 762/926/1039 756/918/1033 754/916/1031
f 756/918/1033 763/927/1040 755/928/1041
s 0
f 763/929/1042 753/930/1042 755/919/1042
s 1
f 766/931/1043 760/922/1036 768/932/1044
f 760/922/1036 767/933/1045 768/932/1044
s 0
f 767/934/1046 757/925/1046 765/935/1046
s 1
f 770/936/1047 764/937/1048 762/926/1039
f 772/938/1049 763/927/1040 764/937/1048
s 0
f 763/929/1050 769/939/1050 761/940/1050
s 1
f 766/931/1043 776/941/1051 774/942/1052
f 768/932/1044 775/943/1053 776/941/1051
s 0
f 767/934/1054 773/944/1054 775/945/1054
s 1
f 778/946/1055 772/938/1049 770/936/1047
f 780/947/1056 771/948/1057 772/938/1049
s 0
f 779/949/1058 769/939/1058 771/950/1058
s 1
f 782/951/1059 776/941/1051 784/952/1060
f 776/941/1051 783/953/1061 784/952/1060
s 0
f 783/954/1062 773/944/1062 781/955/1062
s 1
f 786/956/1063 780/947/1056 778/946/1055
f 788/957/1064 779/958/1065 780/947/1056
s 0
f 787/959/1066 777/960/1066 779/949/1066
s 1
f 782/951/1059 792/961/1067 790/962/1068
f 784/952/1060 791/963/1069 792/961/1067
s 0
f 791/964/1070 781/955/1070 789/965/1070
s 1
f 794/966/1071 788/957/1064 786/956/1063
f 788/957/1064 795/967/1072 787/968/1073
s 0
f 787/959/1074 793/969/1074 785/970/1074
s 1
f 798/971/1075 792/961/1067 800/972/1076
f 792/961/1067 799/973/1077 800/972/1076
s 0
f 791/964/1078 797/974/1078 799/975/1078
s 1
f 794/966/1071 804/976/1079 796/977/1080
f 796/977/1080 803/978/1081 795/967/1072
s 0
f 803/979/1082 793/969/1082 795/980/1082
s 1
f 798/971/1075 808/981/1083 806/982/1084
f 808/981/1083 799/973/1077 807/983/1085
s 0
f 807/984/1086 797/974/1086 805/985/1086
s 1
f 802/986/1087 812/987/1088 804/976/1079
f 804/976/1079 811/988/1089 803/978/1081
s 0
f 811/989/1090 801/990/1090 803/979/1090
s 1
f 806/982/1084 816/991/1091 814/992/1092
f 808/981/1083 815/993/1093 816/991/1091
s 0
f 807/984/1094 813/994/1094 815/995/1094
s 1
f 818/996/1095 812/987/1088 810/997/1096
f 820/998/1097 811/988/1089 812/987/1088
s 0
f 811/989/1098 817/999/1098 809/1000/1098
s 1
f 814/992/1092 824/1001/1099 822/1002/1100
f 824/1001/1099 815/993/1093 823/1003/1101
s 0
f 815/995/1102 821/1004/1102 823/1005/1102
s 1
f 818/996/1095 828/1006/1103 820/998/1097
f 828/1006/1103 819/1007/1104 820/998/1097
s 0
f 819/1008/1105 825/1009/1105 817/999/1105
s 1
f 822/1002/1100 832/1010/1106 830/1011/1107
f 832/1010/1106 823/1003/1101 831/1012/1108
s 0
f 823/1005/1109 829/1013/1109 831/1014/1109
s 1
f 826/1015/1110 836/1016/1111 828/1006/1103
f 836/1016/1111 827/1017/1112 828/1006/1103
s 0
f 827/1018/1113 833/1019/1113 825/1009/1113
s 1
f 830/1011/1107 840/1020/1114 838/1021/1115
f 840/1020/1114 831/1012/1108 839/1022/1116
s 0
f 831/1014/1117 837/1023/1117 839/1024/1117
s 1
f 834/1025/1118 844/1026/1119 836/1016/1111
f 844/1026/1119 835/1027/1120 836/1016/1111
s 0
f 843/1028/1121 833/1019/1121 835/1029/1121
s 1
f 838/1021/1115 848/1030/1122 846/1031/1123
f 848/1030/1122 839/1022/1116 847/1032/1124
s 0
f 847/1033/1125 837/1023/1125 845/1034/1125
s 1
f 850/1035/1126 844/1026/1119 842/1036/1127
f 852/1037/1128 843/1038/1129 844/1026/1119
s 0
f 843/1028/1130 849/1039/1130 841/1040/1130
s 1
f 854/1041/1131 848/1030/1122 856/1042/1132
f 856/1042/1132 847/1032/1124 855/1043/1133
s 0
f 847/1033/1134 853/1044/1134 855/1045/1134
s 1
f 850/1035/1126 860/1046/1135 852/1037/1128
f 852/1037/1128 859/1047/1136 851/1048/1137
s 0
f 851/1049/1138 857/1050/1138 849/1039/1138
s 1
f 862/1051/1139 856/1042/1132 864/1052/1140
f 856/1042/1132 863/1053/1141 864/1052/1140
s 0
f 855/1045/1142 861/1054/1142 863/1055/1142
s 1
f 866/1056/1143 860/1046/1135 858/1057/1144
f 860/1046/1135 867/1058/1145 859/1047/1136
s 0
f 859/1059/1146 865/1060/1146 857/1050/1146
s 1
f 870/1061/1147 864/1052/1140 872/1062/1148
f 864/1052/1140 871/1063/1149 872/1062/1148
s 0
f 863/1055/1150 869/1064/1150 871/1065/1150
s 1
f 874/1066/1151 868/1067/1152 866/1056/1143
f 868/1067/1152 875/1068/1153 867/1058/1145
s 0
f 875/1069/1154 865/1060/1154 867/1070/1154
s 1
f 878/1071/1155 872/1062/1148 880/1072/1156
f 872/1062/1148 879/1073/1157 880/1072/1156
s 0
f 879/1074/1158 869/1064/1158 877/1075/1158
s 1
f 874/1066/1151 884/1076/1159 876/1077/1160
f 876/1077/1160 883/1078/1161 875/1068/1153
s 0
f 883/1079/1162 873/1080/1162 875/1069/1162
s 1
f 886/1081/1163 880/1072/1156 888/1082/1164
f 880/1072/1156 887/1083/1165 888/1082/1164
s 0
f 887/1084/1166 877/1075/1166 885/1085/1166
s 1
f 890/1086/1167 884/1076/1159 882/1087/1168
f 892/1088/1169 883/1078/1161 884/1076/1159
s 0
f 891/1089/1170 881/1090/1170 883/1079/1170
s 1
f 894/1091/1171 888/1082/1164 896/1092/1172
f 896/1092/1172 887/1083/1165 895/1093/1173
s 0
f 895/1094/1174 885/1085/1174 893/1095/1174
s 1
f 890/1086/1167 900/1096/1175 892/1088/1169
f 900/1096/1175 891/1097/1176 892/1088/1169
s 0
f 891/1089/1177 897/1098/1177 889/1099/1177
s 1
f 902/1100/1178 896/1092/1172 904/1101/1179
f 904/1101/1179 895/1093/1173 903/1102/1180
s 0
f 895/1094/1181 901/1103/1181 903/1104/1181
s 1
f 906/1105/1182 900/1096/1175 898/1106/1183
f 908/1107/1184 899/1108/1185 900/1096/1175
s 0
f 899/1109/1186 905/1110/1186 897/1098/1186
s 1
f 902/1100/1178 912/1111/1187 910/1112/1188
f 904/1101/1179 911/1113/1189 912/1111/1187
s 0
f 903/1104/1190 909/1114/1190 911/1115/1190
s 1
f 906/1105/1182 916/1116/1191 908/1107/1184
f 908/1107/1184 915/1117/1192 907/1118/1193
s 0
f 907/1119/1194 913/1120/1194 905/1110/1194
s 1
f 910/1112/1188 920/1121/1195 918/1122/1196
f 912/1111/1187 919/1123/1197 920/1121/1195
s 0
f 911/1115/1198 917/1124/1198 919/1125/1198
s 1
f 914/1126/1199 924/1127/1200 916/1116/1191
f 924/1127/1200 915/1117/1192 916/1116/1191
s 0
f 923/1128/1201 913/1120/1201 915/1129/1201
s 1
f 918/1122/1196 928/1130/1202 926/1131/1203
f 928/1130/1202 919/1123/1197 927/1132/1204
s 0
f 927/1133/1205 917/1124/1205 925/1134/1205
s 1
f 922/1135/1206 932/1136/1207 924/1127/1200
f 932/1136/1207 923/1137/1208 924/1127/1200
s 0
f 931/1138/1209 921/1139/1209 923/1128/1209
s 1
f 934/1140/1210 928/1130/1202 936/1141/1211
f 928/1130/1202 935/1142/1212 936/1141/1211
s 0
f 935/1143/1213 925/1134/1213 933/1144/1213
s 1
f 930/1145/1214 940/1146/1215 932/1136/1207
f 940/1146/1215 931/1147/1216 932/1136/1207
s 0
f 939/1148/1217 929/1149/1217 931/1138/1217
s 1
f 942/1150/1218 936/1141/1211 944/1151/1219
f 944/1151/1219 935/1142/1212 943/1152/1220
s 0
f 943/1153/1221 933/1144/1221 941/1154/1221
s 1
f 938/1155/1222 948/1156/1223 940/1146/1215
f 940/1146/1215 947/1157/1224 939/1158/1225
s 0
f 939/1148/1226 945/1159/1226 937/1160/1226
s 1
f 942/1150/1218 952/1161/1227 950/1162/1228
f 944/1151/1219 951/1163/1229 952/1161/1227
s 0
f 943/1153/1230 949/1164/1230 951/1165/1230
s 1
f 946/1166/1231 956/1167/1232 948/1156/1223
f 948/1156/1223 955/1168/1233 947/1157/1224
s 0
f 955/1169/1234 945/1159/1234 947/1170/1234
s 1
f 950/1162/1228 960/1171/1235 958/1172/1236
f 952/1161/1227 959/1173/1237 960/1171/1235
s 0
f 951/1165/1238 957/1174/1238 959/1175/1238
s 1
f 962/1176/1239 956/1167/1232 954/1177/1240
f 964/1178/1241 955/1168/1233 956/1167/1232
s 0
f 963/1179/1242 953/1180/1242 955/1169/1242
s 1
f 966/1181/1243 960/1171/1235 968/1182/1244
f 968/1182/1244 959/1173/1237 967/1183/1245
s 0
f 967/1184/1246 957/1174/1246 965/1185/1246
s 1
f 970/1186/1247 964/1178/1241 962/1176/1239
f 964/1178/1241 971/1187/1248 963/1188/1249
s 0
f 963/1179/1250 969/1189/1250 961/1190/1250
s 1
f 974/1191/1251 968/1182/1244 976/1192/1252
f 968/1182/1244 975/1193/1253 976/1192/1252
s 0
f 975/1194/1254 965/1185/1254 973/1195/1254
s 1
f 978/1196/1255 972/1197/1256 970/1186/1247
f 980/1198/1257 971/1187/1248 972/1197/1256
s 0
f 979/1199/1258 969/1189/1258 971/1200/1258
s 1
f 982/1201/1259 976/1192/1252 984/1202/1260
f 984/1202/1260 975/1193/1253 983/1203/1261
s 0
f 983/1204/1262 973/1195/1262 981/1205/1262
s 1
f 978/1196/1255 988/1206/1263 980/1198/1257
f 980/1198/1257 987/1207/1264 979/1208/1265
s 0
f 987/1209/1266 977/1210/1266 979/1199/1266
s 1
f 982/1201/1259 992/1211/1267 990/1212/1268
f 984/1202/1260 991/1213/1269 992/1211/1267
s 0
f 991/1214/1270 981/1205/1270 989/1215/1270
s 1
f 986/1216/1271 484/1217/766 988/1206/1263
f 484/1217/766 987/1207/1264 988/1206/1263
s 0
f 987/1209/1272 481/587/1272 985/1218/1272
s 1
f 486/1219/1273 992/1211/1267 488/1220/771
f 488/1220/771 991/1213/1269 487/1221/1274
s 0
f 991/1214/1275 485/594/1275 487/1222/1275
f 729/890/1276 857/1050/1276 985/1218/1276
s 1
f 486/1223/1273 490/597/776 482/581/764
f 990/1212/1268 482/1224/764 986/1216/1271
s 0
f 757/925/1277 629/764/1277 501/604/1277
s 1
f 494/589/770 498/596/775 490/597/776
f 502/601/779 506/617/792 498/596/775
f 506/617/792 518/621/795 514/616/791
f 518/621/795 522/636/807 514/616/791
f 522/636/807 534/641/811 530/635/806
f 534/641/811 538/646/815 530/635/806
f 542/651/819 546/656/823 538/646/815
f 550/661/827 554/676/839 546/656/823
f 558/670/834 562/675/838 554/676/839
f 566/681/843 570/686/847 562/675/838
f 574/691/851 578/696/855 570/686/847
f 578/696/855 590/711/867 586/716/871
f 590/711/867 594/727/880 586/716/871
f 598/721/875 602/726/879 594/727/880
f 606/732/884 610/746/895 602/726/879
f 614/741/891 618/745/894 610/746/895
f 622/752/900 626/756/903 618/745/894
f 630/762/908 634/776/919 626/756/903
f 638/771/915 642/775/918 634/776/919
f 646/781/923 650/786/927 642/775/918
f 654/791/931 658/796/935 650/786/927
f 662/801/939 666/806/943 658/796/935
f 670/812/948 674/816/951 666/806/943
f 678/821/955 682/836/967 674/816/951
f 686/830/962 690/835/966 682/836/967
f 694/841/971 698/855/982 690/835/966
f 702/851/979 706/866/991 698/855/982
f 710/862/988 714/876/999 706/866/991
f 718/872/996 722/886/1007 714/876/999
f 726/882/1004 730/897/1016 722/886/1007
f 734/892/1012 738/896/1015 730/897/1016
f 742/901/1019 746/917/1032 738/896/1015
f 750/912/1028 754/916/1031 746/917/1032
f 758/921/1035 762/926/1039 754/916/1031
f 766/931/1043 770/936/1047 762/926/1039
f 774/942/1052 778/946/1055 770/936/1047
f 782/951/1059 786/956/1063 778/946/1055
f 790/962/1068 794/966/1071 786/956/1063
f 798/971/1075 802/986/1087 794/966/1071
f 806/982/1084 810/997/1096 802/986/1087
f 814/992/1092 818/996/1095 810/997/1096
f 822/1002/1100 826/1015/1110 818/996/1095
f 830/1011/1107 834/1025/1118 826/1015/1110
f 838/1021/1115 842/1036/1127 834/1025/1118
f 846/1031/1123 850/1035/1126 842/1036/1127
f 854/1041/1131 858/1057/1144 850/1035/1126
f 862/1051/1139 866/1056/1143 858/1057/1144
f 870/1061/1147 874/1066/1151 866/1056/1143
f 878/1071/1155 882/1087/1168 874/1066/1151
f 882/1087/1168 894/1091/1171 890/1086/1167
f 894/1091/1171 898/1106/1183 890/1086/1167
f 902/1100/1178 906/1105/1182 898/1106/1183
f 910/1112/1188 914/1126/1199 906/1105/1182
f 918/1122/1196 922/1135/1206 914/1126/1199
f 926/1131/1203 930/1145/1214 922/1135/1206
f 934/1140/1210 938/1155/1222 930/1145/1214
f 942/1150/1218 946/1166/1231 938/1155/1222
f 950/1162/1228 954/1177/1240 946/1166/1231
f 958/1172/1236 962/1176/1239 954/1177/1240
f 966/1181/1243 970/1186/1247 962/1176/1239
f 974/1191/1251 978/1196/1255 970/1186/1247
f 982/1201/1259 986/1216/1271 978/1196/1255
f 482/581/764 490/597/776 492/582/765
f 484/583/766 492/582/765 491/584/767
s 0
f 491/586/769 489/600/769 481/587/769
s 1
f 494/589/770 486/1223/1273 488/590/771
f 488/590/771 487/1225/1274 495/592/773
s 0
f 495/593/774 487/1222/774 485/594/774
s 1
f 498/596/775 500/607/784 492/582/765
f 492/582/765 500/607/784 499/598/777
s 0
f 491/586/1278 499/610/1278 497/599/1278
s 1
f 502/601/779 494/589/770 496/591/772
f 496/591/772 495/592/773 503/603/781
s 0
f 495/593/1279 493/595/1279 501/604/1279
s 1
f 498/596/775 506/617/792 508/606/783
f 500/607/784 508/606/783 507/608/785
s 0
f 507/609/1280 505/620/1280 497/599/1280
s 1
f 502/601/779 504/602/780 512/611/787
f 504/602/780 503/603/781 511/613/789
s 0
f 511/614/1281 503/605/1281 501/604/1281
s 1
f 514/616/791 516/618/793 508/606/783
f 516/618/793 515/627/800 507/608/785
s 0
f 507/609/1282 515/628/1282 513/619/1282
s 1
f 518/621/795 510/612/788 512/611/787
f 520/622/796 512/611/787 511/613/789
s 0
f 511/614/1283 509/615/1283 517/624/1283
s 1
f 514/616/791 522/636/807 524/626/799
f 524/626/799 523/638/809 515/627/800
s 0
f 515/628/1284 523/639/1284 521/629/1284
s 1
f 518/621/795 520/622/796 528/630/802
f 520/622/796 519/623/797 527/632/804
s 0
f 527/633/1285 519/625/1285 517/624/1285
s 1
f 530/635/806 532/637/808 524/626/799
f 532/637/808 531/648/817 523/638/809
s 0
f 523/639/1286 531/650/1286 529/640/1286
s 1
f 534/641/811 526/631/803 528/630/802
f 536/642/812 528/630/802 527/632/804
s 0
f 527/633/1287 525/634/1287 533/644/1287
s 1
f 538/646/815 540/647/816 532/637/808
f 540/647/816 539/658/825 531/648/817
s 0
f 539/649/1288 537/660/1288 529/640/1288
s 1
f 542/651/819 534/641/811 536/642/812
f 544/652/820 536/642/812 535/643/813
s 0
f 543/654/1289 535/645/1289 533/644/1289
s 1
f 546/656/823 548/667/832 540/647/816
f 540/647/816 548/667/832 547/657/824
s 0
f 539/649/826 547/668/826 545/659/826
s 1
f 550/661/827 542/651/819 544/652/820
f 544/652/820 543/653/821 551/663/829
s 0
f 543/654/830 541/655/830 549/664/830
s 1
f 546/656/823 554/676/839 556/666/831
f 556/666/831 555/678/841 547/657/824
s 0
f 547/668/1290 555/679/1290 553/669/1290
s 1
f 558/670/834 550/661/827 552/662/828
f 552/662/828 551/663/829 559/672/836
s 0
f 551/665/1291 549/664/1291 557/673/1291
s 1
f 562/675/838 564/687/848 556/666/831
f 556/666/831 564/687/848 563/677/840
s 0
f 555/679/842 563/689/842 561/680/842
s 1
f 566/681/843 558/670/834 560/671/835
f 560/671/835 559/672/836 567/683/845
s 0
f 559/674/846 557/673/846 565/684/846
s 1
f 570/686/847 572/688/849 564/687/848
f 572/688/849 571/698/857 563/677/840
s 0
f 563/689/850 571/700/850 569/690/850
s 1
f 574/691/851 566/681/843 568/682/844
f 568/682/844 567/683/845 575/693/853
s 0
f 567/685/854 565/684/854 573/694/854
s 1
f 578/696/855 580/707/864 572/688/849
f 572/688/849 580/707/864 579/697/856
s 0
f 579/699/1292 577/710/1292 569/690/1292
s 1
f 574/691/851 576/692/852 584/701/859
f 576/692/852 575/693/853 583/703/861
s 0
f 575/695/1293 573/694/1293 581/704/1293
s 1
f 578/696/855 586/716/871 588/706/863
f 580/707/864 588/706/863 587/708/865
s 0
f 587/709/1294 585/720/1294 577/710/1294
s 1
f 590/711/867 582/702/860 584/701/859
f 584/701/859 583/703/861 591/713/869
s 0
f 591/714/1295 583/705/1295 581/704/1295
s 1
f 586/716/871 594/727/880 596/717/872
f 588/706/863 596/717/872 595/718/873
s 0
f 587/709/1296 595/729/1296 593/719/1296
s 1
f 598/721/875 590/711/867 592/712/868
f 592/712/868 591/713/869 599/723/877
s 0
f 591/714/1297 589/715/1297 597/724/1297
s 1
f 602/726/879 604/728/881 596/717/872
f 604/728/881 603/737/888 595/718/873
s 0
f 595/729/1298 603/738/1298 601/730/1298
s 1
f 598/721/875 600/722/876 608/731/883
f 608/731/883 600/722/876 599/723/877
s 0
f 599/725/1299 597/724/1299 605/734/1299
s 1
f 602/726/879 610/746/895 612/736/887
f 612/736/887 611/748/897 603/737/888
s 0
f 603/738/1300 611/750/1300 609/739/1300
s 1
f 606/732/884 608/731/883 616/740/890
f 616/740/890 608/731/883 607/733/885
s 0
f 607/735/1301 605/734/1301 613/743/1301
s 1
f 618/745/894 620/747/896 612/736/887
f 620/747/896 619/758/905 611/748/897
s 0
f 619/749/1302 617/760/1302 609/739/1302
s 1
f 614/741/891 616/740/890 624/751/899
f 624/751/899 616/740/890 615/742/892
s 0
f 615/744/1303 613/743/1303 621/754/1303
s 1
f 626/756/903 628/767/912 620/747/896
f 620/747/896 628/767/912 627/757/904
s 0
f 619/749/1304 627/768/1304 625/759/1304
s 1
f 622/752/900 624/751/899 632/761/907
f 624/751/899 623/753/901 631/763/909
s 0
f 623/755/1305 621/754/1305 629/764/1305
s 1
f 626/756/903 634/776/919 636/766/911
f 636/766/911 635/778/921 627/757/904
s 0
f 627/768/913 635/779/913 633/769/913
s 1
f 630/762/908 632/761/907 640/770/914
f 640/770/914 632/761/907 631/763/909
s 0
f 639/773/1306 631/765/1306 629/764/1306
s 1
f 642/775/918 644/787/928 636/766/911
f 636/766/911 644/787/928 643/777/920
s 0
f 635/779/1307 643/790/1307 641/780/1307
s 1
f 646/781/923 638/771/915 640/770/914
f 640/770/914 639/772/916 647/783/925
s 0
f 639/773/1308 637/774/1308 645/784/1308
s 1
f 650/786/927 652/797/936 644/787/928
f 644/787/928 652/797/936 651/788/929
s 0
f 651/789/1309 649/800/1309 641/780/1309
s 1
f 654/791/931 646/781/923 648/782/924
f 648/782/924 647/783/925 655/793/933
s 0
f 655/794/934 647/785/934 645/784/934
s 1
f 658/796/935 660/807/944 652/797/936
f 652/797/936 660/807/944 659/798/937
s 0
f 659/799/938 657/810/938 649/800/938
s 1
f 662/801/939 654/791/931 656/792/932
f 656/792/932 655/793/933 663/803/941
s 0
f 663/804/942 655/794/942 653/795/942
s 1
f 666/806/943 668/817/952 660/807/944
f 660/807/944 668/817/952 667/808/945
s 0
f 667/809/946 665/820/946 657/810/946
s 1
f 662/801/939 664/802/940 672/811/947
f 664/802/940 663/803/941 671/813/949
s 0
f 671/814/950 663/804/950 661/805/950
s 1
f 674/816/951 676/818/953 668/817/952
f 676/818/953 675/827/960 667/808/945
s 0
f 675/819/1310 673/829/1310 665/820/1310
s 1
f 678/821/955 670/812/948 672/811/947
f 680/822/956 672/811/947 671/813/949
s 0
f 671/814/1311 669/815/1311 677/824/1311
s 1
f 674/816/951 682/836/967 684/826/959
f 684/826/959 683/838/969 675/827/960
s 0
f 675/819/1312 683/840/1312 681/828/1312
s 1
f 686/830/962 678/821/955 680/822/956
f 688/831/963 680/822/956 679/823/957
s 0
f 679/825/1313 677/824/1313 685/833/1313
s 1
f 690/835/966 692/837/968 684/826/959
f 692/837/968 691/847/976 683/838/969
s 0
f 691/839/1314 689/849/1314 681/828/1314
s 1
f 694/841/971 686/830/962 688/831/963
f 696/842/972 688/831/963 687/832/964
s 0
f 695/844/1315 687/834/1315 685/833/1315
s 1
f 690/835/966 698/855/982 700/846/975
f 700/846/975 699/858/985 691/847/976
s 0
f 691/839/1316 699/859/1316 697/848/1316
s 1
f 694/841/971 696/842/972 704/850/978
f 696/842/972 695/843/973 703/852/980
s 0
f 703/853/1317 695/844/1317 693/845/1317
s 1
f 698/855/982 706/866/991 708/856/983
f 700/846/975 708/856/983 707/857/984
s 0
f 699/859/1318 707/870/1318 705/860/1318
s 1
f 702/851/979 704/850/978 712/861/987
f 704/850/978 703/852/980 711/863/989
s 0
f 703/853/1319 701/854/1319 709/864/1319
s 1
f 706/866/991 714/876/999 716/867/992
f 708/856/983 716/867/992 715/868/993
s 0
f 715/869/1320 713/880/1320 705/860/1320
s 1
f 710/862/988 712/861/987 720/871/995
f 720/871/995 712/861/987 711/863/989
s 0
f 719/874/1321 711/865/1321 709/864/1321
s 1
f 714/876/999 722/886/1007 724/877/1000
f 716/867/992 724/877/1000 723/878/1001
s 0
f 715/869/1322 723/889/1322 721/879/1322
s 1
f 718/872/996 720/871/995 728/881/1003
f 728/881/1003 720/871/995 719/873/997
s 0
f 727/884/1323 719/874/1323 717/875/1323
s 1
f 722/886/1007 730/897/1016 732/887/1008
f 724/877/1000 732/887/1008 731/888/1009
s 0
f 723/889/1324 731/900/1324 729/890/1324
s 1
f 726/882/1004 728/881/1003 736/891/1011
f 728/881/1003 727/883/1005 735/893/1013
s 0
f 735/894/1325 727/884/1325 725/885/1325
s 1
f 738/896/1015 740/898/1017 732/887/1008
f 740/898/1017 739/908/1025 731/888/1009
s 0
f 739/899/1326 737/910/1326 729/890/1326
s 1
f 742/901/1019 734/892/1012 736/891/1011
f 744/902/1020 736/891/1011 735/893/1013
s 0
f 743/904/1327 735/894/1327 733/895/1327
s 1
f 738/896/1015 746/917/1032 748/906/1023
f 740/898/1017 748/906/1023 747/907/1024
s 0
f 739/899/1328 747/920/1328 745/909/1328
s 1
f 742/901/1019 744/902/1020 752/911/1027
f 744/902/1020 743/903/1021 751/913/1029
s 0
f 743/904/1329 741/905/1329 749/914/1329
s 1
f 754/916/1031 756/918/1033 748/906/1023
f 756/918/1033 755/928/1041 747/907/1024
s 0
f 755/919/1330 753/930/1330 745/909/1330
s 1
f 758/921/1035 750/912/1028 752/911/1027
f 760/922/1036 752/911/1027 751/913/1029
s 0
f 759/924/1331 751/915/1331 749/914/1331
s 1
f 762/926/1039 764/937/1048 756/918/1033
f 756/918/1033 764/937/1048 763/927/1040
s 0
f 763/929/1332 761/940/1332 753/930/1332
s 1
f 766/931/1043 758/921/1035 760/922/1036
f 760/922/1036 759/923/1037 767/933/1045
s 0
f 767/934/1333 759/924/1333 757/925/1333
s 1
f 770/936/1047 772/938/1049 764/937/1048
f 772/938/1049 771/948/1057 763/927/1040
s 0
f 763/929/1334 771/950/1334 769/939/1334
s 1
f 766/931/1043 768/932/1044 776/941/1051
f 768/932/1044 767/933/1045 775/943/1053
s 0
f 767/934/1335 765/935/1335 773/944/1335
s 1
f 778/946/1055 780/947/1056 772/938/1049
f 780/947/1056 779/958/1065 771/948/1057
s 0
f 779/949/1336 777/960/1336 769/939/1336
s 1
f 782/951/1059 774/942/1052 776/941/1051
f 776/941/1051 775/943/1053 783/953/1061
s 0
f 783/954/1337 775/945/1337 773/944/1337
s 1
f 786/956/1063 788/957/1064 780/947/1056
f 788/957/1064 787/968/1073 779/958/1065
s 0
f 787/959/1338 785/970/1338 777/960/1338
s 1
f 782/951/1059 784/952/1060 792/961/1067
f 784/952/1060 783/953/1061 791/963/1069
s 0
f 791/964/1339 783/954/1339 781/955/1339
s 1
f 794/966/1071 796/977/1080 788/957/1064
f 788/957/1064 796/977/1080 795/967/1072
s 0
f 787/959/1340 795/980/1340 793/969/1340
s 1
f 798/971/1075 790/962/1068 792/961/1067
f 792/961/1067 791/963/1069 799/973/1077
s 0
f 791/964/1341 789/965/1341 797/974/1341
s 1
f 794/966/1071 802/986/1087 804/976/1079
f 796/977/1080 804/976/1079 803/978/1081
s 0
f 803/979/1342 801/990/1342 793/969/1342
s 1
f 798/971/1075 800/972/1076 808/981/1083
f 808/981/1083 800/972/1076 799/973/1077
s 0
f 807/984/1343 799/975/1343 797/974/1343
s 1
f 802/986/1087 810/997/1096 812/987/1088
f 804/976/1079 812/987/1088 811/988/1089
s 0
f 811/989/1344 809/1000/1344 801/990/1344
s 1
f 806/982/1084 808/981/1083 816/991/1091
f 808/981/1083 807/983/1085 815/993/1093
s 0
f 807/984/1345 805/985/1345 813/994/1345
s 1
f 818/996/1095 820/998/1097 812/987/1088
f 820/998/1097 819/1007/1104 811/988/1089
s 0
f 811/989/1098 819/1008/1098 817/999/1098
s 1
f 814/992/1092 816/991/1091 824/1001/1099
f 824/1001/1099 816/991/1091 815/993/1093
s 0
f 815/995/1102 813/994/1102 821/1004/1102
s 1
f 818/996/1095 826/1015/1110 828/1006/1103
f 828/1006/1103 827/1017/1112 819/1007/1104
s 0
f 819/1008/1105 827/1018/1105 825/1009/1105
s 1
f 822/1002/1100 824/1001/1099 832/1010/1106
f 832/1010/1106 824/1001/1099 823/1003/1101
s 0
f 823/1005/1109 821/1004/1109 829/1013/1109
s 1
f 826/1015/1110 834/1025/1118 836/1016/1111
f 836/1016/1111 835/1027/1120 827/1017/1112
s 0
f 827/1018/1113 835/1029/1113 833/1019/1113
s 1
f 830/1011/1107 832/1010/1106 840/1020/1114
f 840/1020/1114 832/1010/1106 831/1012/1108
s 0
f 831/1014/1117 829/1013/1117 837/1023/1117
s 1
f 834/1025/1118 842/1036/1127 844/1026/1119
f 844/1026/1119 843/1038/1129 835/1027/1120
s 0
f 843/1028/1346 841/1040/1346 833/1019/1346
s 1
f 838/1021/1115 840/1020/1114 848/1030/1122
f 848/1030/1122 840/1020/1114 839/1022/1116
s 0
f 847/1033/1347 839/1024/1347 837/1023/1347
s 1
f 850/1035/1126 852/1037/1128 844/1026/1119
f 852/1037/1128 851/1048/1137 843/1038/1129
s 0
f 843/1028/1348 851/1049/1348 849/1039/1348
s 1
f 854/1041/1131 846/1031/1123 848/1030/1122
f 856/1042/1132 848/1030/1122 847/1032/1124
s 0
f 847/1033/1349 845/1034/1349 853/1044/1349
s 1
f 850/1035/1126 858/1057/1144 860/1046/1135
f 852/1037/1128 860/1046/1135 859/1047/1136
s 0
f 851/1049/1350 859/1059/1350 857/1050/1350
s 1
f 862/1051/1139 854/1041/1131 856/1042/1132
f 856/1042/1132 855/1043/1133 863/1053/1141
s 0
f 855/1045/1351 853/1044/1351 861/1054/1351
s 1
f 866/1056/1143 868/1067/1152 860/1046/1135
f 860/1046/1135 868/1067/1152 867/1058/1145
s 0
f 859/1059/1352 867/1070/1352 865/1060/1352
s 1
f 870/1061/1147 862/1051/1139 864/1052/1140
f 864/1052/1140 863/1053/1141 871/1063/1149
s 0
f 863/1055/1353 861/1054/1353 869/1064/1353
s 1
f 874/1066/1151 876/1077/1160 868/1067/1152
f 868/1067/1152 876/1077/1160 875/1068/1153
s 0
f 875/1069/1354 873/1080/1354 865/1060/1354
s 1
f 878/1071/1155 870/1061/1147 872/1062/1148
f 872/1062/1148 871/1063/1149 879/1073/1157
s 0
f 879/1074/1355 871/1065/1355 869/1064/1355
s 1
f 874/1066/1151 882/1087/1168 884/1076/1159
f 876/1077/1160 884/1076/1159 883/1078/1161
s 0
f 883/1079/1356 881/1090/1356 873/1080/1356
s 1
f 886/1081/1163 878/1071/1155 880/1072/1156
f 880/1072/1156 879/1073/1157 887/1083/1165
s 0
f 887/1084/1357 879/1074/1357 877/1075/1357
s 1
f 890/1086/1167 892/1088/1169 884/1076/1159
f 892/1088/1169 891/1097/1176 883/1078/1161
s 0
f 891/1089/1358 889/1099/1358 881/1090/1358
s 1
f 894/1091/1171 886/1081/1163 888/1082/1164
f 896/1092/1172 888/1082/1164 887/1083/1165
s 0
f 895/1094/1359 887/1084/1359 885/1085/1359
s 1
f 890/1086/1167 898/1106/1183 900/1096/1175
f 900/1096/1175 899/1108/1185 891/1097/1176
s 0
f 891/1089/1360 899/1109/1360 897/1098/1360
s 1
f 902/1100/1178 894/1091/1171 896/1092/1172
f 904/1101/1179 896/1092/1172 895/1093/1173
s 0
f 895/1094/1361 893/1095/1361 901/1103/1361
s 1
f 906/1105/1182 908/1107/1184 900/1096/1175
f 908/1107/1184 907/1118/1193 899/1108/1185
s 0
f 899/1109/1362 907/1119/1362 905/1110/1362
s 1
f 902/1100/1178 904/1101/1179 912/1111/1187
f 904/1101/1179 903/1102/1180 911/1113/1189
s 0
f 903/1104/1363 901/1103/1363 909/1114/1363
s 1
f 906/1105/1182 914/1126/1199 916/1116/1191
f 908/1107/1184 916/1116/1191 915/1117/1192
s 0
f 907/1119/1194 915/1129/1194 913/1120/1194
s 1
f 910/1112/1188 912/1111/1187 920/1121/1195
f 912/1111/1187 911/1113/1189 919/1123/1197
s 0
f 911/1115/1198 909/1114/1198 917/1124/1198
s 1
f 914/1126/1199 922/1135/1206 924/1127/1200
f 924/1127/1200 923/1137/1208 915/1117/1192
s 0
f 923/1128/1201 921/1139/1201 913/1120/1201
s 1
f 918/1122/1196 920/1121/1195 928/1130/1202
f 928/1130/1202 920/1121/1195 919/1123/1197
s 0
f 927/1133/1205 919/1125/1205 917/1124/1205
s 1
f 922/1135/1206 930/1145/1214 932/1136/1207
f 932/1136/1207 931/1147/1216 923/1137/1208
s 0
f 931/1138/1364 929/1149/1364 921/1139/1364
s 1
f 934/1140/1210 926/1131/1203 928/1130/1202
f 928/1130/1202 927/1132/1204 935/1142/1212
s 0
f 935/1143/1365 927/1133/1365 925/1134/1365
s 1
f 930/1145/1214 938/1155/1222 940/1146/1215
f 940/1146/1215 939/1158/1225 931/1147/1216
s 0
f 939/1148/1217 937/1160/1217 929/1149/1217
s 1
f 942/1150/1218 934/1140/1210 936/1141/1211
f 944/1151/1219 936/1141/1211 935/1142/1212
s 0
f 943/1153/1221 935/1143/1221 933/1144/1221
s 1
f 938/1155/1222 946/1166/1231 948/1156/1223
f 940/1146/1215 948/1156/1223 947/1157/1224
s 0
f 939/1148/1366 947/1170/1366 945/1159/1366
s 1
f 942/1150/1218 944/1151/1219 952/1161/1227
f 944/1151/1219 943/1152/1220 951/1163/1229
s 0
f 943/1153/1367 941/1154/1367 949/1164/1367
s 1
f 946/1166/1231 954/1177/1240 956/1167/1232
f 948/1156/1223 956/1167/1232 955/1168/1233
s 0
f 955/1169/1368 953/1180/1368 945/1159/1368
s 1
f 950/1162/1228 952/1161/1227 960/1171/1235
f 952/1161/1227 951/1163/1229 959/1173/1237
s 0
f 951/1165/1369 949/1164/1369 957/1174/1369
s 1
f 962/1176/1239 964/1178/1241 956/1167/1232
f 964/1178/1241 963/1188/1249 955/1168/1233
s 0
f 963/1179/1370 961/1190/1370 953/1180/1370
s 1
f 966/1181/1243 958/1172/1236 960/1171/1235
f 968/1182/1244 960/1171/1235 959/1173/1237
s 0
f 967/1184/1371 959/1175/1371 957/1174/1371
s 1
f 970/1186/1247 972/1197/1256 964/1178/1241
f 964/1178/1241 972/1197/1256 971/1187/1248
s 0
f 963/1179/1372 971/1200/1372 969/1189/1372
s 1
f 974/1191/1251 966/1181/1243 968/1182/1244
f 968/1182/1244 967/1183/1245 975/1193/1253
s 0
f 975/1194/1373 967/1184/1373 965/1185/1373
s 1
f 978/1196/1255 980/1198/1257 972/1197/1256
f 980/1198/1257 979/1208/1265 971/1187/1248
s 0
f 979/1199/1374 977/1210/1374 969/1189/1374
s 1
f 982/1201/1259 974/1191/1251 976/1192/1252
f 984/1202/1260 976/1192/1252 975/1193/1253
s 0
f 983/1204/1375 975/1194/1375 973/1195/1375
s 1
f 978/1196/1255 986/1216/1271 988/1206/1263
f 980/1198/1257 988/1206/1263 987/1207/1264
s 0
f 987/1209/1376 985/1218/1376 977/1210/1376
s 1
f 982/1201/1259 984/1202/1260 992/1211/1267
f 984/1202/1260 983/1203/1261 991/1213/1269
s 0
f 991/1214/1377 983/1204/1377 981/1205/1377
s 1
f 986/1216/1271 482/1224/764 484/1217/766
f 484/1217/766 483/1226/768 987/1207/1264
s 0
f 987/1209/1272 483/588/1272 481/587/1272
s 1
f 486/1219/1273 990/1212/1268 992/1211/1267
f 488/1220/771 992/1211/1267 991/1213/1269
s 0
f 991/1214/1275 989/1215/1275 485/594/1275
f 985/1218/1276 481/587/1276 489/600/1276
f 489/600/1378 497/599/1378 505/620/1378
f 505/620/1276 513/619/1276 521/629/1276
f 521/629/1378 529/640/1378 537/660/1378
f 537/660/1276 545/659/1276 553/669/1276
f 553/669/1379 561/680/1379 569/690/1379
f 569/690/1380 577/710/1380 585/720/1380
f 585/720/1381 593/719/1381 601/730/1381
f 601/730/1276 609/739/1276 617/760/1276
f 617/760/1380 625/759/1380 633/769/1380
f 633/769/1382 641/780/1382 649/800/1382
f 649/800/1382 657/810/1382 665/820/1382
f 665/820/1276 673/829/1276 681/828/1276
f 681/828/1383 689/849/1383 697/848/1383
f 697/848/1276 705/860/1276 713/880/1276
f 713/880/1383 721/879/1383 729/890/1383
f 729/890/1276 737/910/1276 745/909/1276
f 745/909/1383 753/930/1383 761/940/1383
f 761/940/1276 769/939/1276 777/960/1276
f 777/960/1383 785/970/1383 793/969/1383
f 793/969/1276 801/990/1276 809/1000/1276
f 809/1000/1382 817/999/1382 825/1009/1382
f 825/1009/1384 833/1019/1384 841/1040/1384
f 841/1040/1385 849/1039/1385 857/1050/1385
f 857/1050/1276 865/1060/1276 873/1080/1276
f 873/1080/1384 881/1090/1384 889/1099/1384
f 889/1099/1379 897/1098/1379 905/1110/1379
f 905/1110/1379 913/1120/1379 921/1139/1379
f 921/1139/1276 929/1149/1276 937/1160/1276
f 937/1160/1378 945/1159/1378 953/1180/1378
f 953/1180/1276 961/1190/1276 969/1189/1276
f 969/1189/1378 977/1210/1378 985/1218/1378
f 985/1218/1276 489/600/1276 505/620/1276
f 505/620/1276 521/629/1276 537/660/1276
f 537/660/1276 553/669/1276 569/690/1276
f 569/690/1276 585/720/1276 601/730/1276
f 601/730/1276 617/760/1276 633/769/1276
f 633/769/1380 649/800/1380 665/820/1380
f 665/820/1276 681/828/1276 697/848/1276
f 697/848/1276 713/880/1276 729/890/1276
f 729/890/1276 745/909/1276 761/940/1276
f 761/940/1276 777/960/1276 793/969/1276
f 793/969/1276 809/1000/1276 825/1009/1276
f 825/1009/1276 841/1040/1276 857/1050/1276
f 857/1050/1276 873/1080/1276 889/1099/1276
f 889/1099/1384 905/1110/1384 921/1139/1384
f 921/1139/1276 937/1160/1276 953/1180/1276
f 953/1180/1276 969/1189/1276 985/1218/1276
f 985/1218/1386 505/620/1386 537/660/1386
f 537/660/1276 569/690/1276 601/730/1276
f 601/730/1387 633/769/1387 665/820/1387
f 665/820/1388 697/848/1388 729/890/1388
f 729/890/1388 761/940/1388 793/969/1388
f 793/969/1276 825/1009/1276 857/1050/1276
f 857/1050/1389 889/1099/1389 921/1139/1389
f 921/1139/1386 953/1180/1386 985/1218/1386
f 985/1218/1276 537/660/1276 601/730/1276
f 601/730/1276 665/820/1276 729/890/1276
f 729/890/1276 793/969/1276 857/1050/1276
f 857/1050/1276 921/1139/1276 985/1218/1276
f 985/1218/1276 601/730/1276 729/890/1276
s 1
f 486/1223/1273 494/589/770 490/597/776
f 990/1212/1268 486/1219/1273 482/1224/764
s 0
f 501/604/1390 493/595/1390 485/594/1390
f 485/594/1390 989/1215/1390 981/1205/1390
f 981/1205/1277 973/1195/1277 965/1185/1277
f 965/1185/1277 957/1174/1277 949/1164/1277
f 949/1164/1277 941/1154/1277 933/1144/1277
f 933/1144/1277 925/1134/1277 917/1124/1277
f 917/1124/1277 909/1114/1277 901/1103/1277
f 901/1103/1277 893/1095/1277 885/1085/1277
f 885/1085/1277 877/1075/1277 869/1064/1277
f 869/1064/1277 861/1054/1277 853/1044/1277
f 853/1044/1277 845/1034/1277 837/1023/1277
f 837/1023/1277 829/1013/1277 821/1004/1277
f 821/1004/1277 813/994/1277 805/985/1277
f 805/985/1277 797/974/1277 789/965/1277
f 789/965/1277 781/955/1277 773/944/1277
f 773/944/1277 765/935/1277 757/925/1277
f 757/925/1391 749/914/1391 741/905/1391
f 741/905/1391 733/895/1391 725/885/1391
f 725/885/1277 717/875/1277 709/864/1277
f 709/864/1277 701/854/1277 693/845/1277
f 693/845/1277 685/833/1277 677/824/1277
f 677/824/1277 669/815/1277 661/805/1277
f 661/805/1277 653/795/1277 645/784/1277
f 645/784/1277 637/774/1277 629/764/1277
f 629/764/1277 621/754/1277 613/743/1277
f 613/743/1277 605/734/1277 597/724/1277
f 597/724/1277 589/715/1277 581/704/1277
f 581/704/1277 573/694/1277 565/684/1277
f 565/684/1277 557/673/1277 549/664/1277
f 549/664/1277 541/655/1277 533/644/1277
f 533/644/1277 525/634/1277 517/624/1277
f 517/624/1277 509/615/1277 501/604/1277
f 501/604/1277 485/594/1277 981/1205/1277
f 981/1205/1392 965/1185/1392 949/1164/1392
f 949/1164/1393 933/1144/1393 917/1124/1393
f 917/1124/1394 901/1103/1394 885/1085/1394
f 885/1085/1277 869/1064/1277 853/1044/1277
f 853/1044/1277 837/1023/1277 821/1004/1277
f 821/1004/1395 805/985/1395 789/965/1395
f 789/965/1396 773/944/1396 757/925/1396
f 757/925/1277 741/905/1277 725/885/1277
f 725/885/1396 709/864/1396 693/845/1396
f 693/845/1395 677/824/1395 661/805/1395
f 661/805/1397 645/784/1397 629/764/1397
f 629/764/1277 613/743/1277 597/724/1277
f 597/724/1277 581/704/1277 565/684/1277
f 565/684/1393 549/664/1393 533/644/1393
f 533/644/1392 517/624/1392 501/604/1392
f 501/604/1277 981/1205/1277 949/1164/1277
f 949/1164/1277 917/1124/1277 885/1085/1277
f 885/1085/1277 853/1044/1277 821/1004/1277
f 821/1004/1277 789/965/1277 757/925/1277
f 757/925/1277 725/885/1277 693/845/1277
f 693/845/1277 661/805/1277 629/764/1277
f 629/764/1277 597/724/1277 565/684/1277
f 565/684/1277 533/644/1277 501/604/1277
f 501/604/1277 949/1164/1277 885/1085/1277
f 885/1085/1277 821/1004/1277 757/925/1277
f 757/925/1277 693/845/1277 629/764/1277
f 629/764/1277 565/684/1277 501/604/1277
f 501/604/1277 885/1085/1277 757/925/1277
s 1
f 494/589/770 502/601/779 498/596/775
f 502/601/779 510/612/788 506/617/792
f 506/617/792 510/612/788 518/621/795
f 518/621/795 526/631/803 522/636/807
f 522/636/807 526/631/803 534/641/811
f 534/641/811 542/651/819 538/646/815
f 542/651/819 550/661/827 546/656/823
f 550/661/827 558/670/834 554/676/839
f 558/670/834 566/681/843 562/675/838
f 566/681/843 574/691/851 570/686/847
f 574/691/851 582/702/860 578/696/855
f 578/696/855 582/702/860 590/711/867
f 590/711/867 598/721/875 594/727/880
f 598/721/875 606/732/884 602/726/879
f 606/732/884 614/741/891 610/746/895
f 614/741/891 622/752/900 618/745/894
f 622/752/900 630/762/908 626/756/903
f 630/762/908 638/771/915 634/776/919
f 638/771/915 646/781/923 642/775/918
f 646/781/923 654/791/931 650/786/927
f 654/791/931 662/801/939 658/796/935
f 662/801/939 670/812/948 666/806/943
f 670/812/948 678/821/955 674/816/951
f 678/821/955 686/830/962 682/836/967
f 686/830/962 694/841/971 690/835/966
f 694/841/971 702/851/979 698/855/982
f 702/851/979 710/862/988 706/866/991
f 710/862/988 718/872/996 714/876/999
f 718/872/996 726/882/1004 722/886/1007
f 726/882/1004 734/892/1012 730/897/1016
f 734/892/1012 742/901/1019 738/896/1015
f 742/901/1019 750/912/1028 746/917/1032
f 750/912/1028 758/921/1035 754/916/1031
f 758/921/1035 766/931/1043 762/926/1039
f 766/931/1043 774/942/1052 770/936/1047
f 774/942/1052 782/951/1059 778/946/1055
f 782/951/1059 790/962/1068 786/956/1063
f 790/962/1068 798/971/1075 794/966/1071
f 798/971/1075 806/982/1084 802/986/1087
f 806/982/1084 814/992/1092 810/997/1096
f 814/992/1092 822/1002/1100 818/996/1095
f 822/1002/1100 830/1011/1107 826/1015/1110
f 830/1011/1107 838/1021/1115 834/1025/1118
f 838/1021/1115 846/1031/1123 842/1036/1127
f 846/1031/1123 854/1041/1131 850/1035/1126
f 854/1041/1131 862/1051/1139 858/1057/1144
f 862/1051/1139 870/1061/1147 866/1056/1143
f 870/1061/1147 878/1071/1155 874/1066/1151
f 878/1071/1155 886/1081/1163 882/1087/1168
f 882/1087/1168 886/1081/1163 894/1091/1171
f 894/1091/1171 902/1100/1178 898/1106/1183
f 902/1100/1178 910/1112/1188 906/1105/1182
f 910/1112/1188 918/1122/1196 914/1126/1199
f 918/1122/1196 926/1131/1203 922/1135/1206
f 926/1131/1203 934/1140/1210 930/1145/1214
f 934/1140/1210 942/1150/1218 938/1155/1222
f 942/1150/1218 950/1162/1228 946/1166/1231
f 950/1162/1228 958/1172/1236 954/1177/1240
f 958/1172/1236 966/1181/1243 962/1176/1239
f 966/1181/1243 974/1191/1251 970/1186/1247
f 974/1191/1251 982/1201/1259 978/1196/1255
f 982/1201/1259 990/1212/1268 986/1216/1271
o Drive_Motor.001
v -0.489000 -0.081030 0.004000
v -0.489000 -0.083030 0.006000
v -0.491000 -0.081030 0.006000
v -0.489000 -0.082028 0.004267
v -0.489999 -0.081030 0.004267
v -0.489956 -0.081986 0.004527
v -0.489999 -0.082762 0.006000
v -0.489000 -0.082762 0.005001
v -0.489956 -0.082503 0.005044
v -0.490733 -0.081030 0.005001
v -0.490733 -0.082028 0.006000
v -0.490473 -0.081986 0.005044
v -0.489000 -0.083030 0.042000
v -0.489000 -0.081030 0.044000
v -0.491000 -0.081030 0.042000
v -0.489000 -0.082762 0.042999
v -0.489999 -0.082762 0.042000
v -0.489956 -0.082503 0.042956
v -0.489999 -0.081030 0.043733
v -0.489000 -0.082028 0.043733
v -0.489956 -0.081986 0.043473
v -0.490733 -0.082028 0.042000
v -0.490733 -0.081030 0.042999
v -0.490473 -0.081986 0.042956
v -0.489000 -0.045030 0.004000
v -0.491000 -0.045030 0.006000
v -0.489000 -0.043030 0.006000
v -0.489999 -0.045030 0.004267
v -0.489000 -0.044031 0.004267
v -0.489956 -0.044073 0.004527
v -0.490733 -0.044031 0.006000
v -0.490733 -0.045030 0.005001
v -0.490473 -0.044073 0.005044
v -0.489000 -0.043297 0.005001
v -0.489999 -0.043297 0.006000
v -0.489956 -0.043556 0.005044
v -0.489000 -0.045030 0.044000
v -0.489000 -0.043030 0.042000
v -0.491000 -0.045030 0.042000
v -0.489000 -0.044031 0.043733
v -0.489999 -0.045030 0.043733
v -0.489956 -0.044073 0.043473
v -0.489999 -0.043297 0.042000
v -0.489000 -0.043297 0.042999
v -0.489956 -0.043556 0.042956
v -0.490733 -0.045030 0.042999
v -0.490733 -0.044031 0.042000
v -0.490473 -0.044073 0.042956
v -0.445000 -0.081030 0.004000
v -0.443000 -0.081030 0.006000
v -0.445000 -0.083030 0.006000
v -0.444001 -0.081030 0.004267
v -0.445000 -0.082028 0.004267
v -0.444044 -0.081986 0.004527
v -0.443267 -0.082028 0.006000
v -0.443267 -0.081030 0.005001
v -0.443527 -0.081986 0.005044
v -0.445000 -0.082762 0.005001
v -0.444001 -0.082762 0.006000
v -0.444044 -0.082503 0.005044
v -0.445000 -0.081030 0.044000
v -0.445000 -0.083030 0.042000
v -0.443000 -0.081030 0.042000
v -0.445000 -0.082028 0.043733
v -0.444001 -0.081030 0.043733
v -0.444044 -0.081986 0.043473
v -0.444001 -0.082762 0.042000
v -0.445000 -0.082762 0.042999
v -0.444044 -0.082503 0.042956
v -0.443267 -0.081030 0.042999
v -0.443267 -0.082028 0.042000
v -0.443527 -0.081986 0.042956
v -0.445000 -0.045030 0.004000
v -0.445000 -0.043030 0.006000
v -0.443000 -0.045030 0.006000
v -0.445000 -0.044031 0.004267
v -0.444001 -0.045030 0.004267
v -0.444044 -0.044073 0.004527
v -0.444001 -0.043297 0.006000
v -0.445000 -0.043297 0.005001
v -0.444044 -0.043556 0.005044
v -0.443267 -0.045030 0.005001
v -0.443267 -0.044031 0.006000
v -0.443527 -0.044073 0.005044
v -0.445000 -0.045030 0.044000
v -0.443000 -0.045030 0.042000
v -0.445000 -0.043030 0.042000
v -0.444001 -0.045030 0.043733
v -0.445000 -0.044031 0.043733
v -0.444044 -0.044073 0.043473
v -0.443267 -0.044031 0.042000
v -0.443267 -0.045030 0.042999
v -0.443527 -0.044073 0.042956
v -0.445000 -0.043297 0.042999
v -0.444001 -0.043297 0.042000
v -0.444044 -0.043556 0.042956
vn -0.2502 -0.2502 -0.9353
vn -0.2178 -0.6901 -0.6901
vn -0.2502 -0.9353 -0.2502
vn -0.6901 -0.6901 -0.2178
vn -0.9353 -0.2502 -0.2502
vn -0.6901 -0.2178 -0.6901
vn -0.5774 -0.5773 -0.5774
vn -0.2502 -0.9353 0.2502
vn -0.2178 -0.6902 0.6901
vn -0.2502 -0.2502 0.9353
vn -0.6901 -0.2178 0.6901
vn -0.9353 -0.2502 0.2502
vn -0.6901 -0.6901 0.2178
vn -0.5773 -0.5774 0.5773
vn -0.2502 0.2502 -0.9353
vn -0.6901 0.2177 -0.6901
vn -0.9353 0.2502 -0.2502
vn -0.6902 0.6901 -0.2178
vn -0.2502 0.9353 -0.2502
vn -0.2178 0.6901 -0.6901
vn -0.5774 0.5773 -0.5773
vn -0.2502 0.2502 0.9353
vn -0.2178 0.6902 0.6901
vn -0.2502 0.9353 0.2502
vn -0.6901 0.6902 0.2178
vn -0.9353 0.2502 0.2502
vn -0.6901 0.2178 0.6901
vn -0.5773 0.5774 0.5773
vn 0.2502 -0.2502 -0.9353
vn 0.6901 -0.2178 -0.6901
vn 0.9353 -0.2503 -0.2502
vn 0.6901 -0.6901 -0.2178
vn 0.2502 -0.9353 -0.2502
vn 0.2178 -0.6901 -0.6901
vn 0.5773 -0.5774 -0.5773
vn 0.2502 -0.2502 0.9353
vn 0.2178 -0.6902 0.6901
vn 0.2502 -0.9353 0.2502
vn 0.6901 -0.6901 0.2178
vn 0.9353 -0.2502 0.2502
vn 0.6901 -0.2177 0.6901
vn 0.5774 -0.5773 0.5774
vn 0.2502 0.2502 -0.9353
vn 0.2178 0.6901 -0.6901
vn 0.2502 0.9353 -0.2502
vn 0.6901 0.6902 -0.2178
vn 0.9353 0.2503 -0.2502
vn 0.6901 0.2178 -0.6901
vn 0.5773 0.5774 -0.5773
vn 0.2502 0.2502 0.9353
vn 0.6901 0.2178 0.6901
vn 0.9353 0.2502 0.2502
vn 0.6901 0.6901 0.2178
vn 0.2502 0.9353 0.2502
vn 0.2178 0.6901 0.6901
vn 0.5774 0.5773 0.5773
vn -0.2585 -0.0000 -0.9660
vn -0.7071 -0.0000 -0.7071
vn -0.9660 -0.0000 -0.2584
vn -0.2585 -0.9660 -0.0000
vn -0.7071 -0.7071 -0.0000
vn -0.9660 -0.2584 -0.0000
vn -0.2585 -0.0000 0.9660
vn -0.7071 -0.0000 0.7071
vn -0.9660 -0.0000 0.2584
vn -0.2585 0.9660 -0.0000
vn -0.7071 0.7071 -0.0000
vn -0.9660 0.2584 -0.0000
vn -0.0000 0.2585 -0.9660
vn -0.0000 0.7071 -0.7071
vn -0.0000 0.9660 -0.2585
vn -0.0000 0.2585 0.9660
vn -0.0000 0.7071 0.7071
vn -0.0000 0.9660 0.2585
vn 0.9660 0.2584 -0.0000
vn 0.7071 0.7071 -0.0000
vn 0.2585 0.9660 -0.0000
vn 0.2585 -0.0000 -0.9660
vn 0.7071 -0.0000 -0.7071
vn 0.9660 -0.0000 -0.2584
vn 0.2585 -0.0000 0.9660
vn 0.7071 -0.0000 0.7071
vn 0.9660 -0.0000 0.2584
vn 0.2585 -0.9660 -0.0000
vn 0.7071 -0.7071 -0.0000
vn 0.9660 -0.2584 -0.0000
vn -0.0000 -0.2585 -0.9660
vn -0.0000 -0.7071 -0.7071
vn -0.0000 -0.9660 -0.2585
vn -0.0000 -0.2585 0.9660
vn -0.0000 -0.7071 0.7071
vn -0.0000 -0.9660 0.2585
vn -0.0000 -0.0000 -1.0000
vn -1.0000 -0.0000 -0.0000
vn -0.0000 -1.0000 -0.0000
vn -0.0000 -0.0000 1.0000
vn -0.0000 1.0000 -0.0000
vn 1.0000 -0.0000 -0.0000
vn -0.2635 -0.2635 -0.9280
vn -0.2635 -0.9280 -0.2635
vn -0.9280 -0.2635 -0.2635
vn -0.6901 -0.2177 -0.6901
vn -0.2635 -0.9280 0.2635
vn -0.2178 -0.6901 0.6901
vn -0.2635 -0.2635 0.9280
vn -0.9280 -0.2635 0.2635
vn -0.2635 0.2635 -0.9280
vn -0.6901 0.2178 -0.6901
vn -0.9280 0.2635 -0.2635
vn -0.6901 0.6902 -0.2178
vn -0.2635 0.9280 -0.2635
vn -0.2178 0.6901 -0.6902
vn -0.2635 0.2635 0.9280
vn -0.2178 0.6901 0.6901
vn -0.2635 0.9280 0.2635
vn -0.6902 0.6901 0.2178
vn -0.9280 0.2635 0.2635
vn 0.2635 -0.2635 -0.9280
vn 0.6901 -0.2177 -0.6901
vn 0.9280 -0.2635 -0.2635
vn 0.6901 -0.6902 -0.2178
vn 0.2635 -0.9280 -0.2635
vn 0.2635 -0.2635 0.9280
vn 0.2178 -0.6901 0.6902
vn 0.2635 -0.9280 0.2635
vn 0.9280 -0.2635 0.2635
vn 0.6901 -0.2178 0.6901
vn 0.2635 0.2635 -0.9280
vn 0.2635 0.9280 -0.2635
vn 0.6901 0.6901 -0.2178
vn 0.9280 0.2635 -0.2635
vn 0.6901 0.2177 -0.6901
vn 0.2635 0.2635 0.9280
vn 0.6901 0.2177 0.6901
vn 0.9280 0.2635 0.2635
vn 0.6901 0.6902 0.2178
vn 0.2635 0.9280 0.2635
vn -0.0000 0.9660 -0.2584
vn -0.0000 -0.9660 -0.2584
vn -0.0000 -0.9660 0.2584
vt 0.135417 0.743742
vt 0.130215 0.737500
vt 0.135417 0.737500
vt 0.135417 0.750000
vt 0.130435 0.743478
vt 0.387500 1.000000
vt 0.375000 0.989583
vt 0.387500 0.989583
vt 0.387500 0.000000
vt 0.375000 0.006522
vt 0.375000 0.000000
vt 0.375000 0.012500
vt 0.387500 0.006258
vt 0.387500 0.012500
vt 0.125000 0.737500
vt 0.125000 0.743478
vt 0.130435 0.750000
vt 0.618742 0.989583
vt 0.612500 1.000000
vt 0.612500 0.989583
vt 0.625000 0.989583
vt 0.618478 0.994565
vt 0.875000 0.737500
vt 0.864583 0.750000
vt 0.864583 0.737500
vt 0.618742 0.012500
vt 0.625000 0.000000
vt 0.625000 0.012500
vt 0.612500 0.006258
vt 0.612500 0.012500
vt 0.612500 0.000000
vt 0.618478 0.006522
vt 0.625000 0.994565
vt 0.618478 0.997257
vt 0.130215 0.512500
vt 0.135417 0.506258
vt 0.135417 0.512500
vt 0.125000 0.512500
vt 0.130435 0.506522
vt 0.387500 0.243742
vt 0.375000 0.237500
vt 0.387500 0.237500
vt 0.375000 0.255435
vt 0.375000 0.243478
vt 0.375000 0.260417
vt 0.387500 0.255215
vt 0.387500 0.260417
vt 0.130435 0.500000
vt 0.135417 0.500000
vt 0.125000 0.506522
vt 0.864583 0.500000
vt 0.875000 0.512500
vt 0.864583 0.512500
vt 0.618742 0.260417
vt 0.625000 0.253624
vt 0.625000 0.260417
vt 0.612500 0.255215
vt 0.612500 0.260417
vt 0.612500 0.243742
vt 0.618478 0.255435
vt 0.618742 0.237500
vt 0.612500 0.237500
vt 0.618478 0.245794
vt 0.369785 0.737500
vt 0.364583 0.743742
vt 0.364583 0.737500
vt 0.379206 0.743478
vt 0.369565 0.743478
vt 0.387500 0.743742
vt 0.381258 0.737500
vt 0.387500 0.737500
vt 0.372282 0.752718
vt 0.369792 0.755208
vt 0.387500 0.755215
vt 0.387500 0.760417
vt 0.630208 0.755208
vt 0.630215 0.737500
vt 0.635417 0.737500
vt 0.618478 0.755435
vt 0.627718 0.752718
vt 0.612500 0.755215
vt 0.618742 0.760417
vt 0.612500 0.760417
vt 0.612500 0.743742
vt 0.618742 0.737500
vt 0.612500 0.737500
vt 0.618478 0.745794
vt 0.364583 0.506258
vt 0.369785 0.512500
vt 0.364583 0.512500
vt 0.372282 0.497282
vt 0.369565 0.506522
vt 0.387500 0.494785
vt 0.369792 0.494792
vt 0.387500 0.489583
vt 0.379206 0.506522
vt 0.381258 0.512500
vt 0.387500 0.506258
vt 0.387500 0.512500
vt 0.630215 0.512500
vt 0.630208 0.494792
vt 0.635417 0.512500
vt 0.618478 0.506522
vt 0.626072 0.503533
vt 0.612500 0.506258
vt 0.618742 0.512500
vt 0.612500 0.512500
vt 0.612500 0.494785
vt 0.618742 0.489583
vt 0.612500 0.489583
vt 0.618478 0.496747
vt 0.625000 0.237500
vt 0.375000 0.994565
vt 0.869565 0.750000
vt 0.618478 0.003292
vt 0.869565 0.500000
s 0
usemtl Mat_Black
f 996/1227/1398 997/1228/1398 993/1229/1398
f 1000/1230/1399 998/1231/1399 996/1227/1399
f 999/1232/1400 1000/1233/1400 994/1234/1400
f 999/1235/1401 1004/1236/1401 1001/1237/1401
f 1002/1238/1402 1003/1239/1402 995/1240/1402
f 1002/1241/1403 998/1231/1403 1004/1242/1403
f 998/1231/1404 1001/1243/1404 1004/1242/1404
f 1008/1244/1405 1009/1245/1405 1005/1246/1405
f 1012/1247/1406 1010/1248/1406 1008/1244/1406
f 1011/1249/1407 1012/1250/1407 1006/1251/1407
f 1015/1252/1408 1013/1253/1408 1011/1254/1408
f 1014/1255/1409 1015/1252/1409 1007/1256/1409
f 1009/1257/1410 1016/1258/1410 1014/1255/1410
f 1010/1248/1411 1013/1259/1411 1016/1260/1411
f 1020/1261/1412 1021/1262/1412 1017/1263/1412
f 1024/1264/1413 1022/1265/1413 1020/1261/1413
f 1023/1266/1414 1024/1267/1414 1018/1268/1414
f 1023/1266/1415 1028/1269/1415 1025/1270/1415
f 1026/1271/1416 1027/1272/1416 1019/1273/1416
f 1021/1262/1417 1028/1274/1417 1026/1275/1417
f 1022/1265/1418 1025/1276/1418 1028/1274/1418
f 1032/1277/1419 1033/1278/1419 1029/1279/1419
f 1036/1280/1420 1034/1281/1420 1032/1282/1420
f 1035/1283/1421 1036/1280/1421 1030/1284/1421
f 1039/1285/1422 1037/1286/1422 1035/1283/1422
f 1038/1287/1423 1039/1285/1423 1031/1288/1423
f 1038/1287/1424 1034/1281/1424 1040/1289/1424
f 1034/1281/1425 1037/1286/1425 1040/1289/1425
f 1044/1290/1426 1045/1291/1426 1041/1292/1426
f 1044/1290/1427 1049/1293/1427 1046/1294/1427
f 1047/1295/1428 1048/1296/1428 1042/1297/1428
f 1047/1295/1429 1052/1298/1429 1049/1293/1429
f 1050/1299/1430 1051/1300/1430 1043/1301/1430
f 1045/1291/1431 1052/1298/1431 1050/1299/1431
f 1046/1294/1432 1049/1293/1432 1052/1298/1432
f 1056/1302/1433 1057/1303/1433 1053/1304/1433
f 1056/1302/1434 1061/1305/1434 1058/1306/1434
f 1059/1307/1435 1060/1308/1435 1054/1309/1435
f 1063/1310/1436 1061/1305/1436 1059/1307/1436
f 1062/1311/1437 1063/1310/1437 1055/1312/1437
f 1057/1303/1438 1064/1313/1438 1062/1311/1438
f 1058/1306/1439 1061/1305/1439 1064/1313/1439
f 1068/1314/1440 1069/1315/1440 1065/1316/1440
f 1068/1314/1441 1073/1317/1441 1070/1318/1441
f 1071/1319/1442 1072/1320/1442 1066/1321/1442
f 1071/1319/1443 1076/1322/1443 1073/1317/1443
f 1074/1323/1444 1075/1324/1444 1067/1325/1444
f 1074/1323/1445 1070/1318/1445 1076/1322/1445
f 1070/1318/1446 1073/1317/1446 1076/1322/1446
f 1080/1326/1447 1081/1327/1447 1077/1328/1447
f 1080/1326/1448 1085/1329/1448 1082/1330/1448
f 1083/1331/1449 1084/1332/1449 1078/1333/1449
f 1087/1334/1450 1085/1329/1450 1083/1331/1450
f 1086/1335/1451 1087/1334/1451 1079/1336/1451
f 1086/1335/1452 1082/1330/1452 1088/1337/1452
f 1082/1330/1453 1085/1329/1453 1088/1337/1453
f 993/1229/1454 1020/1261/1454 1017/1263/1454
f 997/1228/1455 1024/1264/1455 1020/1261/1455
f 1002/1238/1456 1018/1268/1456 1024/1267/1456
f 1005/1246/1457 999/1232/1457 994/1234/1457
f 1009/1257/1458 1003/1239/1458 999/1235/1458
f 1014/1255/1459 995/1240/1459 1003/1239/1459
f 1029/1279/1460 1011/1249/1460 1006/1251/1460
f 1033/1338/1461 1015/1252/1461 1011/1254/1461
f 1038/1287/1462 1007/1256/1462 1015/1252/1462
f 1019/1273/1463 1035/1283/1463 1030/1284/1463
f 1027/1272/1464 1039/1285/1464 1035/1283/1464
f 1023/1266/1465 1031/1288/1465 1039/1285/1465
f 1017/1263/1466 1068/1314/1466 1065/1316/1466
f 1021/1262/1467 1072/1320/1467 1068/1314/1467
f 1026/1271/1468 1066/1321/1468 1072/1320/1468
f 1077/1328/1469 1032/1277/1469 1029/1279/1469
f 1081/1327/1470 1036/1280/1470 1032/1282/1470
f 1086/1335/1471 1030/1284/1471 1036/1280/1471
f 1067/1325/1472 1083/1331/1472 1078/1333/1472
f 1075/1324/1473 1087/1334/1473 1083/1331/1473
f 1071/1319/1474 1079/1336/1474 1087/1334/1474
f 1065/1316/1475 1044/1290/1475 1041/1292/1475
f 1069/1315/1476 1048/1296/1476 1044/1290/1476
f 1074/1323/1477 1042/1297/1477 1048/1296/1477
f 1053/1304/1478 1080/1326/1478 1077/1328/1478
f 1057/1303/1479 1084/1332/1479 1080/1326/1479
f 1062/1311/1480 1078/1333/1480 1084/1332/1480
f 1043/1301/1481 1059/1307/1481 1054/1309/1481
f 1051/1300/1482 1063/1310/1482 1059/1307/1482
f 1047/1295/1483 1055/1312/1483 1063/1310/1483
f 1041/1292/1484 996/1227/1484 993/1229/1484
f 1045/1291/1485 1000/1230/1485 996/1227/1485
f 1050/1299/1486 994/1234/1486 1000/1233/1486
f 1006/1251/1487 1056/1302/1487 1053/1304/1487
f 1012/1247/1488 1060/1308/1488 1056/1302/1488
f 1008/1244/1489 1054/1309/1489 1060/1308/1489
f 1065/1316/1490 993/1229/1490 1017/1263/1490
f 1007/1256/1491 1018/1268/1491 995/1240/1491
f 1054/1309/1492 994/1234/1492 1043/1301/1492
f 1029/1279/1493 1053/1304/1493 1077/1328/1493
f 1030/1284/1494 1066/1321/1494 1019/1273/1494
f 1078/1333/1495 1042/1297/1495 1067/1325/1495
f 996/1227/1496 998/1231/1496 997/1228/1496
f 1000/1230/1399 1001/1243/1399 998/1231/1399
f 999/1232/1497 1001/1339/1497 1000/1233/1497
f 999/1235/1401 1003/1239/1401 1004/1236/1401
f 1002/1238/1498 1004/1236/1498 1003/1239/1498
f 1002/1241/1499 997/1228/1499 998/1231/1499
f 1008/1244/1500 1010/1248/1500 1009/1245/1500
f 1012/1247/1501 1013/1259/1501 1010/1248/1501
f 1011/1249/1502 1013/1340/1502 1012/1250/1502
f 1015/1252/1408 1016/1258/1408 1013/1253/1408
f 1014/1255/1503 1016/1258/1503 1015/1252/1503
f 1009/1257/1410 1010/1341/1410 1016/1258/1410
f 1020/1261/1504 1022/1265/1504 1021/1262/1504
f 1024/1264/1505 1025/1276/1505 1022/1265/1505
f 1023/1266/1506 1025/1270/1506 1024/1267/1506
f 1023/1266/1507 1027/1272/1507 1028/1269/1507
f 1026/1271/1508 1028/1269/1508 1027/1272/1508
f 1021/1262/1509 1022/1265/1509 1028/1274/1509
f 1032/1277/1510 1034/1342/1510 1033/1278/1510
f 1036/1280/1511 1037/1286/1511 1034/1281/1511
f 1035/1283/1512 1037/1286/1512 1036/1280/1512
f 1039/1285/1513 1040/1289/1513 1037/1286/1513
f 1038/1287/1514 1040/1289/1514 1039/1285/1514
f 1038/1287/1424 1033/1338/1424 1034/1281/1424
f 1044/1290/1515 1046/1294/1515 1045/1291/1515
f 1044/1290/1516 1048/1296/1516 1049/1293/1516
f 1047/1295/1517 1049/1293/1517 1048/1296/1517
f 1047/1295/1518 1051/1300/1518 1052/1298/1518
f 1050/1299/1519 1052/1298/1519 1051/1300/1519
f 1045/1291/1431 1046/1294/1431 1052/1298/1431
f 1056/1302/1520 1058/1306/1520 1057/1303/1520
f 1056/1302/1521 1060/1308/1521 1061/1305/1521
f 1059/1307/1522 1061/1305/1522 1060/1308/1522
f 1063/1310/1436 1064/1313/1436 1061/1305/1436
f 1062/1311/1523 1064/1313/1523 1063/1310/1523
f 1057/1303/1524 1058/1306/1524 1064/1313/1524
f 1068/1314/1525 1070/1318/1525 1069/1315/1525
f 1068/1314/1441 1072/1320/1441 1073/1317/1441
f 1071/1319/1526 1073/1317/1526 1072/1320/1526
f 1071/1319/1527 1075/1324/1527 1076/1322/1527
f 1074/1323/1528 1076/1322/1528 1075/1324/1528
f 1074/1323/1529 1069/1315/1529 1070/1318/1529
f 1080/1326/1530 1082/1330/1530 1081/1327/1530
f 1080/1326/1531 1084/1332/1531 1085/1329/1531
f 1083/1331/1532 1085/1329/1532 1084/1332/1532
f 1087/1334/1533 1088/1337/1533 1085/1329/1533
f 1086/1335/1534 1088/1337/1534 1087/1334/1534
f 1086/1335/1452 1081/1327/1452 1082/1330/1452
f 993/1229/1454 997/1228/1454 1020/1261/1454
f 997/1228/1455 1002/1241/1455 1024/1264/1455
f 1002/1238/1456 995/1240/1456 1018/1268/1456
f 1005/1246/1457 1009/1245/1457 999/1232/1457
f 1009/1257/1458 1014/1255/1458 1003/1239/1458
f 1014/1255/1459 1007/1256/1459 995/1240/1459
f 1029/1279/1460 1033/1278/1460 1011/1249/1460
f 1033/1338/1461 1038/1287/1461 1015/1252/1461
f 1038/1287/1462 1031/1288/1462 1007/1256/1462
f 1019/1273/1463 1027/1272/1463 1035/1283/1463
f 1027/1272/1464 1023/1266/1464 1039/1285/1464
f 1023/1266/1465 1018/1268/1465 1031/1288/1465
f 1017/1263/1466 1021/1262/1466 1068/1314/1466
f 1021/1262/1467 1026/1275/1467 1072/1320/1467
f 1026/1271/1535 1019/1273/1535 1066/1321/1535
f 1077/1328/1469 1081/1327/1469 1032/1277/1469
f 1081/1327/1470 1086/1335/1470 1036/1280/1470
f 1086/1335/1471 1079/1336/1471 1030/1284/1471
f 1067/1325/1472 1075/1324/1472 1083/1331/1472
f 1075/1324/1473 1071/1319/1473 1087/1334/1473
f 1071/1319/1474 1066/1321/1474 1079/1336/1474
f 1065/1316/1475 1069/1315/1475 1044/1290/1475
f 1069/1315/1476 1074/1323/1476 1048/1296/1476
f 1074/1323/1477 1067/1325/1477 1042/1297/1477
f 1053/1304/1478 1057/1303/1478 1080/1326/1478
f 1057/1303/1479 1062/1311/1479 1084/1332/1479
f 1062/1311/1480 1055/1312/1480 1078/1333/1480
f 1043/1301/1481 1051/1300/1481 1059/1307/1481
f 1051/1300/1482 1047/1295/1482 1063/1310/1482
f 1047/1295/1483 1042/1297/1483 1055/1312/1483
f 1041/1292/1484 1045/1291/1484 996/1227/1484
f 1045/1291/1485 1050/1299/1485 1000/1230/1485
f 1050/1299/1536 1043/1301/1536 994/1234/1536
f 1006/1251/1487 1012/1250/1487 1056/1302/1487
f 1012/1247/1488 1008/1244/1488 1060/1308/1488
f 1008/1244/1537 1005/1246/1537 1054/1309/1537
f 1065/1316/1490 1041/1292/1490 993/1229/1490
f 1007/1256/1491 1031/1288/1491 1018/1268/1491
f 1054/1309/1492 1005/1246/1492 994/1234/1492
f 1029/1279/1493 1006/1251/1493 1053/1304/1493
f 1030/1284/1494 1079/1336/1494 1066/1321/1494
f 1078/1333/1495 1055/1312/1495 1042/1297/1495
o Motor_Coupler.001
v -0.443000 -0.056831 0.024000
v -0.442200 -0.056030 0.024000
v -0.442893 -0.056430 0.024000
v -0.442600 -0.056137 0.024000
v -0.423000 -0.056831 0.024000
v -0.423800 -0.056030 0.024000
v -0.423107 -0.056430 0.024000
v -0.423400 -0.056137 0.024000
v -0.443000 -0.056860 0.023392
v -0.442200 -0.056063 0.023314
v -0.442893 -0.056462 0.023353
v -0.442600 -0.056170 0.023324
v -0.423000 -0.056860 0.023392
v -0.423800 -0.056063 0.023314
v -0.423107 -0.056462 0.023353
v -0.423400 -0.056170 0.023324
v -0.443000 -0.056950 0.022791
v -0.442200 -0.056164 0.022634
v -0.442893 -0.056557 0.022712
v -0.442600 -0.056269 0.022655
v -0.423000 -0.056950 0.022791
v -0.423800 -0.056164 0.022634
v -0.423107 -0.056557 0.022712
v -0.423400 -0.056269 0.022655
v -0.443000 -0.057098 0.022201
v -0.442200 -0.056331 0.021968
v -0.442893 -0.056714 0.022084
v -0.442600 -0.056434 0.021999
v -0.423000 -0.057098 0.022201
v -0.423800 -0.056331 0.021968
v -0.423107 -0.056714 0.022084
v -0.423400 -0.056434 0.021999
v -0.443000 -0.057303 0.021628
v -0.442200 -0.056563 0.021321
v -0.442893 -0.056933 0.021474
v -0.442600 -0.056662 0.021362
v -0.423000 -0.057303 0.021628
v -0.423800 -0.056563 0.021321
v -0.423107 -0.056933 0.021474
v -0.423400 -0.056662 0.021362
v -0.443000 -0.057563 0.021078
v -0.442200 -0.056856 0.020700
v -0.442893 -0.057209 0.020889
v -0.442600 -0.056951 0.020751
v -0.423000 -0.057563 0.021078
v -0.423800 -0.056856 0.020700
v -0.423107 -0.057209 0.020889
v -0.423400 -0.056951 0.020751
v -0.443000 -0.057875 0.020556
v -0.442200 -0.057209 0.020111
v -0.442893 -0.057542 0.020334
v -0.442600 -0.057299 0.020171
v -0.423000 -0.057875 0.020556
v -0.423800 -0.057209 0.020111
v -0.423107 -0.057542 0.020334
v -0.423400 -0.057299 0.020171
v -0.443000 -0.058238 0.020067
v -0.442200 -0.057619 0.019559
v -0.442893 -0.057928 0.019813
v -0.442600 -0.057702 0.019627
v -0.423000 -0.058238 0.020067
v -0.423800 -0.057619 0.019559
v -0.423107 -0.057928 0.019813
v -0.423400 -0.057702 0.019627
v -0.443000 -0.058646 0.019617
v -0.442200 -0.058080 0.019050
v -0.442893 -0.058363 0.019333
v -0.442600 -0.058156 0.019126
v -0.423000 -0.058646 0.019617
v -0.423800 -0.058080 0.019050
v -0.423107 -0.058363 0.019333
v -0.423400 -0.058156 0.019126
v -0.443000 -0.059097 0.019208
v -0.442200 -0.058589 0.018589
v -0.442893 -0.058843 0.018899
v -0.442600 -0.058657 0.018672
v -0.423000 -0.059097 0.019208
v -0.423800 -0.058589 0.018589
v -0.423107 -0.058843 0.018899
v -0.423400 -0.058657 0.018672
v -0.443000 -0.059586 0.018846
v -0.442200 -0.059141 0.018180
v -0.442893 -0.059363 0.018513
v -0.442600 -0.059200 0.018269
v -0.423000 -0.059586 0.018846
v -0.423800 -0.059141 0.018180
v -0.423107 -0.059363 0.018513
v -0.423400 -0.059200 0.018269
v -0.443000 -0.060107 0.018533
v -0.442200 -0.059730 0.017827
v -0.442893 -0.059919 0.018180
v -0.442600 -0.059780 0.017921
v -0.423000 -0.060107 0.018533
v -0.423800 -0.059730 0.017827
v -0.423107 -0.059919 0.018180
v -0.423400 -0.059780 0.017921
v -0.443000 -0.060657 0.018273
v -0.442200 -0.060351 0.017533
v -0.442893 -0.060504 0.017903
v -0.442600 -0.060392 0.017632
v -0.423000 -0.060657 0.018273
v -0.423800 -0.060351 0.017533
v -0.423107 -0.060504 0.017903
v -0.423400 -0.060392 0.017632
v -0.443000 -0.061230 0.018068
v -0.442200 -0.060998 0.017301
v -0.442893 -0.061114 0.017685
v -0.442600 -0.061029 0.017404
v -0.423000 -0.061230 0.018068
v -0.423800 -0.060998 0.017301
v -0.423107 -0.061114 0.017685
v -0.423400 -0.061029 0.017404
v -0.443000 -0.061820 0.017920
v -0.442200 -0.061664 0.017135
v -0.442893 -0.061742 0.017527
v -0.442600 -0.061685 0.017240
v -0.423000 -0.061820 0.017920
v -0.423800 -0.061664 0.017135
v -0.423107 -0.061742 0.017527
v -0.423400 -0.061685 0.017240
v -0.443000 -0.062422 0.017831
v -0.442200 -0.062344 0.017034
v -0.442893 -0.062383 0.017432
v -0.442600 -0.062354 0.017141
v -0.423000 -0.062422 0.017831
v -0.423800 -0.062344 0.017034
v -0.423107 -0.062383 0.017432
v -0.423400 -0.062354 0.017140
v -0.443000 -0.063030 0.017801
v -0.442200 -0.063030 0.017000
v -0.442893 -0.063030 0.017400
v -0.442600 -0.063030 0.017107
v -0.423000 -0.063030 0.017801
v -0.423800 -0.063030 0.017000
v -0.423107 -0.063030 0.017400
v -0.423400 -0.063030 0.017107
v -0.443000 -0.063637 0.017831
v -0.442200 -0.063716 0.017034
v -0.442893 -0.063677 0.017432
v -0.442600 -0.063705 0.017141
v -0.423000 -0.063637 0.017831
v -0.423800 -0.063716 0.017034
v -0.423107 -0.063677 0.017432
v -0.423400 -0.063705 0.017140
v -0.443000 -0.064239 0.017920
v -0.442200 -0.064395 0.017135
v -0.442893 -0.064317 0.017527
v -0.442600 -0.064374 0.017240
v -0.423000 -0.064239 0.017920
v -0.423800 -0.064395 0.017135
v -0.423107 -0.064317 0.017527
v -0.423400 -0.064374 0.017240
v -0.443000 -0.064829 0.018068
v -0.442200 -0.065062 0.017301
v -0.442893 -0.064945 0.017685
v -0.442600 -0.065031 0.017404
v -0.423000 -0.064829 0.018068
v -0.423800 -0.065062 0.017301
v -0.423107 -0.064945 0.017685
v -0.423400 -0.065031 0.017404
v -0.443000 -0.065402 0.018273
v -0.442200 -0.065708 0.017533
v -0.442893 -0.065555 0.017903
v -0.442600 -0.065667 0.017632
v -0.423000 -0.065402 0.018273
v -0.423800 -0.065708 0.017533
v -0.423107 -0.065555 0.017903
v -0.423400 -0.065667 0.017632
v -0.443000 -0.065952 0.018533
v -0.442200 -0.066329 0.017827
v -0.442893 -0.066141 0.018180
v -0.442600 -0.066279 0.017921
v -0.423000 -0.065952 0.018533
v -0.423800 -0.066329 0.017827
v -0.423107 -0.066141 0.018180
v -0.423400 -0.066279 0.017921
v -0.443000 -0.066474 0.018846
v -0.442200 -0.066919 0.018180
v -0.442893 -0.066696 0.018513
v -0.442600 -0.066859 0.018269
v -0.423000 -0.066474 0.018846
v -0.423800 -0.066919 0.018180
v -0.423107 -0.066696 0.018513
v -0.423400 -0.066859 0.018269
v -0.443000 -0.066962 0.019208
v -0.442200 -0.067470 0.018589
v -0.442893 -0.067216 0.018899
v -0.442600 -0.067402 0.018672
v -0.423000 -0.066962 0.019208
v -0.423800 -0.067470 0.018589
v -0.423107 -0.067216 0.018899
v -0.423400 -0.067402 0.018672
v -0.443000 -0.067413 0.019617
v -0.442200 -0.067979 0.019050
v -0.442893 -0.067696 0.019333
v -0.442600 -0.067904 0.019126
v -0.423000 -0.067413 0.019617
v -0.423800 -0.067979 0.019050
v -0.423107 -0.067696 0.019333
v -0.423400 -0.067904 0.019126
v -0.443000 -0.067822 0.020067
v -0.442200 -0.068441 0.019559
v -0.442893 -0.068131 0.019813
v -0.442600 -0.068358 0.019627
v -0.423000 -0.067822 0.020067
v -0.423800 -0.068441 0.019559
v -0.423107 -0.068131 0.019813
v -0.423400 -0.068358 0.019627
v -0.443000 -0.068184 0.020556
v -0.442200 -0.068850 0.020111
v -0.442893 -0.068517 0.020334
v -0.442600 -0.068761 0.020171
v -0.423000 -0.068184 0.020556
v -0.423800 -0.068850 0.020111
v -0.423107 -0.068517 0.020334
v -0.423400 -0.068761 0.020171
v -0.443000 -0.068497 0.021078
v -0.442200 -0.069203 0.020700
v -0.442893 -0.068850 0.020889
v -0.442600 -0.069108 0.020751
v -0.423000 -0.068497 0.021078
v -0.423800 -0.069203 0.020700
v -0.423107 -0.068850 0.020889
v -0.423400 -0.069108 0.020751
v -0.443000 -0.068757 0.021628
v -0.442200 -0.069497 0.021321
v -0.442893 -0.069127 0.021474
v -0.442600 -0.069398 0.021362
v -0.423000 -0.068757 0.021628
v -0.423800 -0.069497 0.021321
v -0.423107 -0.069127 0.021474
v -0.423400 -0.069398 0.021362
v -0.443000 -0.068962 0.022201
v -0.442200 -0.069728 0.021968
v -0.442893 -0.069345 0.022084
v -0.442600 -0.069626 0.021999
v -0.423000 -0.068962 0.022201
v -0.423800 -0.069728 0.021968
v -0.423107 -0.069345 0.022084
v -0.423400 -0.069626 0.021999
v -0.443000 -0.069110 0.022791
v -0.442200 -0.069895 0.022634
v -0.442893 -0.069502 0.022712
v -0.442600 -0.069790 0.022655
v -0.423000 -0.069110 0.022791
v -0.423800 -0.069895 0.022634
v -0.423107 -0.069502 0.022712
v -0.423400 -0.069790 0.022655
v -0.443000 -0.069199 0.023392
v -0.442200 -0.069996 0.023314
v -0.442893 -0.069597 0.023353
v -0.442600 -0.069889 0.023324
v -0.423000 -0.069199 0.023392
v -0.423800 -0.069996 0.023314
v -0.423107 -0.069597 0.023353
v -0.423400 -0.069889 0.023324
v -0.443000 -0.069229 0.024000
v -0.442200 -0.070030 0.024000
v -0.442893 -0.069629 0.024000
v -0.442600 -0.069922 0.024000
v -0.423000 -0.069229 0.024000
v -0.423800 -0.070030 0.024000
v -0.423107 -0.069629 0.024000
v -0.423400 -0.069922 0.024000
v -0.443000 -0.069199 0.024608
v -0.442200 -0.069996 0.024686
v -0.442893 -0.069597 0.024647
v -0.442600 -0.069889 0.024676
v -0.423000 -0.069199 0.024608
v -0.423800 -0.069996 0.024686
v -0.423107 -0.069597 0.024647
v -0.423400 -0.069889 0.024676
v -0.443000 -0.069110 0.025209
v -0.442200 -0.069895 0.025366
v -0.442893 -0.069502 0.025288
v -0.442600 -0.069790 0.025345
v -0.423000 -0.069110 0.025209
v -0.423800 -0.069895 0.025366
v -0.423107 -0.069502 0.025288
v -0.423400 -0.069790 0.025345
v -0.443000 -0.068962 0.025799
v -0.442200 -0.069728 0.026032
v -0.442893 -0.069345 0.025916
v -0.442600 -0.069626 0.026001
v -0.423000 -0.068962 0.025799
v -0.423800 -0.069728 0.026032
v -0.423107 -0.069345 0.025916
v -0.423400 -0.069626 0.026001
v -0.443000 -0.068757 0.026372
v -0.442200 -0.069497 0.026679
v -0.442893 -0.069127 0.026526
v -0.442600 -0.069398 0.026638
v -0.423000 -0.068757 0.026372
v -0.423800 -0.069497 0.026679
v -0.423107 -0.069127 0.026526
v -0.423400 -0.069398 0.026638
v -0.443000 -0.068497 0.026922
v -0.442200 -0.069203 0.027300
v -0.442893 -0.068850 0.027111
v -0.442600 -0.069108 0.027249
v -0.423000 -0.068497 0.026922
v -0.423800 -0.069203 0.027300
v -0.423107 -0.068850 0.027111
v -0.423400 -0.069108 0.027249
v -0.443000 -0.068184 0.027444
v -0.442200 -0.068850 0.027889
v -0.442893 -0.068517 0.027666
v -0.442600 -0.068761 0.027829
v -0.423000 -0.068184 0.027444
v -0.423800 -0.068850 0.027889
v -0.423107 -0.068517 0.027666
v -0.423400 -0.068761 0.027829
v -0.443000 -0.067822 0.027933
v -0.442200 -0.068441 0.028441
v -0.442893 -0.068131 0.028187
v -0.442600 -0.068358 0.028373
v -0.423000 -0.067822 0.027933
v -0.423800 -0.068441 0.028441
v -0.423107 -0.068131 0.028187
v -0.423400 -0.068358 0.028373
v -0.443000 -0.067413 0.028383
v -0.442200 -0.067979 0.028950
v -0.442893 -0.067696 0.028667
v -0.442600 -0.067904 0.028874
v -0.423000 -0.067413 0.028383
v -0.423800 -0.067979 0.028950
v -0.423107 -0.067696 0.028667
v -0.423400 -0.067904 0.028874
v -0.443000 -0.066962 0.028792
v -0.442200 -0.067470 0.029411
v -0.442893 -0.067216 0.029101
v -0.442600 -0.067402 0.029328
v -0.423000 -0.066962 0.028792
v -0.423800 -0.067470 0.029411
v -0.423107 -0.067216 0.029101
v -0.423400 -0.067402 0.029328
v -0.443000 -0.066474 0.029154
v -0.442200 -0.066919 0.029820
v -0.442893 -0.066696 0.029487
v -0.442600 -0.066859 0.029731
v -0.423000 -0.066474 0.029154
v -0.423800 -0.066919 0.029820
v -0.423107 -0.066696 0.029487
v -0.423400 -0.066859 0.029731
v -0.443000 -0.065952 0.029467
v -0.442200 -0.066329 0.030173
v -0.442893 -0.066141 0.029820
v -0.442600 -0.066279 0.030079
v -0.423000 -0.065952 0.029467
v -0.423800 -0.066329 0.030173
v -0.423107 -0.066141 0.029820
v -0.423400 -0.066279 0.030079
v -0.443000 -0.065402 0.029727
v -0.442200 -0.065708 0.030467
v -0.442893 -0.065555 0.030097
v -0.442600 -0.065667 0.030368
v -0.423000 -0.065402 0.029727
v -0.423800 -0.065708 0.030467
v -0.423107 -0.065555 0.030097
v -0.423400 -0.065667 0.030368
v -0.443000 -0.064829 0.029932
v -0.442200 -0.065062 0.030699
v -0.442893 -0.064945 0.030315
v -0.442600 -0.065031 0.030596
v -0.423000 -0.064829 0.029932
v -0.423800 -0.065062 0.030699
v -0.423107 -0.064945 0.030315
v -0.423400 -0.065031 0.030596
v -0.443000 -0.064239 0.030080
v -0.442200 -0.064395 0.030865
v -0.442893 -0.064317 0.030473
v -0.442600 -0.064374 0.030760
v -0.423000 -0.064239 0.030080
v -0.423800 -0.064395 0.030865
v -0.423107 -0.064317 0.030473
v -0.423400 -0.064374 0.030760
v -0.443000 -0.063637 0.030169
v -0.442200 -0.063716 0.030966
v -0.442893 -0.063677 0.030568
v -0.442600 -0.063705 0.030860
v -0.423000 -0.063637 0.030169
v -0.423800 -0.063716 0.030966
v -0.423107 -0.063677 0.030568
v -0.423400 -0.063705 0.030860
v -0.443000 -0.063030 0.030199
v -0.442200 -0.063030 0.031000
v -0.442893 -0.063030 0.030600
v -0.442600 -0.063030 0.030893
v -0.423000 -0.063030 0.030199
v -0.423800 -0.063030 0.031000
v -0.423107 -0.063030 0.030600
v -0.423400 -0.063030 0.030893
v -0.443000 -0.062422 0.030169
v -0.442200 -0.062344 0.030966
v -0.442893 -0.062383 0.030568
v -0.442600 -0.062354 0.030860
v -0.423000 -0.062422 0.030169
v -0.423800 -0.062344 0.030966
v -0.423107 -0.062383 0.030568
v -0.423400 -0.062354 0.030860
v -0.443000 -0.061820 0.030080
v -0.442200 -0.061664 0.030865
v -0.442893 -0.061742 0.030473
v -0.442600 -0.061685 0.030760
v -0.423000 -0.061820 0.030080
v -0.423800 -0.061664 0.030865
v -0.423107 -0.061742 0.030473
v -0.423400 -0.061685 0.030760
v -0.443000 -0.061230 0.029932
v -0.442200 -0.060998 0.030699
v -0.442893 -0.061114 0.030315
v -0.442600 -0.061029 0.030596
v -0.423000 -0.061230 0.029932
v -0.423800 -0.060998 0.030699
v -0.423107 -0.061114 0.030315
v -0.423400 -0.061029 0.030596
v -0.443000 -0.060657 0.029727
v -0.442200 -0.060351 0.030467
v -0.442893 -0.060504 0.030097
v -0.442600 -0.060392 0.030368
v -0.423000 -0.060657 0.029727
v -0.423800 -0.060351 0.030467
v -0.423107 -0.060504 0.030097
v -0.423400 -0.060392 0.030368
v -0.443000 -0.060107 0.029467
v -0.442200 -0.059730 0.030173
v -0.442893 -0.059919 0.029820
v -0.442600 -0.059780 0.030079
v -0.423000 -0.060107 0.029467
v -0.423800 -0.059730 0.030173
v -0.423107 -0.059919 0.029820
v -0.423400 -0.059780 0.030079
v -0.443000 -0.059586 0.029154
v -0.442200 -0.059141 0.029820
v -0.442893 -0.059363 0.029487
v -0.442600 -0.059200 0.029731
v -0.423000 -0.059586 0.029154
v -0.423800 -0.059141 0.029820
v -0.423107 -0.059363 0.029487
v -0.423400 -0.059200 0.029731
v -0.443000 -0.059097 0.028792
v -0.442200 -0.058589 0.029411
v -0.442893 -0.058843 0.029101
v -0.442600 -0.058657 0.029328
v -0.423000 -0.059097 0.028792
v -0.423800 -0.058589 0.029411
v -0.423107 -0.058843 0.029101
v -0.423400 -0.058657 0.029328
v -0.443000 -0.058646 0.028383
v -0.442200 -0.058080 0.028950
v -0.442893 -0.058363 0.028667
v -0.442600 -0.058156 0.028874
v -0.423000 -0.058646 0.028383
v -0.423800 -0.058080 0.028950
v -0.423107 -0.058363 0.028667
v -0.423400 -0.058156 0.028874
v -0.443000 -0.058238 0.027933
v -0.442200 -0.057619 0.028441
v -0.442893 -0.057928 0.028187
v -0.442600 -0.057702 0.028373
v -0.423000 -0.058238 0.027933
v -0.423800 -0.057619 0.028441
v -0.423107 -0.057928 0.028187
v -0.423400 -0.057702 0.028373
v -0.443000 -0.057875 0.027444
v -0.442200 -0.057209 0.027889
v -0.442893 -0.057542 0.027666
v -0.442600 -0.057299 0.027829
v -0.423000 -0.057875 0.027444
v -0.423800 -0.057209 0.027889
v -0.423107 -0.057542 0.027666
v -0.423400 -0.057299 0.027829
v -0.443000 -0.057563 0.026922
v -0.442200 -0.056856 0.027300
v -0.442893 -0.057209 0.027111
v -0.442600 -0.056951 0.027249
v -0.423000 -0.057563 0.026922
v -0.423800 -0.056856 0.027300
v -0.423107 -0.057209 0.027111
v -0.423400 -0.056951 0.027249
v -0.443000 -0.057303 0.026372
v -0.442200 -0.056563 0.026679
v -0.442893 -0.056933 0.026526
v -0.442600 -0.056662 0.026638
v -0.423000 -0.057303 0.026372
v -0.423800 -0.056563 0.026679
v -0.423107 -0.056933 0.026526
v -0.423400 -0.056662 0.026638
v -0.443000 -0.057098 0.025799
v -0.442200 -0.056331 0.026032
v -0.442893 -0.056714 0.025916
v -0.442600 -0.056434 0.026001
v -0.423000 -0.057098 0.025799
v -0.423800 -0.056331 0.026032
v -0.423107 -0.056714 0.025916
v -0.423400 -0.056434 0.026001
v -0.443000 -0.056950 0.025209
v -0.442200 -0.056164 0.025366
v -0.442893 -0.056557 0.025288
v -0.442600 -0.056269 0.025345
v -0.423000 -0.056950 0.025209
v -0.423800 -0.056164 0.025366
v -0.423107 -0.056557 0.025288
v -0.423400 -0.056269 0.025345
v -0.443000 -0.056860 0.024608
v -0.442200 -0.056063 0.024686
v -0.442893 -0.056462 0.024647
v -0.442600 -0.056170 0.024676
v -0.423000 -0.056860 0.024608
v -0.423800 -0.056063 0.024686
v -0.423107 -0.056462 0.024647
v -0.423400 -0.056170 0.024676
vn -0.1301 0.9867 -0.0972
vn -0.4969 0.8678 -0.0000
vn -0.1301 0.9915 -0.0000
vn -0.7075 0.7033 -0.0693
vn -0.7074 0.7068 -0.0000
vn -0.9659 0.2585 -0.0127
vn 0.1301 0.9867 -0.0972
vn 0.4969 0.8678 -0.0000
vn 0.4970 0.8636 -0.0851
vn 0.7076 0.7033 -0.0693
vn 0.9659 0.2585 -0.0127
vn -0.1301 0.9724 -0.1934
vn -0.4969 0.8636 -0.0851
vn -0.7076 0.6931 -0.1379
vn -0.9659 0.2559 -0.0380
vn 0.1301 0.9724 -0.1934
vn 0.4970 0.8511 -0.1693
vn 0.7076 0.6931 -0.1379
vn 0.9659 0.2560 -0.0380
vn -0.4969 0.8304 -0.2519
vn -0.4969 0.8511 -0.1693
vn -0.7075 0.6762 -0.2051
vn -0.9659 0.2512 -0.0629
vn 0.4969 0.8304 -0.2519
vn 0.1301 0.9488 -0.2878
vn 0.7075 0.6763 -0.2051
vn 0.9660 0.2509 -0.0629
vn -0.1301 0.9488 -0.2878
vn -0.4969 0.8017 -0.3321
vn -0.7075 0.6529 -0.2704
vn -0.9659 0.2436 -0.0872
vn 0.4969 0.8017 -0.3321
vn 0.1302 0.9160 -0.3794
vn 0.7075 0.6529 -0.2704
vn 0.9659 0.2438 -0.0872
vn -0.1301 0.9160 -0.3794
vn -0.4969 0.7653 -0.4091
vn -0.9659 0.2339 -0.1107
vn 0.4969 0.7653 -0.4091
vn 0.1301 0.8744 -0.4674
vn 0.7075 0.6233 -0.3331
vn 0.9659 0.2340 -0.1106
vn -0.1301 0.8244 -0.5508
vn -0.1302 0.8744 -0.4674
vn -0.4969 0.7215 -0.4821
vn -0.7075 0.6233 -0.3331
vn -0.9659 0.2219 -0.1330
vn 0.1301 0.8244 -0.5508
vn 0.4969 0.7216 -0.4821
vn 0.7075 0.5877 -0.3926
vn 0.9659 0.2220 -0.1330
vn -0.4970 0.6708 -0.5505
vn -0.7076 0.5462 -0.4483
vn -0.7076 0.5876 -0.3926
vn -0.9659 0.2079 -0.1542
vn 0.4969 0.6708 -0.5505
vn 0.1301 0.7664 -0.6290
vn 0.7075 0.5463 -0.4483
vn 0.9659 0.2078 -0.1542
vn -0.1301 0.7011 -0.7011
vn -0.1301 0.7664 -0.6290
vn -0.4969 0.6136 -0.6136
vn -0.9659 0.1918 -0.1738
vn 0.4969 0.6136 -0.6136
vn 0.1301 0.7011 -0.7011
vn 0.7075 0.4997 -0.4997
vn 0.9659 0.1918 -0.1738
vn -0.1301 0.6290 -0.7664
vn -0.7076 0.4483 -0.5463
vn -0.7075 0.4997 -0.4997
vn -0.9659 0.1738 -0.1917
vn 0.1301 0.6290 -0.7664
vn 0.4969 0.5505 -0.6708
vn 0.7076 0.4483 -0.5463
vn 0.9659 0.1739 -0.1918
vn -0.1301 0.5508 -0.8244
vn -0.4969 0.5505 -0.6708
vn -0.4969 0.4821 -0.7215
vn -0.9659 0.1542 -0.2079
vn 0.1301 0.5508 -0.8244
vn 0.4969 0.4821 -0.7216
vn 0.7075 0.3926 -0.5876
vn 0.9659 0.1541 -0.2079
vn -0.4969 0.4091 -0.7653
vn -0.7075 0.3926 -0.5876
vn -0.9659 0.1330 -0.2220
vn 0.4969 0.4091 -0.7653
vn 0.1301 0.4674 -0.8744
vn 0.7075 0.3331 -0.6232
vn 0.9659 0.1330 -0.2220
vn -0.1301 0.3794 -0.9160
vn -0.1302 0.4674 -0.8744
vn -0.4969 0.3321 -0.8017
vn -0.7076 0.3331 -0.6232
vn -0.9659 0.1107 -0.2340
vn 0.1301 0.3794 -0.9160
vn 0.4969 0.3321 -0.8017
vn 0.7075 0.2704 -0.6529
vn 0.9659 0.1107 -0.2339
vn -0.4969 0.2519 -0.8304
vn -0.7075 0.2051 -0.6762
vn -0.7075 0.2705 -0.6529
vn -0.9659 0.0871 -0.2437
vn 0.1301 0.2878 -0.9488
vn 0.4969 0.2519 -0.8304
vn 0.7076 0.2051 -0.6762
vn 0.9659 0.0872 -0.2437
vn -0.1301 0.1934 -0.9724
vn -0.1302 0.2878 -0.9488
vn -0.4969 0.1693 -0.8511
vn -0.9659 0.0628 -0.2510
vn 0.1301 0.1934 -0.9724
vn 0.4969 0.1693 -0.8511
vn 0.7075 0.1379 -0.6931
vn 0.9659 0.0628 -0.2510
vn -0.4969 0.0851 -0.8636
vn -0.7075 0.1379 -0.6931
vn -0.9659 0.0380 -0.2560
vn 0.1301 0.0972 -0.9867
vn 0.4969 0.0850 -0.8636
vn 0.7075 0.0693 -0.7033
vn 0.9659 0.0380 -0.2560
vn -0.1301 0.0972 -0.9867
vn -0.4969 -0.0000 -0.8678
vn -0.7076 -0.0000 -0.7067
vn -0.7075 0.0693 -0.7033
vn -0.9659 0.0127 -0.2585
vn 0.4969 -0.0000 -0.8678
vn 0.1301 -0.0000 -0.9915
vn 0.7075 -0.0000 -0.7067
vn 0.9659 0.0127 -0.2585
vn -0.1301 -0.0000 -0.9915
vn -0.4969 -0.0850 -0.8636
vn -0.7076 -0.0693 -0.7033
vn -0.9659 -0.0127 -0.2585
vn 0.1301 -0.0972 -0.9867
vn 0.4969 -0.0850 -0.8636
vn 0.7075 -0.0693 -0.7033
vn 0.9659 -0.0127 -0.2585
vn -0.1301 -0.0972 -0.9867
vn -0.4969 -0.1693 -0.8511
vn -0.9659 -0.0380 -0.2560
vn 0.1301 -0.1934 -0.9724
vn 0.4969 -0.1693 -0.8511
vn 0.7075 -0.1379 -0.6931
vn 0.9659 -0.0380 -0.2560
vn -0.1301 -0.2878 -0.9488
vn -0.1301 -0.1934 -0.9724
vn -0.7075 -0.2051 -0.6762
vn -0.7075 -0.1379 -0.6931
vn -0.9659 -0.0629 -0.2510
vn 0.4969 -0.2519 -0.8304
vn 0.1301 -0.2878 -0.9488
vn 0.7075 -0.2051 -0.6762
vn 0.9659 -0.0628 -0.2510
vn -0.1301 -0.3794 -0.9160
vn -0.4969 -0.2519 -0.8304
vn -0.4969 -0.3321 -0.8017
vn -0.9659 -0.0872 -0.2437
vn 0.4969 -0.3321 -0.8017
vn 0.1301 -0.3794 -0.9160
vn 0.7075 -0.2704 -0.6529
vn 0.9659 -0.0872 -0.2437
vn -0.1302 -0.4674 -0.8744
vn -0.7076 -0.3331 -0.6232
vn -0.7075 -0.2705 -0.6529
vn -0.9659 -0.1107 -0.2340
vn 0.1301 -0.4674 -0.8744
vn 0.4969 -0.4090 -0.7653
vn 0.7075 -0.3331 -0.6232
vn 0.9659 -0.1106 -0.2339
vn -0.1302 -0.5508 -0.8244
vn -0.4969 -0.4090 -0.7653
vn -0.7075 -0.3926 -0.5876
vn -0.9659 -0.1330 -0.2220
vn 0.4969 -0.4821 -0.7216
vn 0.1301 -0.5508 -0.8244
vn 0.7076 -0.3926 -0.5876
vn 0.9659 -0.1331 -0.2220
vn -0.1301 -0.6290 -0.7664
vn -0.4969 -0.4821 -0.7215
vn -0.7076 -0.4483 -0.5463
vn -0.9659 -0.1541 -0.2079
vn 0.4969 -0.5505 -0.6708
vn 0.1301 -0.6290 -0.7664
vn 0.7075 -0.4483 -0.5463
vn 0.9659 -0.1541 -0.2079
vn -0.1301 -0.7011 -0.7011
vn -0.4969 -0.5505 -0.6708
vn -0.7075 -0.4997 -0.4997
vn -0.9659 -0.1738 -0.1918
vn 0.1301 -0.7011 -0.7011
vn 0.4969 -0.6136 -0.6136
vn 0.7075 -0.4997 -0.4997
vn 0.9659 -0.1738 -0.1918
vn -0.1301 -0.7664 -0.6290
vn -0.4969 -0.6136 -0.6136
vn -0.7075 -0.5463 -0.4483
vn -0.9659 -0.1917 -0.1738
vn 0.1301 -0.7664 -0.6290
vn 0.4969 -0.6708 -0.5505
vn 0.7075 -0.5463 -0.4483
vn 0.9659 -0.1918 -0.1738
vn -0.1302 -0.8244 -0.5508
vn -0.4969 -0.6708 -0.5505
vn -0.7076 -0.5875 -0.3926
vn -0.9659 -0.2078 -0.1542
vn 0.1302 -0.8244 -0.5508
vn 0.4969 -0.7216 -0.4821
vn 0.7075 -0.5877 -0.3926
vn 0.9659 -0.2079 -0.1542
vn -0.1301 -0.8744 -0.4674
vn -0.4970 -0.7215 -0.4821
vn -0.7075 -0.6233 -0.3331
vn -0.9659 -0.2220 -0.1330
vn 0.4970 -0.7653 -0.4091
vn 0.1301 -0.8744 -0.4674
vn 0.7076 -0.6232 -0.3331
vn 0.9659 -0.2219 -0.1330
vn -0.4970 -0.8017 -0.3321
vn -0.4969 -0.7653 -0.4091
vn -0.7075 -0.6529 -0.2704
vn -0.9659 -0.2339 -0.1106
vn 0.4969 -0.8017 -0.3321
vn 0.1301 -0.9160 -0.3794
vn 0.7075 -0.6529 -0.2704
vn 0.9660 -0.2338 -0.1107
vn -0.1301 -0.9488 -0.2878
vn -0.1301 -0.9160 -0.3794
vn -0.4969 -0.8304 -0.2519
vn -0.9659 -0.2437 -0.0872
vn 0.1301 -0.9488 -0.2878
vn 0.4969 -0.8304 -0.2519
vn 0.7075 -0.6763 -0.2051
vn 0.9659 -0.2437 -0.0872
vn -0.4970 -0.8511 -0.1693
vn -0.7076 -0.6931 -0.1379
vn -0.7075 -0.6763 -0.2051
vn -0.9660 -0.2509 -0.0629
vn 0.4969 -0.8511 -0.1693
vn 0.1301 -0.9724 -0.1934
vn 0.7075 -0.6931 -0.1379
vn 0.9660 -0.2509 -0.0629
vn -0.1301 -0.9867 -0.0972
vn -0.1301 -0.9724 -0.1934
vn -0.7076 -0.7032 -0.0693
vn -0.9659 -0.2560 -0.0380
vn 0.1301 -0.9867 -0.0972
vn 0.4970 -0.8636 -0.0851
vn 0.7076 -0.7032 -0.0693
vn 0.9659 -0.2560 -0.0380
vn -0.4969 -0.8678 -0.0000
vn -0.4970 -0.8636 -0.0851
vn -0.9659 -0.2584 -0.0127
vn 0.4969 -0.8678 -0.0000
vn 0.1301 -0.9915 -0.0000
vn 0.7076 -0.7066 -0.0000
vn 0.9659 -0.2585 -0.0127
vn -0.1301 -0.9867 0.0972
vn -0.1302 -0.9915 -0.0000
vn -0.4969 -0.8636 0.0851
vn -0.7075 -0.7067 -0.0000
vn -0.9659 -0.2585 0.0127
vn 0.1301 -0.9867 0.0972
vn 0.4970 -0.8636 0.0851
vn 0.7076 -0.7032 0.0693
vn 0.9659 -0.2586 0.0127
vn -0.4969 -0.8511 0.1693
vn -0.7075 -0.7033 0.0693
vn -0.9659 -0.2560 0.0380
vn 0.4969 -0.8511 0.1693
vn 0.1301 -0.9724 0.1934
vn 0.7075 -0.6931 0.1379
vn 0.9659 -0.2560 0.0380
vn -0.1301 -0.9488 0.2878
vn -0.1301 -0.9724 0.1934
vn -0.7076 -0.6762 0.2051
vn -0.7075 -0.6931 0.1379
vn -0.9659 -0.2512 0.0629
vn 0.1302 -0.9488 0.2878
vn 0.4969 -0.8304 0.2519
vn 0.7075 -0.6763 0.2051
vn 0.9659 -0.2510 0.0629
vn -0.4969 -0.8017 0.3321
vn -0.4969 -0.8304 0.2519
vn -0.9659 -0.2438 0.0872
vn 0.4970 -0.8017 0.3321
vn 0.1301 -0.9160 0.3794
vn 0.7076 -0.6529 0.2704
vn 0.9659 -0.2438 0.0872
vn -0.1301 -0.9160 0.3794
vn -0.4969 -0.7653 0.4091
vn -0.7076 -0.6529 0.2704
vn -0.9659 -0.2339 0.1107
vn 0.4969 -0.7653 0.4091
vn 0.1301 -0.8744 0.4674
vn 0.7075 -0.6233 0.3331
vn 0.9659 -0.2341 0.1106
vn -0.1302 -0.8244 0.5509
vn -0.1302 -0.8744 0.4674
vn -0.7075 -0.5876 0.3926
vn -0.7075 -0.6233 0.3331
vn -0.9659 -0.2220 0.1330
vn 0.4969 -0.7216 0.4821
vn 0.1302 -0.8244 0.5508
vn 0.7075 -0.5876 0.3926
vn 0.9659 -0.2220 0.1330
vn -0.4969 -0.6708 0.5505
vn -0.4970 -0.7215 0.4822
vn -0.9659 -0.2079 0.1542
vn 0.4969 -0.6708 0.5505
vn 0.1301 -0.7664 0.6290
vn 0.7075 -0.5463 0.4483
vn 0.9659 -0.2078 0.1542
vn -0.1301 -0.7664 0.6290
vn -0.4969 -0.6136 0.6136
vn -0.7076 -0.4997 0.4997
vn -0.7075 -0.5463 0.4483
vn -0.9659 -0.1918 0.1738
vn 0.4969 -0.6136 0.6136
vn 0.1301 -0.7011 0.7011
vn 0.7075 -0.4997 0.4997
vn 0.9659 -0.1917 0.1738
vn -0.1301 -0.6290 0.7664
vn -0.1301 -0.7011 0.7011
vn -0.4969 -0.5505 0.6708
vn -0.9659 -0.1738 0.1918
vn 0.1301 -0.6290 0.7664
vn 0.4969 -0.5505 0.6708
vn 0.7075 -0.4483 0.5463
vn 0.9659 -0.1738 0.1918
vn -0.1302 -0.5508 0.8244
vn -0.7076 -0.3926 0.5876
vn -0.7075 -0.4483 0.5462
vn -0.9659 -0.1541 0.2079
vn 0.4969 -0.4821 0.7215
vn 0.1302 -0.5508 0.8244
vn 0.7075 -0.3926 0.5876
vn 0.9659 -0.1541 0.2079
vn -0.1301 -0.4674 0.8744
vn -0.4969 -0.4821 0.7216
vn -0.7076 -0.3331 0.6232
vn -0.9659 -0.1330 0.2220
vn 0.4969 -0.4091 0.7653
vn 0.1302 -0.4674 0.8744
vn 0.7075 -0.3331 0.6232
vn 0.9659 -0.1330 0.2220
vn -0.4969 -0.3321 0.8017
vn -0.4969 -0.4091 0.7653
vn -0.9659 -0.1106 0.2339
vn 0.1301 -0.3794 0.9160
vn 0.4969 -0.3321 0.8017
vn 0.7076 -0.2704 0.6529
vn 0.9659 -0.1107 0.2340
vn -0.1301 -0.3794 0.9160
vn -0.4969 -0.2519 0.8304
vn -0.7075 -0.2705 0.6529
vn -0.9659 -0.0871 0.2437
vn 0.4969 -0.2519 0.8304
vn 0.1301 -0.2878 0.9488
vn 0.7075 -0.2051 0.6762
vn 0.9659 -0.0872 0.2437
vn -0.1301 -0.1934 0.9724
vn -0.1301 -0.2878 0.9488
vn -0.4969 -0.1693 0.8511
vn -0.7076 -0.2051 0.6762
vn -0.9659 -0.0628 0.2510
vn 0.4969 -0.1693 0.8511
vn 0.1301 -0.1934 0.9724
vn 0.7075 -0.1379 0.6931
vn 0.9659 -0.0629 0.2510
vn -0.4969 -0.0851 0.8636
vn -0.7075 -0.1379 0.6931
vn -0.9659 -0.0380 0.2560
vn 0.1301 -0.0972 0.9867
vn 0.4969 -0.0850 0.8636
vn 0.7076 -0.0693 0.7033
vn 0.9659 -0.0379 0.2560
vn -0.1301 -0.0000 0.9915
vn -0.1301 -0.0972 0.9867
vn -0.4969 -0.0000 0.8678
vn -0.7075 -0.0693 0.7033
vn -0.9659 -0.0127 0.2585
vn 0.1301 -0.0000 0.9915
vn 0.4969 -0.0000 0.8678
vn 0.7076 -0.0000 0.7067
vn 0.9659 -0.0127 0.2585
vn -0.1301 0.0972 0.9867
vn -0.4969 0.0851 0.8636
vn -0.7075 -0.0000 0.7067
vn -0.9659 0.0127 0.2585
vn 0.1301 0.0972 0.9867
vn 0.4969 0.0850 0.8636
vn 0.7076 0.0692 0.7033
vn 0.9659 0.0127 0.2585
vn -0.1301 0.1934 0.9724
vn -0.4969 0.1693 0.8511
vn -0.7075 0.0693 0.7033
vn -0.9659 0.0379 0.2560
vn 0.4969 0.1693 0.8511
vn 0.1301 0.1934 0.9724
vn 0.7075 0.1379 0.6931
vn 0.9659 0.0380 0.2560
vn -0.4969 0.2519 0.8304
vn -0.7076 0.2051 0.6762
vn -0.7075 0.1379 0.6931
vn -0.9659 0.0629 0.2510
vn 0.4969 0.2519 0.8304
vn 0.1301 0.2878 0.9488
vn 0.7076 0.2051 0.6762
vn 0.9659 0.0628 0.2510
vn -0.1301 0.3794 0.9160
vn -0.1301 0.2878 0.9488
vn -0.4969 0.3321 0.8017
vn -0.9659 0.0873 0.2437
vn 0.1301 0.3794 0.9160
vn 0.4969 0.3321 0.8017
vn 0.7075 0.2704 0.6529
vn 0.9659 0.0872 0.2437
vn -0.1302 0.4674 0.8744
vn -0.7076 0.3331 0.6232
vn -0.7075 0.2705 0.6529
vn -0.9659 0.1107 0.2339
vn 0.1302 0.4674 0.8744
vn 0.4969 0.4091 0.7653
vn 0.7075 0.3331 0.6232
vn 0.9659 0.1106 0.2340
vn -0.1301 0.5508 0.8244
vn -0.4969 0.4090 0.7653
vn -0.4969 0.4821 0.7215
vn -0.9659 0.1331 0.2220
vn 0.4969 0.4821 0.7216
vn 0.1301 0.5508 0.8244
vn 0.7075 0.3926 0.5876
vn 0.9659 0.1331 0.2220
vn -0.4969 0.5505 0.6708
vn -0.7076 0.4483 0.5463
vn -0.7075 0.3926 0.5876
vn -0.9659 0.1542 0.2079
vn 0.4969 0.5505 0.6708
vn 0.1301 0.6290 0.7664
vn 0.7075 0.4483 0.5463
vn 0.9659 0.1541 0.2079
vn -0.1301 0.6290 0.7664
vn -0.4969 0.6136 0.6136
vn -0.9659 0.1738 0.1918
vn 0.4969 0.6136 0.6136
vn 0.1302 0.7011 0.7011
vn 0.7076 0.4997 0.4997
vn 0.9659 0.1738 0.1918
vn -0.1301 0.7664 0.6290
vn -0.1301 0.7011 0.7011
vn -0.7076 0.5462 0.4483
vn -0.7075 0.4997 0.4997
vn -0.9659 0.1917 0.1738
vn 0.4969 0.6708 0.5505
vn 0.1301 0.7664 0.6290
vn 0.7075 0.5463 0.4483
vn 0.9659 0.1919 0.1738
vn -0.1302 0.8244 0.5509
vn -0.4970 0.6708 0.5505
vn -0.4969 0.7215 0.4821
vn -0.9659 0.2079 0.1542
vn 0.4969 0.7216 0.4821
vn 0.1302 0.8244 0.5508
vn 0.7075 0.5876 0.3926
vn 0.9659 0.2079 0.1542
vn -0.4969 0.7653 0.4091
vn -0.7075 0.5876 0.3926
vn -0.9659 0.2219 0.1330
vn 0.1301 0.8744 0.4674
vn 0.4969 0.7653 0.4091
vn 0.7076 0.6232 0.3331
vn 0.9659 0.2219 0.1330
vn -0.1302 0.9160 0.3794
vn -0.1302 0.8744 0.4674
vn -0.7076 0.6529 0.2704
vn -0.7075 0.6233 0.3331
vn -0.9659 0.2340 0.1106
vn 0.1301 0.9160 0.3794
vn 0.4970 0.8017 0.3321
vn 0.7076 0.6529 0.2704
vn 0.9660 0.2338 0.1107
vn -0.1301 0.9488 0.2878
vn -0.4969 0.8017 0.3321
vn -0.7076 0.6762 0.2051
vn -0.9659 0.2438 0.0872
vn 0.1301 0.9488 0.2878
vn 0.4969 0.8304 0.2519
vn 0.7075 0.6763 0.2051
vn 0.9659 0.2437 0.0872
vn -0.1301 0.9724 0.1934
vn -0.4970 0.8304 0.2519
vn -0.7076 0.6930 0.1379
vn -0.9660 0.2509 0.0629
vn 0.1301 0.9724 0.1934
vn 0.4970 0.8511 0.1693
vn 0.7076 0.6931 0.1379
vn 0.9660 0.2509 0.0629
vn -0.4969 0.8636 0.0851
vn -0.4970 0.8511 0.1693
vn -0.9659 0.2560 0.0380
vn 0.4970 0.8636 0.0851
vn 0.1301 0.9867 0.0972
vn 0.7076 0.7033 0.0693
vn 0.9659 0.2560 0.0380
vn -0.1301 0.9867 0.0972
vn -0.7075 0.7033 0.0693
vn -0.9660 0.2583 0.0127
vn 0.1301 0.9915 -0.0000
vn 0.7076 0.7067 -0.0000
vn 0.9659 0.2585 0.0127
vn -1.0000 -0.0000 -0.0000
vn 1.0000 -0.0000 -0.0000
vn -0.9659 0.2560 -0.0380
vn -0.9660 0.2509 -0.0629
vn 0.9659 0.2511 -0.0629
vn -0.9659 0.2438 -0.0872
vn 0.9659 0.2437 -0.0872
vn 0.9660 0.2338 -0.1107
vn -0.9659 0.2220 -0.1330
vn 0.9659 0.2219 -0.1330
vn -0.9659 0.2078 -0.1542
vn 0.9659 0.2079 -0.1542
vn -0.9659 0.1917 -0.1738
vn -0.9659 0.1738 -0.1918
vn 0.9659 0.1738 -0.1918
vn -0.9659 0.1541 -0.2079
vn -0.9659 0.1331 -0.2220
vn 0.9659 0.1331 -0.2220
vn -0.9659 0.1106 -0.2339
vn 0.9659 0.1106 -0.2340
vn -0.9659 0.0872 -0.2437
vn -0.9659 0.0629 -0.2510
vn -0.9659 -0.0628 -0.2510
vn -0.9659 -0.0871 -0.2437
vn -0.9659 -0.1106 -0.2339
vn 0.9659 -0.1107 -0.2339
vn -0.9659 -0.1331 -0.2220
vn 0.9659 -0.1330 -0.2220
vn -0.9659 -0.1542 -0.2079
vn 0.9659 -0.1739 -0.1917
vn -0.9659 -0.1918 -0.1738
vn -0.9659 -0.2079 -0.1542
vn 0.9659 -0.2078 -0.1542
vn -0.9659 -0.2219 -0.1330
vn 0.9659 -0.2220 -0.1330
vn -0.9659 -0.2339 -0.1107
vn 0.9659 -0.2340 -0.1106
vn -0.9659 -0.2438 -0.0872
vn 0.9659 -0.2438 -0.0872
vn -0.9659 -0.2512 -0.0629
vn 0.9659 -0.2511 -0.0629
vn -0.9659 -0.2559 -0.0380
vn -0.9659 -0.2585 -0.0127
vn 0.9659 -0.2586 -0.0127
vn -0.9660 -0.2584 0.0127
vn 0.9659 -0.2585 0.0127
vn -0.9659 -0.2511 0.0629
vn 0.9660 -0.2509 0.0629
vn 0.9659 -0.2437 0.0872
vn -0.9659 -0.2341 0.1106
vn 0.9660 -0.2338 0.1107
vn -0.9660 -0.2219 0.1330
vn 0.9659 -0.2219 0.1330
vn 0.9659 -0.2079 0.1542
vn 0.9659 -0.1918 0.1738
vn -0.9659 -0.1542 0.2079
vn -0.9659 -0.1331 0.2220
vn 0.9659 -0.1331 0.2220
vn -0.9659 -0.1107 0.2339
vn 0.9659 -0.1106 0.2339
vn -0.9659 -0.0873 0.2437
vn 0.9659 -0.0628 0.2510
vn -0.9659 -0.0379 0.2560
vn 0.9659 -0.0381 0.2560
vn -0.9659 0.0380 0.2560
vn -0.9659 0.0628 0.2510
vn 0.9659 0.0629 0.2510
vn -0.9659 0.0871 0.2437
vn -0.9659 0.1106 0.2340
vn 0.9659 0.1107 0.2339
vn -0.9659 0.1330 0.2220
vn 0.9659 0.1330 0.2220
vn -0.9659 0.1541 0.2079
vn -0.9659 0.1738 0.1917
vn 0.9659 0.1739 0.1918
vn -0.9659 0.1919 0.1738
vn 0.9660 0.1916 0.1738
vn 0.9659 0.2078 0.1542
vn 0.9659 0.2220 0.1330
vn -0.9659 0.2339 0.1106
vn 0.9659 0.2341 0.1106
vn 0.9659 0.2438 0.0872
vn -0.9659 0.2512 0.0629
vn 0.9659 0.2510 0.0629
vn -0.9659 0.2585 0.0127
vn -1.0000 0.0016 -0.0000
vn -1.0000 -0.0008 -0.0000
vn -1.0000 0.0008 -0.0000
vn -1.0000 -0.0004 -0.0000
vn -1.0000 0.0002 -0.0000
vn -1.0000 0.0004 -0.0000
vn -1.0000 -0.0016 -0.0000
vn -1.0000 -0.0002 -0.0000
vn -1.0000 -0.0001 -0.0000
vn -1.0000 0.0001 -0.0000
vn 1.0000 -0.0016 -0.0000
vn 1.0000 0.0008 -0.0000
vn 1.0000 0.0004 -0.0000
vn 1.0000 -0.0008 -0.0000
vn 1.0000 0.0016 -0.0000
vn 1.0000 -0.0004 -0.0000
vn 1.0000 0.0001 -0.0000
vn 1.0000 -0.0001 -0.0000
vn 1.0000 -0.0002 -0.0000
vt 0.984375 0.520000
vt 0.999880 0.510000
vt 1.000000 0.520000
vt 0.984375 0.500000
vt 0.999553 0.500000
vt 0.773521 0.488811
vt 0.750000 0.462538
vt 0.750000 0.489967
vt 0.984375 0.980000
vt 0.999880 0.990000
vt 0.984375 0.990000
vt 0.984375 1.000000
vt 0.273521 0.488811
vt 0.250000 0.462538
vt 0.270832 0.461515
vt 0.968750 0.520000
vt 0.984375 0.510000
vt 0.968750 0.500000
vt 0.796815 0.485356
vt 0.770832 0.461515
vt 0.968750 0.980000
vt 0.968750 0.990000
vt 0.968750 1.000000
vt 0.291464 0.458454
vt 0.296815 0.485356
vt 0.953125 0.510000
vt 0.968750 0.510000
vt 0.953125 0.500000
vt 0.811696 0.453386
vt 0.791464 0.458454
vt 0.953125 0.990000
vt 0.953125 0.980000
vt 0.953125 1.000000
vt 0.319659 0.479634
vt 0.311697 0.453386
vt 0.953125 0.520000
vt 0.937500 0.510000
vt 0.937500 0.500000
vt 0.841831 0.471701
vt 0.819659 0.479634
vt 0.937500 0.990000
vt 0.937500 0.980000
vt 0.937500 1.000000
vt 0.341831 0.471701
vt 0.331335 0.446360
vt 0.937500 0.520000
vt 0.921875 0.510000
vt 0.863120 0.461632
vt 0.831334 0.446359
vt 0.921875 0.990000
vt 0.921875 0.980000
vt 0.921875 1.000000
vt 0.350190 0.437442
vt 0.363120 0.461632
vt 0.906250 0.520000
vt 0.921875 0.520000
vt 0.906250 0.510000
vt 0.921875 0.500000
vt 0.868080 0.426719
vt 0.850189 0.437442
vt 0.906250 0.980000
vt 0.906250 0.990000
vt 0.906250 1.000000
vt 0.368080 0.426719
vt 0.383318 0.449525
vt 0.890625 0.510000
vt 0.890625 0.500000
vt 0.906250 0.500000
vt 0.902233 0.435497
vt 0.883318 0.449525
vt 0.890625 0.990000
vt 0.890625 0.980000
vt 0.890625 1.000000
vt 0.402233 0.435497
vt 0.384833 0.414294
vt 0.875000 0.520000
vt 0.890625 0.520000
vt 0.875000 0.510000
vt 0.900287 0.400287
vt 0.884833 0.414294
vt 0.875000 0.990000
vt 0.875000 0.980000
vt 0.875000 1.000000
vt 0.400287 0.400287
vt 0.419682 0.419682
vt 0.859375 0.520000
vt 0.859375 0.500000
vt 0.875000 0.500000
vt 0.935497 0.402233
vt 0.919682 0.419682
vt 0.859375 0.980000
vt 0.859375 0.990000
vt 0.859375 1.000000
vt 0.435497 0.402233
vt 0.414294 0.384833
vt 0.843750 0.520000
vt 0.859375 0.510000
vt 0.843750 0.510000
vt 0.949525 0.383318
vt 0.914294 0.384833
vt 0.843750 0.980000
vt 0.843750 0.990000
vt 0.843750 1.000000
vt 0.426719 0.368080
vt 0.449525 0.383318
vt 0.828125 0.510000
vt 0.843750 0.500000
vt 0.937442 0.350190
vt 0.926719 0.368080
vt 0.828125 0.990000
vt 0.828125 0.980000
vt 0.828125 1.000000
vt 0.437442 0.350190
vt 0.461632 0.363120
vt 0.812500 0.520000
vt 0.828125 0.520000
vt 0.812500 0.510000
vt 0.828125 0.500000
vt 0.971701 0.341831
vt 0.961632 0.363120
vt 0.812500 0.980000
vt 0.812500 0.990000
vt 0.812500 1.000000
vt 0.471701 0.341831
vt 0.446360 0.331335
vt 0.796875 0.510000
vt 0.796875 0.500000
vt 0.812500 0.500000
vt 0.979634 0.319659
vt 0.946360 0.331335
vt 0.796875 0.980000
vt 0.796875 0.990000
vt 0.796875 1.000000
vt 0.453387 0.311697
vt 0.479634 0.319659
vt 0.781250 0.520000
vt 0.796875 0.520000
vt 0.781250 0.510000
vt 0.958454 0.291464
vt 0.953386 0.311697
vt 0.781250 0.980000
vt 0.781250 0.990000
vt 0.781250 1.000000
vt 0.458454 0.291464
vt 0.485356 0.296815
vt 0.765625 0.510000
vt 0.781250 0.500000
vt 0.985356 0.296815
vt 0.961514 0.270832
vt 0.765625 0.980000
vt 0.765625 0.990000
vt 0.765625 1.000000
vt 0.461515 0.270832
vt 0.488811 0.273521
vt 0.765625 0.520000
vt 0.750000 0.510000
vt 0.750000 0.500000
vt 0.765625 0.500000
vt 0.989967 0.250000
vt 0.988811 0.273521
vt 0.750000 0.990000
vt 0.750000 0.980000
vt 0.750000 1.000000
vt 0.489967 0.250000
vt 0.462538 0.250000
vt 0.750000 0.520000
vt 0.734375 0.510000
vt 0.734375 0.500000
vt 0.988811 0.226479
vt 0.962538 0.250000
vt 0.734375 0.980000
vt 0.734375 0.990000
vt 0.734375 1.000000
vt 0.461515 0.229167
vt 0.488811 0.226479
vt 0.734375 0.520000
vt 0.718750 0.510000
vt 0.985356 0.203185
vt 0.961514 0.229167
vt 0.718750 0.980000
vt 0.718750 0.990000
vt 0.718750 1.000000
vt 0.485356 0.203185
vt 0.458454 0.208536
vt 0.703125 0.520000
vt 0.718750 0.520000
vt 0.703125 0.500000
vt 0.718750 0.500000
vt 0.979634 0.180341
vt 0.958454 0.208536
vt 0.703125 0.990000
vt 0.703125 0.980000
vt 0.703125 1.000000
vt 0.479634 0.180341
vt 0.453387 0.188303
vt 0.687500 0.520000
vt 0.703125 0.510000
vt 0.687500 0.510000
vt 0.971701 0.158169
vt 0.953386 0.188303
vt 0.687500 0.990000
vt 0.687500 0.980000
vt 0.687500 1.000000
vt 0.471701 0.158169
vt 0.446360 0.168665
vt 0.671875 0.520000
vt 0.671875 0.500000
vt 0.687500 0.500000
vt 0.961632 0.136880
vt 0.946360 0.168665
vt 0.671875 0.980000
vt 0.671875 0.990000
vt 0.671875 1.000000
vt 0.461632 0.136880
vt 0.437442 0.149810
vt 0.656250 0.520000
vt 0.671875 0.510000
vt 0.656250 0.500000
vt 0.926719 0.131920
vt 0.937442 0.149810
vt 0.656250 0.990000
vt 0.656250 0.980000
vt 0.656250 1.000000
vt 0.426719 0.131920
vt 0.449525 0.116682
vt 0.640625 0.520000
vt 0.656250 0.510000
vt 0.640625 0.500000
vt 0.935497 0.097767
vt 0.949525 0.116682
vt 0.640625 0.990000
vt 0.640625 0.980000
vt 0.640625 1.000000
vt 0.435497 0.097767
vt 0.414294 0.115167
vt 0.625000 0.520000
vt 0.640625 0.510000
vt 0.625000 0.500000
vt 0.900287 0.099713
vt 0.914294 0.115167
vt 0.625000 0.980000
vt 0.625000 0.990000
vt 0.625000 1.000000
vt 0.400287 0.099713
vt 0.419682 0.080318
vt 0.609375 0.520000
vt 0.625000 0.510000
vt 0.609375 0.500000
vt 0.902233 0.064503
vt 0.919682 0.080318
vt 0.609375 0.980000
vt 0.609375 0.990000
vt 0.609375 1.000000
vt 0.402233 0.064503
vt 0.384833 0.085706
vt 0.593750 0.520000
vt 0.609375 0.510000
vt 0.593750 0.500000
vt 0.868080 0.073281
vt 0.884833 0.085706
vt 0.593750 0.980000
vt 0.593750 0.990000
vt 0.593750 1.000000
vt 0.368080 0.073281
vt 0.383318 0.050475
vt 0.578125 0.520000
vt 0.593750 0.510000
vt 0.578125 0.500000
vt 0.863120 0.038368
vt 0.883318 0.050475
vt 0.578125 0.990000
vt 0.578125 0.980000
vt 0.578125 1.000000
vt 0.363120 0.038368
vt 0.350190 0.062558
vt 0.562500 0.510000
vt 0.578125 0.510000
vt 0.562500 0.500000
vt 0.831335 0.053640
vt 0.850190 0.062558
vt 0.562500 0.990000
vt 0.562500 0.980000
vt 0.562500 1.000000
vt 0.341831 0.028299
vt 0.331335 0.053640
vt 0.546875 0.520000
vt 0.562500 0.520000
vt 0.546875 0.510000
vt 0.819659 0.020366
vt 0.841831 0.028299
vt 0.546875 0.980000
vt 0.546875 0.990000
vt 0.546875 1.000000
vt 0.311697 0.046613
vt 0.319659 0.020366
vt 0.531250 0.510000
vt 0.531250 0.500000
vt 0.546875 0.500000
vt 0.796815 0.014644
vt 0.811697 0.046613
vt 0.531250 0.990000
vt 0.531250 0.980000
vt 0.531250 1.000000
vt 0.296815 0.014644
vt 0.291464 0.041546
vt 0.515625 0.520000
vt 0.531250 0.520000
vt 0.515625 0.500000
vt 0.770832 0.038485
vt 0.791464 0.041546
vt 0.515625 0.980000
vt 0.515625 0.990000
vt 0.515625 1.000000
vt 0.270832 0.038485
vt 0.273521 0.011189
vt 0.500000 0.510000
vt 0.515625 0.510000
vt 0.750000 0.010033
vt 0.773521 0.011189
vt 0.500000 0.990000
vt 0.500000 0.980000
vt 0.500000 1.000000
vt 0.250000 0.010033
vt 0.250000 0.037462
vt 0.484375 0.520000
vt 0.500000 0.520000
vt 0.484375 0.510000
vt 0.500000 0.500000
vt 0.729167 0.038485
vt 0.750000 0.037462
vt 0.484375 0.980000
vt 0.484375 0.990000
vt 0.484375 1.000000
vt 0.229167 0.038485
vt 0.226479 0.011189
vt 0.468750 0.510000
vt 0.484375 0.500000
vt 0.703185 0.014644
vt 0.726479 0.011189
vt 0.468750 0.990000
vt 0.468750 0.980000
vt 0.468750 1.000000
vt 0.203185 0.014644
vt 0.208536 0.041546
vt 0.453125 0.520000
vt 0.468750 0.520000
vt 0.453125 0.500000
vt 0.468750 0.500000
vt 0.688303 0.046613
vt 0.708536 0.041546
vt 0.453125 0.980000
vt 0.453125 0.990000
vt 0.453125 1.000000
vt 0.188303 0.046613
vt 0.180341 0.020366
vt 0.437500 0.510000
vt 0.453125 0.510000
vt 0.680341 0.020366
vt 0.668665 0.053640
vt 0.437500 0.990000
vt 0.437500 0.980000
vt 0.437500 1.000000
vt 0.168665 0.053640
vt 0.158169 0.028299
vt 0.437500 0.520000
vt 0.421875 0.510000
vt 0.437500 0.500000
vt 0.636880 0.038368
vt 0.658169 0.028299
vt 0.421875 0.990000
vt 0.421875 0.980000
vt 0.421875 1.000000
vt 0.136880 0.038368
vt 0.149810 0.062558
vt 0.406250 0.520000
vt 0.421875 0.520000
vt 0.406250 0.500000
vt 0.421875 0.500000
vt 0.631920 0.073281
vt 0.649810 0.062558
vt 0.406250 0.990000
vt 0.406250 0.980000
vt 0.406250 1.000000
vt 0.131920 0.073281
vt 0.116682 0.050475
vt 0.390625 0.510000
vt 0.406250 0.510000
vt 0.616682 0.050475
vt 0.615167 0.085706
vt 0.390625 0.990000
vt 0.390625 0.980000
vt 0.390625 1.000000
vt 0.115167 0.085706
vt 0.097767 0.064503
vt 0.390625 0.520000
vt 0.375000 0.510000
vt 0.375000 0.500000
vt 0.390625 0.500000
vt 0.597767 0.064503
vt 0.599713 0.099713
vt 0.375000 0.990000
vt 0.375000 0.980000
vt 0.375000 1.000000
vt 0.099713 0.099713
vt 0.080318 0.080318
vt 0.359375 0.520000
vt 0.375000 0.520000
vt 0.359375 0.510000
vt 0.564503 0.097767
vt 0.580318 0.080318
vt 0.359375 0.980000
vt 0.359375 0.990000
vt 0.359375 1.000000
vt 0.085706 0.115167
vt 0.064503 0.097767
vt 0.343750 0.520000
vt 0.343750 0.500000
vt 0.359375 0.500000
vt 0.550475 0.116682
vt 0.585706 0.115167
vt 0.343750 0.990000
vt 0.343750 0.980000
vt 0.343750 1.000000
vt 0.073281 0.131920
vt 0.050475 0.116682
vt 0.328125 0.520000
vt 0.343750 0.510000
vt 0.328125 0.500000
vt 0.538368 0.136880
vt 0.573281 0.131920
vt 0.328125 0.990000
vt 0.328125 0.980000
vt 0.328125 1.000000
vt 0.038368 0.136880
vt 0.062558 0.149810
vt 0.312500 0.510000
vt 0.328125 0.510000
vt 0.528299 0.158169
vt 0.562558 0.149810
vt 0.312500 0.980000
vt 0.312500 0.990000
vt 0.312500 1.000000
vt 0.053640 0.168665
vt 0.028299 0.158169
vt 0.312500 0.520000
vt 0.296875 0.510000
vt 0.312500 0.500000
vt 0.520366 0.180341
vt 0.553640 0.168665
vt 0.296875 0.990000
vt 0.296875 0.980000
vt 0.296875 1.000000
vt 0.046613 0.188303
vt 0.020366 0.180341
vt 0.281250 0.520000
vt 0.296875 0.520000
vt 0.281250 0.510000
vt 0.296875 0.500000
vt 0.514644 0.203185
vt 0.546614 0.188303
vt 0.281250 0.990000
vt 0.281250 0.980000
vt 0.281250 1.000000
vt 0.014644 0.203185
vt 0.041546 0.208536
vt 0.265625 0.510000
vt 0.281250 0.500000
vt 0.511189 0.226479
vt 0.541546 0.208536
vt 0.265625 0.980000
vt 0.265625 0.990000
vt 0.265625 1.000000
vt 0.011189 0.226479
vt 0.038485 0.229167
vt 0.250000 0.520000
vt 0.265625 0.520000
vt 0.250000 0.510000
vt 0.265625 0.500000
vt 0.537461 0.250000
vt 0.538485 0.229167
vt 0.250000 0.980000
vt 0.250000 0.990000
vt 0.250000 1.000000
vt 0.037462 0.250000
vt 0.010033 0.250000
vt 0.234375 0.520000
vt 0.234375 0.510000
vt 0.250000 0.500000
vt 0.511189 0.273521
vt 0.510033 0.250000
vt 0.234375 0.980000
vt 0.234375 0.990000
vt 0.234375 1.000000
vt 0.011189 0.273521
vt 0.038485 0.270832
vt 0.218750 0.520000
vt 0.218750 0.510000
vt 0.234375 0.500000
vt 0.514644 0.296815
vt 0.538485 0.270832
vt 0.218750 0.990000
vt 0.218750 0.980000
vt 0.218750 1.000000
vt 0.014644 0.296815
vt 0.041546 0.291464
vt 0.203125 0.510000
vt 0.203125 0.500000
vt 0.218750 0.500000
vt 0.520366 0.319659
vt 0.541546 0.291464
vt 0.203125 0.990000
vt 0.203125 0.980000
vt 0.203125 1.000000
vt 0.046613 0.311697
vt 0.020366 0.319659
vt 0.187500 0.520000
vt 0.203125 0.520000
vt 0.187500 0.510000
vt 0.553640 0.331335
vt 0.546613 0.311697
vt 0.187500 0.980000
vt 0.187500 0.990000
vt 0.187500 1.000000
vt 0.053640 0.331335
vt 0.028299 0.341831
vt 0.171875 0.520000
vt 0.171875 0.500000
vt 0.187500 0.500000
vt 0.538368 0.363120
vt 0.528299 0.341831
vt 0.171875 0.980000
vt 0.171875 0.990000
vt 0.171875 1.000000
vt 0.038368 0.363120
vt 0.062558 0.350190
vt 0.156250 0.520000
vt 0.171875 0.510000
vt 0.156250 0.510000
vt 0.550475 0.383318
vt 0.562558 0.350190
vt 0.156250 0.990000
vt 0.156250 0.980000
vt 0.156250 1.000000
vt 0.050475 0.383318
vt 0.073281 0.368080
vt 0.140625 0.510000
vt 0.140625 0.500000
vt 0.156250 0.500000
vt 0.564503 0.402233
vt 0.573281 0.368080
vt 0.140625 0.990000
vt 0.140625 0.980000
vt 0.140625 1.000000
vt 0.064503 0.402233
vt 0.085706 0.384833
vt 0.140625 0.520000
vt 0.125000 0.510000
vt 0.599713 0.400287
vt 0.585706 0.384833
vt 0.125000 0.990000
vt 0.125000 0.980000
vt 0.125000 1.000000
vt 0.099713 0.400287
vt 0.080318 0.419682
vt 0.109375 0.520000
vt 0.125000 0.520000
vt 0.109375 0.500000
vt 0.125000 0.500000
vt 0.580318 0.419682
vt 0.615167 0.414294
vt 0.109375 0.990000
vt 0.109375 0.980000
vt 0.109375 1.000000
vt 0.115167 0.414294
vt 0.097767 0.435497
vt 0.093750 0.520000
vt 0.109375 0.510000
vt 0.093750 0.510000
vt 0.597767 0.435497
vt 0.631920 0.426719
vt 0.093750 0.990000
vt 0.093750 0.980000
vt 0.093750 1.000000
vt 0.131920 0.426719
vt 0.116682 0.449525
vt 0.078125 0.510000
vt 0.093750 0.500000
vt 0.616682 0.449525
vt 0.649810 0.437442
vt 0.078125 0.980000
vt 0.078125 0.990000
vt 0.078125 1.000000
vt 0.149810 0.437442
vt 0.136880 0.461632
vt 0.062500 0.520000
vt 0.078125 0.520000
vt 0.062500 0.500000
vt 0.078125 0.500000
vt 0.658169 0.471701
vt 0.636880 0.461632
vt 0.062500 0.980000
vt 0.062500 0.990000
vt 0.062500 1.000000
vt 0.168665 0.446359
vt 0.158169 0.471701
vt 0.046875 0.520000
vt 0.062500 0.510000
vt 0.046875 0.500000
vt 0.680341 0.479634
vt 0.668665 0.446360
vt 0.046875 0.980000
vt 0.046875 0.990000
vt 0.046875 1.000000
vt 0.180341 0.479634
vt 0.188303 0.453386
vt 0.031250 0.520000
vt 0.046875 0.510000
vt 0.031250 0.500000
vt 0.708536 0.458454
vt 0.688303 0.453387
vt 0.031250 0.980000
vt 0.031250 0.990000
vt 0.031250 1.000000
vt 0.203185 0.485356
vt 0.208536 0.458454
vt 0.015625 0.510000
vt 0.031250 0.510000
vt 0.703185 0.485356
vt 0.729167 0.461515
vt 0.015625 0.990000
vt 0.015625 0.980000
vt 0.015625 1.000000
vt 0.229167 0.461515
vt 0.226479 0.488811
vt 0.015625 0.520000
vt 0.000120 0.510000
vt 0.015625 0.500000
vt 0.726479 0.488811
vt 0.000120 0.990000
vt 0.000000 0.980000
vt 0.000447 1.000000
vt 0.250000 0.489967
vt 1.000000 0.980000
vt 0.000000 0.520000
vt 0.999553 1.000000
vt 0.000447 0.500000
s 1
usemtl Mat_Dark_Metal
f 1098/1343/1538 1092/1344/1539 1090/1345/1540
f 1092/1344/1539 1099/1346/1541 1091/1347/1542
s 0
f 1099/1348/1543 1089/1349/1543 1091/1350/1543
s 1
f 1102/1351/1544 1096/1352/1545 1104/1353/1546
f 1096/1352/1545 1103/1354/1547 1104/1353/1546
s 0
f 1103/1355/1548 1093/1356/1548 1101/1357/1548
s 1
f 1106/1358/1549 1100/1359/1550 1098/1343/1538
f 1100/1359/1550 1107/1360/1551 1099/1346/1541
s 0
f 1107/1361/1552 1097/1362/1552 1099/1348/1552
s 1
f 1110/1363/1553 1104/1353/1546 1112/1364/1554
f 1104/1353/1546 1111/1365/1555 1112/1364/1554
s 0
f 1103/1355/1556 1109/1366/1556 1111/1367/1556
s 1
f 1106/1358/1549 1116/1368/1557 1108/1369/1558
f 1108/1369/1558 1115/1370/1559 1107/1360/1551
s 0
f 1107/1361/1560 1113/1371/1560 1105/1372/1560
s 1
f 1110/1363/1553 1120/1373/1561 1118/1374/1562
f 1120/1373/1561 1111/1365/1555 1119/1375/1563
s 0
f 1119/1376/1564 1109/1366/1564 1117/1377/1564
s 1
f 1114/1378/1565 1124/1379/1566 1116/1368/1557
f 1116/1368/1557 1123/1380/1567 1115/1370/1559
s 0
f 1123/1381/1568 1113/1371/1568 1115/1382/1568
s 1
f 1118/1374/1562 1128/1383/1569 1126/1384/1570
f 1128/1383/1569 1119/1375/1563 1127/1385/1571
s 0
f 1127/1386/1572 1117/1377/1572 1125/1387/1572
s 1
f 1122/1388/1573 1132/1389/1574 1124/1379/1566
f 1132/1389/1574 1123/1380/1567 1124/1379/1566
s 0
f 1131/1390/1575 1121/1391/1575 1123/1381/1575
s 1
f 1126/1384/1570 1136/1392/1576 1134/1393/1577
f 1136/1392/1576 1127/1385/1571 1135/1394/1578
s 0
f 1127/1386/1579 1133/1395/1579 1135/1396/1579
s 1
f 1138/1397/1580 1132/1389/1574 1130/1398/1581
f 1140/1399/1582 1131/1400/1583 1132/1389/1574
s 0
f 1131/1390/1584 1137/1401/1584 1129/1402/1584
s 1
f 1142/1403/1585 1136/1392/1576 1144/1404/1586
f 1144/1404/1586 1135/1394/1578 1143/1405/1587
s 0
f 1135/1396/1588 1141/1406/1588 1143/1407/1588
s 1
f 1138/1397/1580 1148/1408/1589 1140/1399/1582
f 1140/1399/1582 1147/1409/1590 1139/1410/1591
s 0
f 1147/1411/1592 1137/1401/1592 1139/1412/1592
s 1
f 1142/1403/1585 1152/1413/1593 1150/1414/1594
f 1144/1404/1586 1151/1415/1595 1152/1413/1593
s 0
f 1151/1416/1596 1141/1406/1596 1149/1417/1596
s 1
f 1154/1418/1597 1148/1408/1589 1146/1419/1598
f 1156/1420/1599 1147/1409/1590 1148/1408/1589
s 0
f 1147/1411/1600 1153/1421/1600 1145/1422/1600
s 1
f 1150/1414/1594 1160/1423/1601 1158/1424/1602
f 1160/1423/1601 1151/1415/1595 1159/1425/1603
s 0
f 1151/1416/1604 1157/1426/1604 1159/1427/1604
s 1
f 1162/1428/1605 1156/1420/1599 1154/1418/1597
f 1156/1420/1599 1163/1429/1606 1155/1430/1607
s 0
f 1163/1431/1608 1153/1421/1608 1155/1432/1608
s 1
f 1166/1433/1609 1160/1423/1601 1168/1434/1610
f 1160/1423/1601 1167/1435/1611 1168/1434/1610
s 0
f 1167/1436/1612 1157/1426/1612 1165/1437/1612
s 1
f 1170/1438/1613 1164/1439/1614 1162/1428/1605
f 1172/1440/1615 1163/1429/1606 1164/1439/1614
s 0
f 1171/1441/1616 1161/1442/1616 1163/1431/1616
s 1
f 1174/1443/1617 1168/1434/1610 1176/1444/1618
f 1176/1444/1618 1167/1435/1611 1175/1445/1619
s 0
f 1167/1436/1620 1173/1446/1620 1175/1447/1620
s 1
f 1170/1438/1613 1180/1448/1621 1172/1440/1615
f 1180/1448/1621 1171/1449/1622 1172/1440/1615
s 0
f 1171/1441/1623 1177/1450/1623 1169/1451/1623
s 1
f 1174/1443/1617 1184/1452/1624 1182/1453/1625
f 1176/1444/1618 1183/1454/1626 1184/1452/1624
s 0
f 1175/1447/1627 1181/1455/1627 1183/1456/1627
s 1
f 1186/1457/1628 1180/1448/1621 1178/1458/1629
f 1188/1459/1630 1179/1460/1631 1180/1448/1621
s 0
f 1187/1461/1632 1177/1450/1632 1179/1462/1632
s 1
f 1190/1463/1633 1184/1452/1624 1192/1464/1634
f 1184/1452/1624 1191/1465/1635 1192/1464/1634
s 0
f 1191/1466/1636 1181/1455/1636 1189/1467/1636
s 1
f 1186/1457/1628 1196/1468/1637 1188/1459/1630
f 1188/1459/1630 1195/1469/1638 1187/1470/1639
s 0
f 1195/1471/1640 1185/1472/1640 1187/1461/1640
s 1
f 1198/1473/1641 1192/1464/1634 1200/1474/1642
f 1192/1464/1634 1199/1475/1643 1200/1474/1642
s 0
f 1191/1466/1644 1197/1476/1644 1199/1477/1644
s 1
f 1202/1478/1645 1196/1468/1637 1194/1479/1646
f 1204/1480/1647 1195/1469/1638 1196/1468/1637
s 0
f 1195/1471/1648 1201/1481/1648 1193/1482/1648
s 1
f 1206/1483/1649 1200/1474/1642 1208/1484/1650
f 1208/1484/1650 1199/1475/1643 1207/1485/1651
s 0
f 1199/1477/1652 1205/1486/1652 1207/1487/1652
s 1
f 1202/1478/1645 1212/1488/1653 1204/1480/1647
f 1212/1488/1653 1203/1489/1654 1204/1480/1647
s 0
f 1203/1490/1655 1209/1491/1655 1201/1481/1655
s 1
f 1214/1492/1656 1208/1484/1650 1216/1493/1657
f 1208/1484/1650 1215/1494/1658 1216/1493/1657
s 0
f 1207/1487/1659 1213/1495/1659 1215/1496/1659
s 1
f 1210/1497/1660 1220/1498/1661 1212/1488/1653
f 1212/1488/1653 1219/1499/1662 1211/1500/1663
s 0
f 1219/1501/1664 1209/1491/1664 1211/1502/1664
s 1
f 1214/1492/1656 1224/1503/1665 1222/1504/1666
f 1216/1493/1657 1223/1505/1667 1224/1503/1665
s 0
f 1223/1506/1668 1213/1495/1668 1221/1507/1668
s 1
f 1218/1508/1669 1228/1509/1670 1220/1498/1661
f 1220/1498/1661 1227/1510/1671 1219/1499/1662
s 0
f 1227/1511/1672 1217/1512/1672 1219/1501/1672
s 1
f 1230/1513/1673 1224/1503/1665 1232/1514/1674
f 1224/1503/1665 1231/1515/1675 1232/1514/1674
s 0
f 1223/1506/1676 1229/1516/1676 1231/1517/1676
s 1
f 1226/1518/1677 1236/1519/1678 1228/1509/1670
f 1236/1519/1678 1227/1510/1671 1228/1509/1670
s 0
f 1235/1520/1679 1225/1521/1679 1227/1511/1679
s 1
f 1238/1522/1680 1232/1514/1674 1240/1523/1681
f 1240/1523/1681 1231/1515/1675 1239/1524/1682
s 0
f 1239/1525/1683 1229/1516/1683 1237/1526/1683
s 1
f 1242/1527/1684 1236/1519/1678 1234/1528/1685
f 1236/1519/1678 1243/1529/1686 1235/1530/1687
s 0
f 1243/1531/1688 1233/1532/1688 1235/1520/1688
s 1
f 1238/1522/1680 1248/1533/1689 1246/1534/1690
f 1248/1533/1689 1239/1524/1682 1247/1535/1691
s 0
f 1247/1536/1692 1237/1526/1692 1245/1537/1692
s 1
f 1250/1538/1693 1244/1539/1694 1242/1527/1684
f 1252/1540/1695 1243/1529/1686 1244/1539/1694
s 0
f 1251/1541/1696 1241/1542/1696 1243/1531/1696
s 1
f 1246/1534/1690 1256/1543/1697 1254/1544/1698
f 1248/1533/1689 1255/1545/1699 1256/1543/1697
s 0
f 1255/1546/1700 1245/1537/1700 1253/1547/1700
s 1
f 1258/1548/1701 1252/1540/1695 1250/1538/1693
f 1252/1540/1695 1259/1549/1702 1251/1550/1703
s 0
f 1259/1551/1704 1249/1552/1704 1251/1541/1704
s 1
f 1262/1553/1705 1256/1543/1697 1264/1554/1706
f 1256/1543/1697 1263/1555/1707 1264/1554/1706
s 0
f 1263/1556/1708 1253/1547/1708 1261/1557/1708
s 1
f 1266/1558/1709 1260/1559/1710 1258/1548/1701
f 1260/1559/1710 1267/1560/1711 1259/1549/1702
s 0
f 1259/1551/1712 1265/1561/1712 1257/1562/1712
s 1
f 1262/1553/1705 1272/1563/1713 1270/1564/1714
f 1272/1563/1713 1263/1555/1707 1271/1565/1715
s 0
f 1263/1556/1716 1269/1566/1716 1271/1567/1716
s 1
f 1274/1568/1717 1268/1569/1718 1266/1558/1709
f 1268/1569/1718 1275/1570/1719 1267/1560/1711
s 0
f 1275/1571/1720 1265/1561/1720 1267/1572/1720
s 1
f 1270/1564/1714 1280/1573/1721 1278/1574/1722
f 1280/1573/1721 1271/1565/1715 1279/1575/1723
s 0
f 1279/1576/1724 1269/1566/1724 1277/1577/1724
s 1
f 1282/1578/1725 1276/1579/1726 1274/1568/1717
f 1276/1579/1726 1283/1580/1727 1275/1570/1719
s 0
f 1275/1571/1728 1281/1581/1728 1273/1582/1728
s 1
f 1286/1583/1729 1280/1573/1721 1288/1584/1730
f 1288/1584/1730 1279/1575/1723 1287/1585/1731
s 0
f 1279/1576/1732 1285/1586/1732 1287/1587/1732
s 1
f 1290/1588/1733 1284/1589/1734 1282/1578/1725
f 1284/1589/1734 1291/1590/1735 1283/1580/1727
s 0
f 1291/1591/1736 1281/1581/1736 1283/1592/1736
s 1
f 1294/1593/1737 1288/1584/1730 1296/1594/1738
f 1288/1584/1730 1295/1595/1739 1296/1594/1738
s 0
f 1295/1596/1740 1285/1586/1740 1293/1597/1740
s 1
f 1298/1598/1741 1292/1599/1742 1290/1588/1733
f 1292/1599/1742 1299/1600/1743 1291/1590/1735
s 0
f 1291/1591/1744 1297/1601/1744 1289/1602/1744
s 1
f 1302/1603/1745 1296/1594/1738 1304/1604/1746
f 1304/1604/1746 1295/1595/1739 1303/1605/1747
s 0
f 1295/1596/1748 1301/1606/1748 1303/1607/1748
s 1
f 1306/1608/1749 1300/1609/1750 1298/1598/1741
f 1300/1609/1750 1307/1610/1751 1299/1600/1743
s 0
f 1307/1611/1752 1297/1601/1752 1299/1612/1752
s 1
f 1302/1603/1745 1312/1613/1753 1310/1614/1754
f 1304/1604/1746 1311/1615/1755 1312/1613/1753
s 0
f 1311/1616/1756 1301/1606/1756 1309/1617/1756
s 1
f 1306/1608/1749 1316/1618/1757 1308/1619/1758
f 1308/1619/1758 1315/1620/1759 1307/1610/1751
s 0
f 1307/1611/1760 1313/1621/1760 1305/1622/1760
s 1
f 1310/1614/1754 1320/1623/1761 1318/1624/1762
f 1320/1623/1761 1311/1615/1755 1319/1625/1763
s 0
f 1319/1626/1764 1309/1617/1764 1317/1627/1764
s 1
f 1322/1628/1765 1316/1618/1757 1314/1629/1766
f 1324/1630/1767 1315/1620/1759 1316/1618/1757
s 0
f 1323/1631/1768 1313/1621/1768 1315/1632/1768
s 1
f 1326/1633/1769 1320/1623/1761 1328/1634/1770
f 1320/1623/1761 1327/1635/1771 1328/1634/1770
s 0
f 1319/1626/1772 1325/1636/1772 1327/1637/1772
s 1
f 1322/1628/1765 1332/1638/1773 1324/1630/1767
f 1324/1630/1767 1331/1639/1774 1323/1640/1775
s 0
f 1331/1641/1776 1321/1642/1776 1323/1631/1776
s 1
f 1326/1633/1769 1336/1643/1777 1334/1644/1778
f 1328/1634/1770 1335/1645/1779 1336/1643/1777
s 0
f 1335/1646/1780 1325/1636/1780 1333/1647/1780
s 1
f 1338/1648/1781 1332/1638/1773 1330/1649/1782
f 1332/1638/1773 1339/1650/1783 1331/1639/1774
s 0
f 1331/1641/1784 1337/1651/1784 1329/1652/1784
s 1
f 1342/1653/1785 1336/1643/1777 1344/1654/1786
f 1336/1643/1777 1343/1655/1787 1344/1654/1786
s 0
f 1335/1646/1788 1341/1656/1788 1343/1657/1788
s 1
f 1338/1648/1781 1348/1658/1789 1340/1659/1790
f 1348/1658/1789 1339/1650/1783 1340/1659/1790
s 0
f 1347/1660/1791 1337/1651/1791 1339/1661/1791
s 1
f 1342/1653/1785 1352/1662/1792 1350/1663/1793
f 1344/1654/1786 1351/1664/1794 1352/1662/1792
s 0
f 1351/1665/1795 1341/1656/1795 1349/1666/1795
s 1
f 1354/1667/1796 1348/1658/1789 1346/1668/1797
f 1356/1669/1798 1347/1670/1799 1348/1658/1789
s 0
f 1347/1660/1800 1353/1671/1800 1345/1672/1800
s 1
f 1358/1673/1801 1352/1662/1792 1360/1674/1802
f 1360/1674/1802 1351/1664/1794 1359/1675/1803
s 0
f 1351/1665/1804 1357/1676/1804 1359/1677/1804
s 1
f 1354/1667/1796 1364/1678/1805 1356/1669/1798
f 1364/1678/1805 1355/1679/1806 1356/1669/1798
s 0
f 1363/1680/1807 1353/1671/1807 1355/1681/1807
s 1
f 1358/1673/1801 1368/1682/1808 1366/1683/1809
f 1368/1682/1808 1359/1675/1803 1367/1684/1810
s 0
f 1367/1685/1811 1357/1676/1811 1365/1686/1811
s 1
f 1370/1687/1812 1364/1678/1805 1362/1688/1813
f 1364/1678/1805 1371/1689/1814 1363/1690/1815
s 0
f 1363/1680/1816 1369/1691/1816 1361/1692/1816
s 1
f 1374/1693/1817 1368/1682/1808 1376/1694/1818
f 1376/1694/1818 1367/1684/1810 1375/1695/1819
s 0
f 1367/1685/1820 1373/1696/1820 1375/1697/1820
s 1
f 1370/1687/1812 1380/1698/1821 1372/1699/1822
f 1380/1698/1821 1371/1689/1814 1372/1699/1822
s 0
f 1371/1700/1823 1377/1701/1823 1369/1691/1823
s 1
f 1374/1693/1817 1384/1702/1824 1382/1703/1825
f 1376/1694/1818 1383/1704/1826 1384/1702/1824
s 0
f 1375/1697/1827 1381/1705/1827 1383/1706/1827
s 1
f 1378/1707/1828 1388/1708/1829 1380/1698/1821
f 1388/1708/1829 1379/1709/1830 1380/1698/1821
s 0
f 1387/1710/1831 1377/1701/1831 1379/1711/1831
s 1
f 1382/1703/1825 1392/1712/1832 1390/1713/1833
f 1392/1712/1832 1383/1704/1826 1391/1714/1834
s 0
f 1391/1715/1835 1381/1705/1835 1389/1716/1835
s 1
f 1394/1717/1836 1388/1708/1829 1386/1718/1837
f 1388/1708/1829 1395/1719/1838 1387/1720/1839
s 0
f 1387/1710/1840 1393/1721/1840 1385/1722/1840
s 1
f 1390/1713/1833 1400/1723/1841 1398/1724/1842
f 1400/1723/1841 1391/1714/1834 1399/1725/1843
s 0
f 1391/1715/1844 1397/1726/1844 1399/1727/1844
s 1
f 1394/1717/1836 1404/1728/1845 1396/1729/1846
f 1404/1728/1845 1395/1719/1838 1396/1729/1846
s 0
f 1395/1730/1847 1401/1731/1847 1393/1721/1847
s 1
f 1398/1724/1842 1408/1732/1848 1406/1733/1849
f 1400/1723/1841 1407/1734/1850 1408/1732/1848
s 0
f 1399/1727/1851 1405/1735/1851 1407/1736/1851
s 1
f 1402/1737/1852 1412/1738/1853 1404/1728/1845
f 1404/1728/1845 1411/1739/1854 1403/1740/1855
s 0
f 1403/1741/1856 1409/1742/1856 1401/1731/1856
s 1
f 1406/1733/1849 1416/1743/1857 1414/1744/1858
f 1408/1732/1848 1415/1745/1859 1416/1743/1857
s 0
f 1407/1736/1860 1413/1746/1860 1415/1747/1860
s 1
f 1418/1748/1861 1412/1738/1853 1410/1749/1862
f 1420/1750/1863 1411/1739/1854 1412/1738/1853
s 0
f 1419/1751/1864 1409/1742/1864 1411/1752/1864
s 1
f 1422/1753/1865 1416/1743/1857 1424/1754/1866
f 1416/1743/1857 1423/1755/1867 1424/1754/1866
s 0
f 1415/1747/1868 1421/1756/1868 1423/1757/1868
s 1
f 1426/1758/1869 1420/1750/1863 1418/1748/1861
f 1420/1750/1863 1427/1759/1870 1419/1760/1871
s 0
f 1427/1761/1872 1417/1762/1872 1419/1751/1872
s 1
f 1422/1753/1865 1432/1763/1873 1430/1764/1874
f 1424/1754/1866 1431/1765/1875 1432/1763/1873
s 0
f 1423/1757/1876 1429/1766/1876 1431/1767/1876
s 1
f 1434/1768/1877 1428/1769/1878 1426/1758/1869
f 1428/1769/1878 1435/1770/1879 1427/1759/1870
s 0
f 1435/1771/1880 1425/1772/1880 1427/1761/1880
s 1
f 1430/1764/1874 1440/1773/1881 1438/1774/1882
f 1432/1763/1873 1439/1775/1883 1440/1773/1881
s 0
f 1439/1776/1884 1429/1766/1884 1437/1777/1884
s 1
f 1434/1768/1877 1444/1778/1885 1436/1779/1886
f 1444/1778/1885 1435/1770/1879 1436/1779/1886
s 0
f 1443/1780/1887 1433/1781/1887 1435/1771/1887
s 1
f 1446/1782/1888 1440/1773/1881 1448/1783/1889
f 1440/1773/1881 1447/1784/1890 1448/1783/1889
s 0
f 1439/1776/1891 1445/1785/1891 1447/1786/1891
s 1
f 1442/1787/1892 1452/1788/1893 1444/1778/1885
f 1452/1788/1893 1443/1789/1894 1444/1778/1885
s 0
f 1451/1790/1895 1441/1791/1895 1443/1780/1895
s 1
f 1446/1782/1888 1456/1792/1896 1454/1793/1897
f 1448/1783/1889 1455/1794/1898 1456/1792/1896
s 0
f 1447/1786/1899 1453/1795/1899 1455/1796/1899
s 1
f 1458/1797/1900 1452/1788/1893 1450/1798/1901
f 1460/1799/1902 1451/1800/1903 1452/1788/1893
s 0
f 1459/1801/1904 1449/1802/1904 1451/1790/1904
s 1
f 1454/1793/1897 1464/1803/1905 1462/1804/1906
f 1456/1792/1896 1463/1805/1907 1464/1803/1905
s 0
f 1463/1806/1908 1453/1795/1908 1461/1807/1908
s 1
f 1458/1797/1900 1468/1808/1909 1460/1799/1902
f 1468/1808/1909 1459/1809/1910 1460/1799/1902
s 0
f 1467/1810/1911 1457/1811/1911 1459/1801/1911
s 1
f 1470/1812/1912 1464/1803/1905 1472/1813/1913
f 1464/1803/1905 1471/1814/1914 1472/1813/1913
s 0
f 1471/1815/1915 1461/1807/1915 1469/1816/1915
s 1
f 1474/1817/1916 1468/1808/1909 1466/1818/1917
f 1476/1819/1918 1467/1820/1919 1468/1808/1909
s 0
f 1467/1810/1920 1473/1821/1920 1465/1822/1920
s 1
f 1478/1823/1921 1472/1813/1913 1480/1824/1922
f 1480/1824/1922 1471/1814/1914 1479/1825/1923
s 0
f 1471/1815/1924 1477/1826/1924 1479/1827/1924
s 1
f 1482/1828/1925 1476/1819/1918 1474/1817/1916
f 1484/1829/1926 1475/1830/1927 1476/1819/1918
s 0
f 1483/1831/1928 1473/1821/1928 1475/1832/1928
s 1
f 1486/1833/1929 1480/1824/1922 1488/1834/1930
f 1488/1834/1930 1479/1825/1923 1487/1835/1931
s 0
f 1487/1836/1932 1477/1826/1932 1485/1837/1932
s 1
f 1490/1838/1933 1484/1829/1926 1482/1828/1925
f 1492/1839/1934 1483/1840/1935 1484/1829/1926
s 0
f 1491/1841/1936 1481/1842/1936 1483/1831/1936
s 1
f 1486/1833/1929 1496/1843/1937 1494/1844/1938
f 1488/1834/1930 1495/1845/1939 1496/1843/1937
s 0
f 1495/1846/1940 1485/1837/1940 1493/1847/1940
s 1
f 1490/1838/1933 1500/1848/1941 1492/1839/1934
f 1492/1839/1934 1499/1849/1942 1491/1850/1943
s 0
f 1499/1851/1944 1489/1852/1944 1491/1841/1944
s 1
f 1494/1844/1938 1504/1853/1945 1502/1854/1946
f 1504/1853/1945 1495/1845/1939 1503/1855/1947
s 0
f 1495/1846/1948 1501/1856/1948 1503/1857/1948
s 1
f 1506/1858/1949 1500/1848/1941 1498/1859/1950
f 1508/1860/1951 1499/1849/1942 1500/1848/1941
s 0
f 1499/1851/1952 1505/1861/1952 1497/1862/1952
s 1
f 1510/1863/1953 1504/1853/1945 1512/1864/1954
f 1504/1853/1945 1511/1865/1955 1512/1864/1954
s 0
f 1503/1857/1956 1509/1866/1956 1511/1867/1956
s 1
f 1514/1868/1957 1508/1860/1951 1506/1858/1949
f 1508/1860/1951 1515/1869/1958 1507/1870/1959
s 0
f 1515/1871/1960 1505/1861/1960 1507/1872/1960
s 1
f 1518/1873/1961 1512/1864/1954 1520/1874/1962
f 1520/1874/1962 1511/1865/1955 1519/1875/1963
s 0
f 1519/1876/1964 1509/1866/1964 1517/1877/1964
s 1
f 1522/1878/1965 1516/1879/1966 1514/1868/1957
f 1524/1880/1967 1515/1869/1958 1516/1879/1966
s 0
f 1523/1881/1968 1513/1882/1968 1515/1871/1968
s 1
f 1518/1873/1961 1528/1883/1969 1526/1884/1970
f 1528/1883/1969 1519/1875/1963 1527/1885/1971
s 0
f 1527/1886/1972 1517/1877/1972 1525/1887/1972
s 1
f 1522/1878/1965 1532/1888/1973 1524/1880/1967
f 1524/1880/1967 1531/1889/1974 1523/1890/1975
s 0
f 1531/1891/1976 1521/1892/1976 1523/1881/1976
s 1
f 1526/1884/1970 1536/1893/1977 1534/1894/1978
f 1536/1893/1977 1527/1885/1971 1535/1895/1979
s 0
f 1535/1896/1980 1525/1887/1980 1533/1897/1980
s 1
f 1530/1898/1981 1540/1899/1982 1532/1888/1973
f 1540/1899/1982 1531/1889/1974 1532/1888/1973
s 0
f 1531/1891/1983 1537/1900/1983 1529/1901/1983
s 1
f 1534/1894/1978 1544/1902/1984 1542/1903/1985
f 1544/1902/1984 1535/1895/1979 1543/1904/1986
s 0
f 1535/1896/1987 1541/1905/1987 1543/1906/1987
s 1
f 1546/1907/1988 1540/1899/1982 1538/1908/1989
f 1540/1899/1982 1547/1909/1990 1539/1910/1991
s 0
f 1539/1911/1992 1545/1912/1992 1537/1900/1992
s 1
f 1542/1903/1985 1552/1913/1993 1550/1914/1994
f 1544/1902/1984 1551/1915/1995 1552/1913/1993
s 0
f 1543/1906/1996 1549/1916/1996 1551/1917/1996
s 1
f 1554/1918/1997 1548/1919/1998 1546/1907/1988
f 1556/1920/1999 1547/1909/1990 1548/1919/1998
s 0
f 1547/1921/2000 1553/1922/2000 1545/1912/2000
s 1
f 1550/1914/1994 1560/1923/2001 1558/1924/2002
f 1560/1923/2001 1551/1915/1995 1559/1925/2003
s 0
f 1551/1917/2004 1557/1926/2004 1559/1927/2004
s 1
f 1554/1918/1997 1564/1928/2005 1556/1920/1999
f 1564/1928/2005 1555/1929/2006 1556/1920/1999
s 0
f 1555/1930/2007 1561/1931/2007 1553/1922/2007
s 1
f 1566/1932/2008 1560/1923/2001 1568/1933/2009
f 1560/1923/2001 1567/1934/2010 1568/1933/2009
s 0
f 1559/1927/2011 1565/1935/2011 1567/1936/2011
s 1
f 1570/1937/2012 1564/1928/2005 1562/1938/2013
f 1564/1928/2005 1571/1939/2014 1563/1940/2015
s 0
f 1571/1941/2016 1561/1931/2016 1563/1942/2016
s 1
f 1574/1943/2017 1568/1933/2009 1576/1944/2018
f 1576/1944/2018 1567/1934/2010 1575/1945/2019
s 0
f 1567/1936/2020 1573/1946/2020 1575/1947/2020
s 1
f 1578/1948/2021 1572/1949/2022 1570/1937/2012
f 1572/1949/2022 1579/1950/2023 1571/1939/2014
s 0
f 1579/1951/2024 1569/1952/2024 1571/1941/2024
s 1
f 1582/1953/2025 1576/1944/2018 1584/1954/2026
f 1584/1954/2026 1575/1945/2019 1583/1955/2027
s 0
f 1583/1956/2028 1573/1946/2028 1581/1957/2028
s 1
f 1586/1958/2029 1580/1959/2030 1578/1948/2021
f 1580/1959/2030 1587/1960/2031 1579/1950/2023
s 0
f 1579/1951/2032 1585/1961/2032 1577/1962/2032
s 1
f 1590/1963/2033 1584/1954/2026 1592/1964/2034
f 1584/1954/2026 1591/1965/2035 1592/1964/2034
s 0
f 1591/1966/2036 1581/1957/2036 1589/1967/2036
s 1
f 1586/1958/2029 1596/1968/2037 1588/1969/2038
f 1596/1968/2037 1587/1960/2031 1588/1969/2038
s 0
f 1587/1970/2039 1593/1971/2039 1585/1961/2039
s 1
f 1590/1963/2033 1600/1972/2040 1598/1973/2041
f 1600/1972/2040 1591/1965/2035 1599/1974/2042
s 0
f 1591/1966/2043 1597/1975/2043 1599/1976/2043
s 1
f 1594/1977/2044 1092/1978/1539 1596/1968/2037
f 1092/1978/1539 1595/1979/2045 1596/1968/2037
s 0
f 1595/1980/2046 1089/1349/2046 1593/1971/2046
s 1
f 1598/1973/2041 1096/1981/1545 1094/1982/2047
f 1096/1981/1545 1599/1974/2042 1095/1983/2048
s 0
f 1599/1976/2049 1093/1356/2049 1095/1984/2049
f 1337/1651/2050 1465/1822/2050 1593/1971/2050
s 1
f 1094/1985/2047 1098/1343/1538 1090/1345/1540
f 1598/1973/2041 1090/1986/1540 1594/1977/2044
s 0
f 1365/1686/2051 1237/1526/2051 1109/1366/2051
s 1
f 1102/1351/1544 1106/1358/1549 1098/1343/1538
f 1110/1363/1553 1114/1378/1565 1106/1358/1549
f 1118/1374/1562 1122/1388/1573 1114/1378/1565
f 1126/1384/1570 1130/1398/1581 1122/1388/1573
f 1134/1393/1577 1138/1397/1580 1130/1398/1581
f 1142/1403/1585 1146/1419/1598 1138/1397/1580
f 1150/1414/1594 1154/1418/1597 1146/1419/1598
f 1158/1424/1602 1162/1428/1605 1154/1418/1597
f 1166/1433/1609 1170/1438/1613 1162/1428/1605
f 1174/1443/1617 1178/1458/1629 1170/1438/1613
f 1182/1453/1625 1186/1457/1628 1178/1458/1629
f 1190/1463/1633 1194/1479/1646 1186/1457/1628
f 1198/1473/1641 1202/1478/1645 1194/1479/1646
f 1206/1483/1649 1210/1497/1660 1202/1478/1645
f 1214/1492/1656 1218/1508/1669 1210/1497/1660
f 1222/1504/1666 1226/1518/1677 1218/1508/1669
f 1230/1513/1673 1234/1528/1685 1226/1518/1677
f 1238/1522/1680 1242/1527/1684 1234/1528/1685
f 1246/1534/1690 1250/1538/1693 1242/1527/1684
f 1254/1544/1698 1258/1548/1701 1250/1538/1693
f 1262/1553/1705 1266/1558/1709 1258/1548/1701
f 1270/1564/1714 1274/1568/1717 1266/1558/1709
f 1278/1574/1722 1282/1578/1725 1274/1568/1717
f 1286/1583/1729 1290/1588/1733 1282/1578/1725
f 1294/1593/1737 1298/1598/1741 1290/1588/1733
f 1302/1603/1745 1306/1608/1749 1298/1598/1741
f 1310/1614/1754 1314/1629/1766 1306/1608/1749
f 1318/1624/1762 1322/1628/1765 1314/1629/1766
f 1326/1633/1769 1330/1649/1782 1322/1628/1765
f 1334/1644/1778 1338/1648/1781 1330/1649/1782
f 1342/1653/1785 1346/1668/1797 1338/1648/1781
f 1350/1663/1793 1354/1667/1796 1346/1668/1797
f 1358/1673/1801 1362/1688/1813 1354/1667/1796
f 1366/1683/1809 1370/1687/1812 1362/1688/1813
f 1374/1693/1817 1378/1707/1828 1370/1687/1812
f 1382/1703/1825 1386/1718/1837 1378/1707/1828
f 1386/1718/1837 1398/1724/1842 1394/1717/1836
f 1398/1724/1842 1402/1737/1852 1394/1717/1836
f 1406/1733/1849 1410/1749/1862 1402/1737/1852
f 1414/1744/1858 1418/1748/1861 1410/1749/1862
f 1422/1753/1865 1426/1758/1869 1418/1748/1861
f 1430/1764/1874 1434/1768/1877 1426/1758/1869
f 1438/1774/1882 1442/1787/1892 1434/1768/1877
f 1446/1782/1888 1450/1798/1901 1442/1787/1892
f 1454/1793/1897 1458/1797/1900 1450/1798/1901
f 1462/1804/1906 1466/1818/1917 1458/1797/1900
f 1470/1812/1912 1474/1817/1916 1466/1818/1917
f 1478/1823/1921 1482/1828/1925 1474/1817/1916
f 1486/1833/1929 1490/1838/1933 1482/1828/1925
f 1494/1844/1938 1498/1859/1950 1490/1838/1933
f 1502/1854/1946 1506/1858/1949 1498/1859/1950
f 1510/1863/1953 1514/1868/1957 1506/1858/1949
f 1518/1873/1961 1522/1878/1965 1514/1868/1957
f 1526/1884/1970 1530/1898/1981 1522/1878/1965
f 1534/1894/1978 1538/1908/1989 1530/1898/1981
f 1542/1903/1985 1546/1907/1988 1538/1908/1989
f 1550/1914/1994 1554/1918/1997 1546/1907/1988
f 1558/1924/2002 1562/1938/2013 1554/1918/1997
f 1566/1932/2008 1570/1937/2012 1562/1938/2013
f 1574/1943/2017 1578/1948/2021 1570/1937/2012
f 1582/1953/2025 1586/1958/2029 1578/1948/2021
f 1590/1963/2033 1594/1977/2044 1586/1958/2029
f 1098/1343/1538 1100/1359/1550 1092/1344/1539
f 1092/1344/1539 1100/1359/1550 1099/1346/1541
s 0
f 1099/1348/1543 1097/1362/1543 1089/1349/1543
s 1
f 1102/1351/1544 1094/1985/2047 1096/1352/1545
f 1096/1352/1545 1095/1987/2048 1103/1354/1547
s 0
f 1103/1355/1548 1095/1984/1548 1093/1356/1548
s 1
f 1106/1358/1549 1108/1369/1558 1100/1359/1550
f 1100/1359/1550 1108/1369/1558 1107/1360/1551
s 0
f 1107/1361/2052 1105/1372/2052 1097/1362/2052
s 1
f 1110/1363/1553 1102/1351/1544 1104/1353/1546
f 1104/1353/1546 1103/1354/1547 1111/1365/1555
s 0
f 1103/1355/1556 1101/1357/1556 1109/1366/1556
s 1
f 1106/1358/1549 1114/1378/1565 1116/1368/1557
f 1108/1369/1558 1116/1368/1557 1115/1370/1559
s 0
f 1107/1361/2053 1115/1382/2053 1113/1371/2053
s 1
f 1110/1363/1553 1112/1364/1554 1120/1373/1561
f 1120/1373/1561 1112/1364/1554 1111/1365/1555
s 0
f 1119/1376/2054 1111/1367/2054 1109/1366/2054
s 1
f 1114/1378/1565 1122/1388/1573 1124/1379/1566
f 1116/1368/1557 1124/1379/1566 1123/1380/1567
s 0
f 1123/1381/2055 1121/1391/2055 1113/1371/2055
s 1
f 1118/1374/1562 1120/1373/1561 1128/1383/1569
f 1128/1383/1569 1120/1373/1561 1119/1375/1563
s 0
f 1127/1386/2056 1119/1376/2056 1117/1377/2056
s 1
f 1122/1388/1573 1130/1398/1581 1132/1389/1574
f 1132/1389/1574 1131/1400/1583 1123/1380/1567
s 0
f 1131/1390/1575 1129/1402/1575 1121/1391/1575
s 1
f 1126/1384/1570 1128/1383/1569 1136/1392/1576
f 1136/1392/1576 1128/1383/1569 1127/1385/1571
s 0
f 1127/1386/2057 1125/1387/2057 1133/1395/2057
s 1
f 1138/1397/1580 1140/1399/1582 1132/1389/1574
f 1140/1399/1582 1139/1410/1591 1131/1400/1583
s 0
f 1131/1390/2058 1139/1412/2058 1137/1401/2058
s 1
f 1142/1403/1585 1134/1393/1577 1136/1392/1576
f 1144/1404/1586 1136/1392/1576 1135/1394/1578
s 0
f 1135/1396/2059 1133/1395/2059 1141/1406/2059
s 1
f 1138/1397/1580 1146/1419/1598 1148/1408/1589
f 1140/1399/1582 1148/1408/1589 1147/1409/1590
s 0
f 1147/1411/2060 1145/1422/2060 1137/1401/2060
s 1
f 1142/1403/1585 1144/1404/1586 1152/1413/1593
f 1144/1404/1586 1143/1405/1587 1151/1415/1595
s 0
f 1151/1416/2061 1143/1407/2061 1141/1406/2061
s 1
f 1154/1418/1597 1156/1420/1599 1148/1408/1589
f 1156/1420/1599 1155/1430/1607 1147/1409/1590
s 0
f 1147/1411/2062 1155/1432/2062 1153/1421/2062
s 1
f 1150/1414/1594 1152/1413/1593 1160/1423/1601
f 1160/1423/1601 1152/1413/1593 1151/1415/1595
s 0
f 1151/1416/1604 1149/1417/1604 1157/1426/1604
s 1
f 1162/1428/1605 1164/1439/1614 1156/1420/1599
f 1156/1420/1599 1164/1439/1614 1163/1429/1606
s 0
f 1163/1431/2063 1161/1442/2063 1153/1421/2063
s 1
f 1166/1433/1609 1158/1424/1602 1160/1423/1601
f 1160/1423/1601 1159/1425/1603 1167/1435/1611
s 0
f 1167/1436/2064 1159/1427/2064 1157/1426/2064
s 1
f 1170/1438/1613 1172/1440/1615 1164/1439/1614
f 1172/1440/1615 1171/1449/1622 1163/1429/1606
s 0
f 1171/1441/2065 1169/1451/2065 1161/1442/2065
s 1
f 1174/1443/1617 1166/1433/1609 1168/1434/1610
f 1176/1444/1618 1168/1434/1610 1167/1435/1611
s 0
f 1167/1436/1620 1165/1437/1620 1173/1446/1620
s 1
f 1170/1438/1613 1178/1458/1629 1180/1448/1621
f 1180/1448/1621 1179/1460/1631 1171/1449/1622
s 0
f 1171/1441/2066 1179/1462/2066 1177/1450/2066
s 1
f 1174/1443/1617 1176/1444/1618 1184/1452/1624
f 1176/1444/1618 1175/1445/1619 1183/1454/1626
s 0
f 1175/1447/2067 1173/1446/2067 1181/1455/2067
s 1
f 1186/1457/1628 1188/1459/1630 1180/1448/1621
f 1188/1459/1630 1187/1470/1639 1179/1460/1631
s 0
f 1187/1461/2068 1185/1472/2068 1177/1450/2068
s 1
f 1190/1463/1633 1182/1453/1625 1184/1452/1624
f 1184/1452/1624 1183/1454/1626 1191/1465/1635
s 0
f 1191/1466/2069 1183/1456/2069 1181/1455/2069
s 1
f 1186/1457/1628 1194/1479/1646 1196/1468/1637
f 1188/1459/1630 1196/1468/1637 1195/1469/1638
s 0
f 1195/1471/2070 1193/1482/2070 1185/1472/2070
s 1
f 1198/1473/1641 1190/1463/1633 1192/1464/1634
f 1192/1464/1634 1191/1465/1635 1199/1475/1643
s 0
f 1191/1466/1644 1189/1467/1644 1197/1476/1644
s 1
f 1202/1478/1645 1204/1480/1647 1196/1468/1637
f 1204/1480/1647 1203/1489/1654 1195/1469/1638
s 0
f 1195/1471/2071 1203/1490/2071 1201/1481/2071
s 1
f 1206/1483/1649 1198/1473/1641 1200/1474/1642
f 1208/1484/1650 1200/1474/1642 1199/1475/1643
s 0
f 1199/1477/1652 1197/1476/1652 1205/1486/1652
s 1
f 1202/1478/1645 1210/1497/1660 1212/1488/1653
f 1212/1488/1653 1211/1500/1663 1203/1489/1654
s 0
f 1203/1490/1655 1211/1502/1655 1209/1491/1655
s 1
f 1214/1492/1656 1206/1483/1649 1208/1484/1650
f 1208/1484/1650 1207/1485/1651 1215/1494/1658
s 0
f 1207/1487/1659 1205/1486/1659 1213/1495/1659
s 1
f 1210/1497/1660 1218/1508/1669 1220/1498/1661
f 1212/1488/1653 1220/1498/1661 1219/1499/1662
s 0
f 1219/1501/1664 1217/1512/1664 1209/1491/1664
s 1
f 1214/1492/1656 1216/1493/1657 1224/1503/1665
f 1216/1493/1657 1215/1494/1658 1223/1505/1667
s 0
f 1223/1506/1668 1215/1496/1668 1213/1495/1668
s 1
f 1218/1508/1669 1226/1518/1677 1228/1509/1670
f 1220/1498/1661 1228/1509/1670 1227/1510/1671
s 0
f 1227/1511/1672 1225/1521/1672 1217/1512/1672
s 1
f 1230/1513/1673 1222/1504/1666 1224/1503/1665
f 1224/1503/1665 1223/1505/1667 1231/1515/1675
s 0
f 1223/1506/1676 1221/1507/1676 1229/1516/1676
s 1
f 1226/1518/1677 1234/1528/1685 1236/1519/1678
f 1236/1519/1678 1235/1530/1687 1227/1510/1671
s 0
f 1235/1520/1679 1233/1532/1679 1225/1521/1679
s 1
f 1238/1522/1680 1230/1513/1673 1232/1514/1674
f 1240/1523/1681 1232/1514/1674 1231/1515/1675
s 0
f 1239/1525/1683 1231/1517/1683 1229/1516/1683
s 1
f 1242/1527/1684 1244/1539/1694 1236/1519/1678
f 1236/1519/1678 1244/1539/1694 1243/1529/1686
s 0
f 1243/1531/2072 1241/1542/2072 1233/1532/2072
s 1
f 1238/1522/1680 1240/1523/1681 1248/1533/1689
f 1248/1533/1689 1240/1523/1681 1239/1524/1682
s 0
f 1247/1536/1692 1239/1525/1692 1237/1526/1692
s 1
f 1250/1538/1693 1252/1540/1695 1244/1539/1694
f 1252/1540/1695 1251/1550/1703 1243/1529/1686
s 0
f 1251/1541/2073 1249/1552/2073 1241/1542/2073
s 1
f 1246/1534/1690 1248/1533/1689 1256/1543/1697
f 1248/1533/1689 1247/1535/1691 1255/1545/1699
s 0
f 1255/1546/1700 1247/1536/1700 1245/1537/1700
s 1
f 1258/1548/1701 1260/1559/1710 1252/1540/1695
f 1252/1540/1695 1260/1559/1710 1259/1549/1702
s 0
f 1259/1551/2074 1257/1562/2074 1249/1552/2074
s 1
f 1262/1553/1705 1254/1544/1698 1256/1543/1697
f 1256/1543/1697 1255/1545/1699 1263/1555/1707
s 0
f 1263/1556/2075 1255/1546/2075 1253/1547/2075
s 1
f 1266/1558/1709 1268/1569/1718 1260/1559/1710
f 1260/1559/1710 1268/1569/1718 1267/1560/1711
s 0
f 1259/1551/2076 1267/1572/2076 1265/1561/2076
s 1
f 1262/1553/1705 1264/1554/1706 1272/1563/1713
f 1272/1563/1713 1264/1554/1706 1263/1555/1707
s 0
f 1263/1556/2077 1261/1557/2077 1269/1566/2077
s 1
f 1274/1568/1717 1276/1579/1726 1268/1569/1718
f 1268/1569/1718 1276/1579/1726 1275/1570/1719
s 0
f 1275/1571/2078 1273/1582/2078 1265/1561/2078
s 1
f 1270/1564/1714 1272/1563/1713 1280/1573/1721
f 1280/1573/1721 1272/1563/1713 1271/1565/1715
s 0
f 1279/1576/1724 1271/1567/1724 1269/1566/1724
s 1
f 1282/1578/1725 1284/1589/1734 1276/1579/1726
f 1276/1579/1726 1284/1589/1734 1283/1580/1727
s 0
f 1275/1571/1728 1283/1592/1728 1281/1581/1728
s 1
f 1286/1583/1729 1278/1574/1722 1280/1573/1721
f 1288/1584/1730 1280/1573/1721 1279/1575/1723
s 0
f 1279/1576/2079 1277/1577/2079 1285/1586/2079
s 1
f 1290/1588/1733 1292/1599/1742 1284/1589/1734
f 1284/1589/1734 1292/1599/1742 1291/1590/1735
s 0
f 1291/1591/2080 1289/1602/2080 1281/1581/2080
s 1
f 1294/1593/1737 1286/1583/1729 1288/1584/1730
f 1288/1584/1730 1287/1585/1731 1295/1595/1739
s 0
f 1295/1596/1740 1287/1587/1740 1285/1586/1740
s 1
f 1298/1598/1741 1300/1609/1750 1292/1599/1742
f 1292/1599/1742 1300/1609/1750 1299/1600/1743
s 0
f 1291/1591/2081 1299/1612/2081 1297/1601/2081
s 1
f 1302/1603/1745 1294/1593/1737 1296/1594/1738
f 1304/1604/1746 1296/1594/1738 1295/1595/1739
s 0
f 1295/1596/2082 1293/1597/2082 1301/1606/2082
s 1
f 1306/1608/1749 1308/1619/1758 1300/1609/1750
f 1300/1609/1750 1308/1619/1758 1307/1610/1751
s 0
f 1307/1611/2083 1305/1622/2083 1297/1601/2083
s 1
f 1302/1603/1745 1304/1604/1746 1312/1613/1753
f 1304/1604/1746 1303/1605/1747 1311/1615/1755
s 0
f 1311/1616/2084 1303/1607/2084 1301/1606/2084
s 1
f 1306/1608/1749 1314/1629/1766 1316/1618/1757
f 1308/1619/1758 1316/1618/1757 1315/1620/1759
s 0
f 1307/1611/2085 1315/1632/2085 1313/1621/2085
s 1
f 1310/1614/1754 1312/1613/1753 1320/1623/1761
f 1320/1623/1761 1312/1613/1753 1311/1615/1755
s 0
f 1319/1626/2086 1311/1616/2086 1309/1617/2086
s 1
f 1322/1628/1765 1324/1630/1767 1316/1618/1757
f 1324/1630/1767 1323/1640/1775 1315/1620/1759
s 0
f 1323/1631/2087 1321/1642/2087 1313/1621/2087
s 1
f 1326/1633/1769 1318/1624/1762 1320/1623/1761
f 1320/1623/1761 1319/1625/1763 1327/1635/1771
s 0
f 1319/1626/2088 1317/1627/2088 1325/1636/2088
s 1
f 1322/1628/1765 1330/1649/1782 1332/1638/1773
f 1324/1630/1767 1332/1638/1773 1331/1639/1774
s 0
f 1331/1641/2089 1329/1652/2089 1321/1642/2089
s 1
f 1326/1633/1769 1328/1634/1770 1336/1643/1777
f 1328/1634/1770 1327/1635/1771 1335/1645/1779
s 0
f 1335/1646/2090 1327/1637/2090 1325/1636/2090
s 1
f 1338/1648/1781 1340/1659/1790 1332/1638/1773
f 1332/1638/1773 1340/1659/1790 1339/1650/1783
s 0
f 1331/1641/2091 1339/1661/2091 1337/1651/2091
s 1
f 1342/1653/1785 1334/1644/1778 1336/1643/1777
f 1336/1643/1777 1335/1645/1779 1343/1655/1787
s 0
f 1335/1646/1788 1333/1647/1788 1341/1656/1788
s 1
f 1338/1648/1781 1346/1668/1797 1348/1658/1789
f 1348/1658/1789 1347/1670/1799 1339/1650/1783
s 0
f 1347/1660/2092 1345/1672/2092 1337/1651/2092
s 1
f 1342/1653/1785 1344/1654/1786 1352/1662/1792
f 1344/1654/1786 1343/1655/1787 1351/1664/1794
s 0
f 1351/1665/2093 1343/1657/2093 1341/1656/2093
s 1
f 1354/1667/1796 1356/1669/1798 1348/1658/1789
f 1356/1669/1798 1355/1679/1806 1347/1670/1799
s 0
f 1347/1660/2094 1355/1681/2094 1353/1671/2094
s 1
f 1358/1673/1801 1350/1663/1793 1352/1662/1792
f 1360/1674/1802 1352/1662/1792 1351/1664/1794
s 0
f 1351/1665/2095 1349/1666/2095 1357/1676/2095
s 1
f 1354/1667/1796 1362/1688/1813 1364/1678/1805
f 1364/1678/1805 1363/1690/1815 1355/1679/1806
s 0
f 1363/1680/1807 1361/1692/1807 1353/1671/1807
s 1
f 1358/1673/1801 1360/1674/1802 1368/1682/1808
f 1368/1682/1808 1360/1674/1802 1359/1675/1803
s 0
f 1367/1685/1811 1359/1677/1811 1357/1676/1811
s 1
f 1370/1687/1812 1372/1699/1822 1364/1678/1805
f 1364/1678/1805 1372/1699/1822 1371/1689/1814
s 0
f 1363/1680/2096 1371/1700/2096 1369/1691/2096
s 1
f 1374/1693/1817 1366/1683/1809 1368/1682/1808
f 1376/1694/1818 1368/1682/1808 1367/1684/1810
s 0
f 1367/1685/2097 1365/1686/2097 1373/1696/2097
s 1
f 1370/1687/1812 1378/1707/1828 1380/1698/1821
f 1380/1698/1821 1379/1709/1830 1371/1689/1814
s 0
f 1371/1700/1823 1379/1711/1823 1377/1701/1823
s 1
f 1374/1693/1817 1376/1694/1818 1384/1702/1824
f 1376/1694/1818 1375/1695/1819 1383/1704/1826
s 0
f 1375/1697/2098 1373/1696/2098 1381/1705/2098
s 1
f 1378/1707/1828 1386/1718/1837 1388/1708/1829
f 1388/1708/1829 1387/1720/1839 1379/1709/1830
s 0
f 1387/1710/2099 1385/1722/2099 1377/1701/2099
s 1
f 1382/1703/1825 1384/1702/1824 1392/1712/1832
f 1392/1712/1832 1384/1702/1824 1383/1704/1826
s 0
f 1391/1715/2100 1383/1706/2100 1381/1705/2100
s 1
f 1394/1717/1836 1396/1729/1846 1388/1708/1829
f 1388/1708/1829 1396/1729/1846 1395/1719/1838
s 0
f 1387/1710/2101 1395/1730/2101 1393/1721/2101
s 1
f 1390/1713/1833 1392/1712/1832 1400/1723/1841
f 1400/1723/1841 1392/1712/1832 1391/1714/1834
s 0
f 1391/1715/2102 1389/1716/2102 1397/1726/2102
s 1
f 1394/1717/1836 1402/1737/1852 1404/1728/1845
f 1404/1728/1845 1403/1740/1855 1395/1719/1838
s 0
f 1395/1730/1847 1403/1741/1847 1401/1731/1847
s 1
f 1398/1724/1842 1400/1723/1841 1408/1732/1848
f 1400/1723/1841 1399/1725/1843 1407/1734/1850
s 0
f 1399/1727/2103 1397/1726/2103 1405/1735/2103
s 1
f 1402/1737/1852 1410/1749/1862 1412/1738/1853
f 1404/1728/1845 1412/1738/1853 1411/1739/1854
s 0
f 1403/1741/1856 1411/1752/1856 1409/1742/1856
s 1
f 1406/1733/1849 1408/1732/1848 1416/1743/1857
f 1408/1732/1848 1407/1734/1850 1415/1745/1859
s 0
f 1407/1736/2104 1405/1735/2104 1413/1746/2104
s 1
f 1418/1748/1861 1420/1750/1863 1412/1738/1853
f 1420/1750/1863 1419/1760/1871 1411/1739/1854
s 0
f 1419/1751/1864 1417/1762/1864 1409/1742/1864
s 1
f 1422/1753/1865 1414/1744/1858 1416/1743/1857
f 1416/1743/1857 1415/1745/1859 1423/1755/1867
s 0
f 1415/1747/1868 1413/1746/1868 1421/1756/1868
s 1
f 1426/1758/1869 1428/1769/1878 1420/1750/1863
f 1420/1750/1863 1428/1769/1878 1427/1759/1870
s 0
f 1427/1761/2105 1425/1772/2105 1417/1762/2105
s 1
f 1422/1753/1865 1424/1754/1866 1432/1763/1873
f 1424/1754/1866 1423/1755/1867 1431/1765/1875
s 0
f 1423/1757/1876 1421/1756/1876 1429/1766/1876
s 1
f 1434/1768/1877 1436/1779/1886 1428/1769/1878
f 1428/1769/1878 1436/1779/1886 1435/1770/1879
s 0
f 1435/1771/2106 1433/1781/2106 1425/1772/2106
s 1
f 1430/1764/1874 1432/1763/1873 1440/1773/1881
f 1432/1763/1873 1431/1765/1875 1439/1775/1883
s 0
f 1439/1776/2107 1431/1767/2107 1429/1766/2107
s 1
f 1434/1768/1877 1442/1787/1892 1444/1778/1885
f 1444/1778/1885 1443/1789/1894 1435/1770/1879
s 0
f 1443/1780/2108 1441/1791/2108 1433/1781/2108
s 1
f 1446/1782/1888 1438/1774/1882 1440/1773/1881
f 1440/1773/1881 1439/1775/1883 1447/1784/1890
s 0
f 1439/1776/2109 1437/1777/2109 1445/1785/2109
s 1
f 1442/1787/1892 1450/1798/1901 1452/1788/1893
f 1452/1788/1893 1451/1800/1903 1443/1789/1894
s 0
f 1451/1790/2110 1449/1802/2110 1441/1791/2110
s 1
f 1446/1782/1888 1448/1783/1889 1456/1792/1896
f 1448/1783/1889 1447/1784/1890 1455/1794/1898
s 0
f 1447/1786/1899 1445/1785/1899 1453/1795/1899
s 1
f 1458/1797/1900 1460/1799/1902 1452/1788/1893
f 1460/1799/1902 1459/1809/1910 1451/1800/1903
s 0
f 1459/1801/1904 1457/1811/1904 1449/1802/1904
s 1
f 1454/1793/1897 1456/1792/1896 1464/1803/1905
f 1456/1792/1896 1455/1794/1898 1463/1805/1907
s 0
f 1463/1806/2111 1455/1796/2111 1453/1795/2111
s 1
f 1458/1797/1900 1466/1818/1917 1468/1808/1909
f 1468/1808/1909 1467/1820/1919 1459/1809/1910
s 0
f 1467/1810/2112 1465/1822/2112 1457/1811/2112
s 1
f 1470/1812/1912 1462/1804/1906 1464/1803/1905
f 1464/1803/1905 1463/1805/1907 1471/1814/1914
s 0
f 1471/1815/2113 1463/1806/2113 1461/1807/2113
s 1
f 1474/1817/1916 1476/1819/1918 1468/1808/1909
f 1476/1819/1918 1475/1830/1927 1467/1820/1919
s 0
f 1467/1810/1920 1475/1832/1920 1473/1821/1920
s 1
f 1478/1823/1921 1470/1812/1912 1472/1813/1913
f 1480/1824/1922 1472/1813/1913 1471/1814/1914
s 0
f 1471/1815/1924 1469/1816/1924 1477/1826/1924
s 1
f 1482/1828/1925 1484/1829/1926 1476/1819/1918
f 1484/1829/1926 1483/1840/1935 1475/1830/1927
s 0
f 1483/1831/1928 1481/1842/1928 1473/1821/1928
s 1
f 1486/1833/1929 1478/1823/1921 1480/1824/1922
f 1488/1834/1930 1480/1824/1922 1479/1825/1923
s 0
f 1487/1836/1932 1479/1827/1932 1477/1826/1932
s 1
f 1490/1838/1933 1492/1839/1934 1484/1829/1926
f 1492/1839/1934 1491/1850/1943 1483/1840/1935
s 0
f 1491/1841/2114 1489/1852/2114 1481/1842/2114
s 1
f 1486/1833/1929 1488/1834/1930 1496/1843/1937
f 1488/1834/1930 1487/1835/1931 1495/1845/1939
s 0
f 1495/1846/1940 1487/1836/1940 1485/1837/1940
s 1
f 1490/1838/1933 1498/1859/1950 1500/1848/1941
f 1492/1839/1934 1500/1848/1941 1499/1849/1942
s 0
f 1499/1851/2115 1497/1862/2115 1489/1852/2115
s 1
f 1494/1844/1938 1496/1843/1937 1504/1853/1945
f 1504/1853/1945 1496/1843/1937 1495/1845/1939
s 0
f 1495/1846/2116 1493/1847/2116 1501/1856/2116
s 1
f 1506/1858/1949 1508/1860/1951 1500/1848/1941
f 1508/1860/1951 1507/1870/1959 1499/1849/1942
s 0
f 1499/1851/2117 1507/1872/2117 1505/1861/2117
s 1
f 1510/1863/1953 1502/1854/1946 1504/1853/1945
f 1504/1853/1945 1503/1855/1947 1511/1865/1955
s 0
f 1503/1857/1956 1501/1856/1956 1509/1866/1956
s 1
f 1514/1868/1957 1516/1879/1966 1508/1860/1951
f 1508/1860/1951 1516/1879/1966 1515/1869/1958
s 0
f 1515/1871/2118 1513/1882/2118 1505/1861/2118
s 1
f 1518/1873/1961 1510/1863/1953 1512/1864/1954
f 1520/1874/1962 1512/1864/1954 1511/1865/1955
s 0
f 1519/1876/2119 1511/1867/2119 1509/1866/2119
s 1
f 1522/1878/1965 1524/1880/1967 1516/1879/1966
f 1524/1880/1967 1523/1890/1975 1515/1869/1958
s 0
f 1523/1881/2120 1521/1892/2120 1513/1882/2120
s 1
f 1518/1873/1961 1520/1874/1962 1528/1883/1969
f 1528/1883/1969 1520/1874/1962 1519/1875/1963
s 0
f 1527/1886/2121 1519/1876/2121 1517/1877/2121
s 1
f 1522/1878/1965 1530/1898/1981 1532/1888/1973
f 1524/1880/1967 1532/1888/1973 1531/1889/1974
s 0
f 1531/1891/2122 1529/1901/2122 1521/1892/2122
s 1
f 1526/1884/1970 1528/1883/1969 1536/1893/1977
f 1536/1893/1977 1528/1883/1969 1527/1885/1971
s 0
f 1535/1896/1980 1527/1886/1980 1525/1887/1980
s 1
f 1530/1898/1981 1538/1908/1989 1540/1899/1982
f 1540/1899/1982 1539/1910/1991 1531/1889/1974
s 0
f 1531/1891/2123 1539/1911/2123 1537/1900/2123
s 1
f 1534/1894/1978 1536/1893/1977 1544/1902/1984
f 1544/1902/1984 1536/1893/1977 1535/1895/1979
s 0
f 1535/1896/2124 1533/1897/2124 1541/1905/2124
s 1
f 1546/1907/1988 1548/1919/1998 1540/1899/1982
f 1540/1899/1982 1548/1919/1998 1547/1909/1990
s 0
f 1539/1911/2125 1547/1921/2125 1545/1912/2125
s 1
f 1542/1903/1985 1544/1902/1984 1552/1913/1993
f 1544/1902/1984 1543/1904/1986 1551/1915/1995
s 0
f 1543/1906/2126 1541/1905/2126 1549/1916/2126
s 1
f 1554/1918/1997 1556/1920/1999 1548/1919/1998
f 1556/1920/1999 1555/1929/2006 1547/1909/1990
s 0
f 1547/1921/2000 1555/1930/2000 1553/1922/2000
s 1
f 1550/1914/1994 1552/1913/1993 1560/1923/2001
f 1560/1923/2001 1552/1913/1993 1551/1915/1995
s 0
f 1551/1917/2127 1549/1916/2127 1557/1926/2127
s 1
f 1554/1918/1997 1562/1938/2013 1564/1928/2005
f 1564/1928/2005 1563/1940/2015 1555/1929/2006
s 0
f 1555/1930/2007 1563/1942/2007 1561/1931/2007
s 1
f 1566/1932/2008 1558/1924/2002 1560/1923/2001
f 1560/1923/2001 1559/1925/2003 1567/1934/2010
s 0
f 1559/1927/2128 1557/1926/2128 1565/1935/2128
s 1
f 1570/1937/2012 1572/1949/2022 1564/1928/2005
f 1564/1928/2005 1572/1949/2022 1571/1939/2014
s 0
f 1571/1941/2129 1569/1952/2129 1561/1931/2129
s 1
f 1574/1943/2017 1566/1932/2008 1568/1933/2009
f 1576/1944/2018 1568/1933/2009 1567/1934/2010
s 0
f 1567/1936/2130 1565/1935/2130 1573/1946/2130
s 1
f 1578/1948/2021 1580/1959/2030 1572/1949/2022
f 1572/1949/2022 1580/1959/2030 1579/1950/2023
s 0
f 1579/1951/2024 1577/1962/2024 1569/1952/2024
s 1
f 1582/1953/2025 1574/1943/2017 1576/1944/2018
f 1584/1954/2026 1576/1944/2018 1575/1945/2019
s 0
f 1583/1956/2131 1575/1947/2131 1573/1946/2131
s 1
f 1586/1958/2029 1588/1969/2038 1580/1959/2030
f 1580/1959/2030 1588/1969/2038 1587/1960/2031
s 0
f 1579/1951/2132 1587/1970/2132 1585/1961/2132
s 1
f 1590/1963/2033 1582/1953/2025 1584/1954/2026
f 1584/1954/2026 1583/1955/2027 1591/1965/2035
s 0
f 1591/1966/2133 1583/1956/2133 1581/1957/2133
s 1
f 1586/1958/2029 1594/1977/2044 1596/1968/2037
f 1596/1968/2037 1595/1979/2045 1587/1960/2031
s 0
f 1587/1970/2039 1595/1980/2039 1593/1971/2039
s 1
f 1590/1963/2033 1592/1964/2034 1600/1972/2040
f 1600/1972/2040 1592/1964/2034 1591/1965/2035
s 0
f 1591/1966/2043 1589/1967/2043 1597/1975/2043
s 1
f 1594/1977/2044 1090/1986/1540 1092/1978/1539
f 1092/1978/1539 1091/1988/1542 1595/1979/2045
s 0
f 1595/1980/2134 1091/1350/2134 1089/1349/2134
s 1
f 1598/1973/2041 1600/1972/2040 1096/1981/1545
f 1096/1981/1545 1600/1972/2040 1599/1974/2042
s 0
f 1599/1976/2049 1597/1975/2049 1093/1356/2049
f 1593/1971/2050 1089/1349/2050 1097/1362/2050
f 1097/1362/2135 1105/1372/2135 1113/1371/2135
f 1113/1371/2136 1121/1391/2136 1129/1402/2136
f 1129/1402/2050 1137/1401/2050 1145/1422/2050
f 1145/1422/2137 1153/1421/2137 1161/1442/2137
f 1161/1442/2136 1169/1451/2136 1177/1450/2136
f 1177/1450/2138 1185/1472/2138 1193/1482/2138
f 1193/1482/2139 1201/1481/2139 1209/1491/2139
f 1209/1491/2050 1217/1512/2050 1225/1521/2050
f 1225/1521/2050 1233/1532/2050 1241/1542/2050
f 1241/1542/2140 1249/1552/2140 1257/1562/2140
f 1257/1562/2137 1265/1561/2137 1273/1582/2137
f 1273/1582/2136 1281/1581/2136 1289/1602/2136
f 1289/1602/2050 1297/1601/2050 1305/1622/2050
f 1305/1622/2050 1313/1621/2050 1321/1642/2050
f 1321/1642/2141 1329/1652/2141 1337/1651/2141
f 1337/1651/2050 1345/1672/2050 1353/1671/2050
f 1353/1671/2141 1361/1692/2141 1369/1691/2141
f 1369/1691/2137 1377/1701/2137 1385/1722/2137
f 1385/1722/2050 1393/1721/2050 1401/1731/2050
f 1401/1731/2050 1409/1742/2050 1417/1762/2050
f 1417/1762/2050 1425/1772/2050 1433/1781/2050
f 1433/1781/2140 1441/1791/2140 1449/1802/2140
f 1449/1802/2050 1457/1811/2050 1465/1822/2050
f 1465/1822/2050 1473/1821/2050 1481/1842/2050
f 1481/1842/2050 1489/1852/2050 1497/1862/2050
f 1497/1862/2138 1505/1861/2138 1513/1882/2138
f 1513/1882/2050 1521/1892/2050 1529/1901/2050
f 1529/1901/2050 1537/1900/2050 1545/1912/2050
f 1545/1912/2050 1553/1922/2050 1561/1931/2050
f 1561/1931/2050 1569/1952/2050 1577/1962/2050
f 1577/1962/2135 1585/1961/2135 1593/1971/2135
f 1593/1971/2138 1097/1362/2138 1113/1371/2138
f 1113/1371/2050 1129/1402/2050 1145/1422/2050
f 1145/1422/2050 1161/1442/2050 1177/1450/2050
f 1177/1450/2050 1193/1482/2050 1209/1491/2050
f 1209/1491/2050 1225/1521/2050 1241/1542/2050
f 1241/1542/2142 1257/1562/2142 1273/1582/2142
f 1273/1582/2139 1289/1602/2139 1305/1622/2139
f 1305/1622/2050 1321/1642/2050 1337/1651/2050
f 1337/1651/2140 1353/1671/2140 1369/1691/2140
f 1369/1691/2050 1385/1722/2050 1401/1731/2050
f 1401/1731/2050 1417/1762/2050 1433/1781/2050
f 1433/1781/2050 1449/1802/2050 1465/1822/2050
f 1465/1822/2050 1481/1842/2050 1497/1862/2050
f 1497/1862/2142 1513/1882/2142 1529/1901/2142
f 1529/1901/2142 1545/1912/2142 1561/1931/2142
f 1561/1931/2050 1577/1962/2050 1593/1971/2050
f 1593/1971/2143 1113/1371/2143 1145/1422/2143
f 1145/1422/2050 1177/1450/2050 1209/1491/2050
f 1209/1491/2050 1241/1542/2050 1273/1582/2050
f 1273/1582/2143 1305/1622/2143 1337/1651/2143
f 1337/1651/2143 1369/1691/2143 1401/1731/2143
f 1401/1731/2050 1433/1781/2050 1465/1822/2050
f 1465/1822/2144 1497/1862/2144 1529/1901/2144
f 1529/1901/2144 1561/1931/2144 1593/1971/2144
f 1593/1971/2050 1145/1422/2050 1209/1491/2050
f 1209/1491/2050 1273/1582/2050 1337/1651/2050
f 1337/1651/2050 1401/1731/2050 1465/1822/2050
f 1465/1822/2050 1529/1901/2050 1593/1971/2050
f 1593/1971/2050 1209/1491/2050 1337/1651/2050
s 1
f 1094/1985/2047 1102/1351/1544 1098/1343/1538
f 1598/1973/2041 1094/1982/2047 1090/1986/1540
s 0
f 1109/1366/2051 1101/1357/2051 1093/1356/2051
f 1093/1356/2145 1597/1975/2145 1589/1967/2145
f 1589/1967/2051 1581/1957/2051 1573/1946/2051
f 1573/1946/2051 1565/1935/2051 1557/1926/2051
f 1557/1926/2051 1549/1916/2051 1541/1905/2051
f 1541/1905/2146 1533/1897/2146 1525/1887/2146
f 1525/1887/2147 1517/1877/2147 1509/1866/2147
f 1509/1866/2051 1501/1856/2051 1493/1847/2051
f 1493/1847/2051 1485/1837/2051 1477/1826/2051
f 1477/1826/2051 1469/1816/2051 1461/1807/2051
f 1461/1807/2051 1453/1795/2051 1445/1785/2051
f 1445/1785/2148 1437/1777/2148 1429/1766/2148
f 1429/1766/2148 1421/1756/2148 1413/1746/2148
f 1413/1746/2051 1405/1735/2051 1397/1726/2051
f 1397/1726/2051 1389/1716/2051 1381/1705/2051
f 1381/1705/2051 1373/1696/2051 1365/1686/2051
f 1365/1686/2149 1357/1676/2149 1349/1666/2149
f 1349/1666/2051 1341/1656/2051 1333/1647/2051
f 1333/1647/2051 1325/1636/2051 1317/1627/2051
f 1317/1627/2051 1309/1617/2051 1301/1606/2051
f 1301/1606/2051 1293/1597/2051 1285/1586/2051
f 1285/1586/2051 1277/1577/2051 1269/1566/2051
f 1269/1566/2150 1261/1557/2150 1253/1547/2150
f 1253/1547/2051 1245/1537/2051 1237/1526/2051
f 1237/1526/2051 1229/1516/2051 1221/1507/2051
f 1221/1507/2051 1213/1495/2051 1205/1486/2051
f 1205/1486/2051 1197/1476/2051 1189/1467/2051
f 1189/1467/2146 1181/1455/2146 1173/1446/2146
f 1173/1446/2051 1165/1437/2051 1157/1426/2051
f 1157/1426/2051 1149/1417/2051 1141/1406/2051
f 1141/1406/2051 1133/1395/2051 1125/1387/2051
f 1125/1387/2051 1117/1377/2051 1109/1366/2051
f 1109/1366/2147 1093/1356/2147 1589/1967/2147
f 1589/1967/2051 1573/1946/2051 1557/1926/2051
f 1557/1926/2051 1541/1905/2051 1525/1887/2051
f 1525/1887/2151 1509/1866/2151 1493/1847/2151
f 1493/1847/2051 1477/1826/2051 1461/1807/2051
f 1461/1807/2152 1445/1785/2152 1429/1766/2152
f 1429/1766/2051 1413/1746/2051 1397/1726/2051
f 1397/1726/2051 1381/1705/2051 1365/1686/2051
f 1365/1686/2150 1349/1666/2150 1333/1647/2150
f 1333/1647/2153 1317/1627/2153 1301/1606/2153
f 1301/1606/2051 1285/1586/2051 1269/1566/2051
f 1269/1566/2151 1253/1547/2151 1237/1526/2151
f 1237/1526/2051 1221/1507/2051 1205/1486/2051
f 1205/1486/2152 1189/1467/2152 1173/1446/2152
f 1173/1446/2051 1157/1426/2051 1141/1406/2051
f 1141/1406/2051 1125/1387/2051 1109/1366/2051
f 1109/1366/2151 1589/1967/2151 1557/1926/2151
f 1557/1926/2051 1525/1887/2051 1493/1847/2051
f 1493/1847/2051 1461/1807/2051 1429/1766/2051
f 1429/1766/2152 1397/1726/2152 1365/1686/2152
f 1365/1686/2151 1333/1647/2151 1301/1606/2151
f 1301/1606/2051 1269/1566/2051 1237/1526/2051
f 1237/1526/2051 1205/1486/2051 1173/1446/2051
f 1173/1446/2152 1141/1406/2152 1109/1366/2152
f 1109/1366/2051 1557/1926/2051 1493/1847/2051
f 1493/1847/2051 1429/1766/2051 1365/1686/2051
f 1365/1686/2051 1301/1606/2051 1237/1526/2051
f 1237/1526/2051 1173/1446/2051 1109/1366/2051
f 1109/1366/2051 1493/1847/2051 1365/1686/2051
s 1
f 1102/1351/1544 1110/1363/1553 1106/1358/1549
f 1110/1363/1553 1118/1374/1562 1114/1378/1565
f 1118/1374/1562 1126/1384/1570 1122/1388/1573
f 1126/1384/1570 1134/1393/1577 1130/1398/1581
f 1134/1393/1577 1142/1403/1585 1138/1397/1580
f 1142/1403/1585 1150/1414/1594 1146/1419/1598
f 1150/1414/1594 1158/1424/1602 1154/1418/1597
f 1158/1424/1602 1166/1433/1609 1162/1428/1605
f 1166/1433/1609 1174/1443/1617 1170/1438/1613
f 1174/1443/1617 1182/1453/1625 1178/1458/1629
f 1182/1453/1625 1190/1463/1633 1186/1457/1628
f 1190/1463/1633 1198/1473/1641 1194/1479/1646
f 1198/1473/1641 1206/1483/1649 1202/1478/1645
f 1206/1483/1649 1214/1492/1656 1210/1497/1660
f 1214/1492/1656 1222/1504/1666 1218/1508/1669
f 1222/1504/1666 1230/1513/1673 1226/1518/1677
f 1230/1513/1673 1238/1522/1680 1234/1528/1685
f 1238/1522/1680 1246/1534/1690 1242/1527/1684
f 1246/1534/1690 1254/1544/1698 1250/1538/1693
f 1254/1544/1698 1262/1553/1705 1258/1548/1701
f 1262/1553/1705 1270/1564/1714 1266/1558/1709
f 1270/1564/1714 1278/1574/1722 1274/1568/1717
f 1278/1574/1722 1286/1583/1729 1282/1578/1725
f 1286/1583/1729 1294/1593/1737 1290/1588/1733
f 1294/1593/1737 1302/1603/1745 1298/1598/1741
f 1302/1603/1745 1310/1614/1754 1306/1608/1749
f 1310/1614/1754 1318/1624/1762 1314/1629/1766
f 1318/1624/1762 1326/1633/1769 1322/1628/1765
f 1326/1633/1769 1334/1644/1778 1330/1649/1782
f 1334/1644/1778 1342/1653/1785 1338/1648/1781
f 1342/1653/1785 1350/1663/1793 1346/1668/1797
f 1350/1663/1793 1358/1673/1801 1354/1667/1796
f 1358/1673/1801 1366/1683/1809 1362/1688/1813
f 1366/1683/1809 1374/1693/1817 1370/1687/1812
f 1374/1693/1817 1382/1703/1825 1378/1707/1828
f 1382/1703/1825 1390/1713/1833 1386/1718/1837
f 1386/1718/1837 1390/1713/1833 1398/1724/1842
f 1398/1724/1842 1406/1733/1849 1402/1737/1852
f 1406/1733/1849 1414/1744/1858 1410/1749/1862
f 1414/1744/1858 1422/1753/1865 1418/1748/1861
f 1422/1753/1865 1430/1764/1874 1426/1758/1869
f 1430/1764/1874 1438/1774/1882 1434/1768/1877
f 1438/1774/1882 1446/1782/1888 1442/1787/1892
f 1446/1782/1888 1454/1793/1897 1450/1798/1901
f 1454/1793/1897 1462/1804/1906 1458/1797/1900
f 1462/1804/1906 1470/1812/1912 1466/1818/1917
f 1470/1812/1912 1478/1823/1921 1474/1817/1916
f 1478/1823/1921 1486/1833/1929 1482/1828/1925
f 1486/1833/1929 1494/1844/1938 1490/1838/1933
f 1494/1844/1938 1502/1854/1946 1498/1859/1950
f 1502/1854/1946 1510/1863/1953 1506/1858/1949
f 1510/1863/1953 1518/1873/1961 1514/1868/1957
f 1518/1873/1961 1526/1884/1970 1522/1878/1965
f 1526/1884/1970 1534/1894/1978 1530/1898/1981
f 1534/1894/1978 1542/1903/1985 1538/1908/1989
f 1542/1903/1985 1550/1914/1994 1546/1907/1988
f 1550/1914/1994 1558/1924/2002 1554/1918/1997
f 1558/1924/2002 1566/1932/2008 1562/1938/2013
f 1566/1932/2008 1574/1943/2017 1570/1937/2012
f 1574/1943/2017 1582/1953/2025 1578/1948/2021
f 1582/1953/2025 1590/1963/2033 1586/1958/2029
f 1590/1963/2033 1598/1973/2041 1594/1977/2044
