# Blender 5.1.2
# www.blender.org
mtllib omx_mounting_plate.mtl
o OMX_Mounting_Plate.001
v 0.192781 0.009862 0.067497
v 0.193381 0.009891 0.068097
v 0.193081 0.009877 0.067577
v 0.193247 0.011257 0.068097
v 0.192656 0.011139 0.067497
v 0.192849 0.012570 0.068097
v 0.192292 0.012339 0.067497
v 0.192202 0.013780 0.068097
v 0.191700 0.013445 0.067497
v 0.191331 0.014841 0.068097
v 0.190905 0.014415 0.067497
v 0.191118 0.014628 0.067577
v 0.190270 0.015712 0.068097
v 0.189936 0.015210 0.067497
v 0.190103 0.015461 0.067577
v 0.189060 0.016358 0.068097
v 0.188830 0.015801 0.067497
v 0.189029 0.016284 0.067797
v 0.188945 0.016080 0.067577
v 0.187747 0.016757 0.068097
v 0.187630 0.016165 0.067497
v 0.187731 0.016678 0.067797
v 0.186381 0.016891 0.068097
v 0.186352 0.016291 0.067497
v -0.194619 0.016891 0.068097
v -0.194589 0.016291 0.067497
v -0.195984 0.016757 0.068097
v -0.195867 0.016165 0.067497
v -0.195968 0.016678 0.067797
v -0.197297 0.016358 0.068097
v -0.197067 0.015801 0.067497
v -0.197266 0.016284 0.067797
v -0.197182 0.016080 0.067577
v -0.198508 0.015712 0.068097
v -0.198173 0.015210 0.067497
v -0.198340 0.015461 0.067577
v -0.199568 0.014841 0.068097
v -0.199142 0.014415 0.067497
v -0.199355 0.014628 0.067577
v -0.200439 0.013780 0.068097
v -0.199937 0.013445 0.067497
v -0.201086 0.012570 0.068097
v -0.200529 0.012339 0.067497
v -0.201484 0.011257 0.068097
v -0.200893 0.011139 0.067497
v -0.201619 0.009891 0.068097
v -0.201019 0.009862 0.067497
v -0.201319 0.009877 0.067577
v -0.201619 -0.116109 0.068097
v -0.201019 -0.116079 0.067497
v -0.201319 -0.116094 0.067577
v -0.201484 -0.117474 0.068097
v -0.200893 -0.117357 0.067497
v -0.201086 -0.118787 0.068097
v -0.200529 -0.118557 0.067497
v -0.200439 -0.119998 0.068097
v -0.199937 -0.119663 0.067497
v -0.199568 -0.121058 0.068097
v -0.199142 -0.120632 0.067497
v -0.199355 -0.120845 0.067577
v -0.198508 -0.121929 0.068097
v -0.198173 -0.121428 0.067497
v -0.198340 -0.121678 0.067577
v -0.197297 -0.122576 0.068097
v -0.197067 -0.122019 0.067497
v -0.197266 -0.122501 0.067797
v -0.197182 -0.122297 0.067577
v -0.195984 -0.122974 0.068097
v -0.195867 -0.122383 0.067497
v -0.195968 -0.122895 0.067797
v -0.194619 -0.123109 0.068097
v -0.194589 -0.122509 0.067497
v 0.186381 -0.123109 0.068097
v 0.186352 -0.122509 0.067497
v 0.187747 -0.122974 0.068097
v 0.187630 -0.122383 0.067497
v 0.187731 -0.122895 0.067797
v 0.189060 -0.122576 0.068097
v 0.188830 -0.122019 0.067497
v 0.189029 -0.122501 0.067797
v 0.188945 -0.122297 0.067577
v 0.190270 -0.121929 0.068097
v 0.189936 -0.121428 0.067497
v 0.190103 -0.121678 0.067577
v 0.191331 -0.121058 0.068097
v 0.190905 -0.120632 0.067497
v 0.191118 -0.120845 0.067577
v 0.192202 -0.119998 0.068097
v 0.191700 -0.119663 0.067497
v 0.192849 -0.118787 0.068097
v 0.192292 -0.118557 0.067497
v 0.193247 -0.117474 0.068097
v 0.192656 -0.117357 0.067497
v 0.193381 -0.116109 0.068097
v 0.192781 -0.116079 0.067497
v 0.193081 -0.116094 0.067577
v 0.193381 0.009891 0.072897
v 0.192781 0.009862 0.073497
v 0.193081 0.009877 0.073417
v 0.193247 0.011257 0.072897
v 0.192656 0.011139 0.073497
v 0.192849 0.012570 0.072897
v 0.192292 0.012339 0.073497
v 0.192202 0.013780 0.072897
v 0.191700 0.013445 0.073497
v 0.191331 0.014841 0.072897
v 0.190905 0.014415 0.073497
v 0.191118 0.014628 0.073417
v 0.190270 0.015712 0.072897
v 0.189936 0.015210 0.073497
v 0.190103 0.015461 0.073417
v 0.189060 0.016358 0.072897
v 0.188830 0.015801 0.073497
v 0.189029 0.016284 0.073197
v 0.188945 0.016080 0.073417
v 0.187747 0.016757 0.072897
v 0.187630 0.016165 0.073497
v 0.187731 0.016678 0.073197
v 0.186381 0.016891 0.072897
v 0.186352 0.016291 0.073497
v -0.194619 0.016891 0.072897
v -0.194589 0.016291 0.073497
v -0.195984 0.016757 0.072897
v -0.195867 0.016165 0.073497
v -0.195968 0.016678 0.073197
v -0.197297 0.016358 0.072897
v -0.197067 0.015801 0.073497
v -0.197266 0.016284 0.073197
v -0.197182 0.016080 0.073417
v -0.198508 0.015712 0.072897
v -0.198173 0.015210 0.073497
v -0.198340 0.015461 0.073417
v -0.199568 0.014841 0.072897
v -0.199142 0.014415 0.073497
v -0.199355 0.014628 0.073417
v -0.200439 0.013780 0.072897
v -0.199937 0.013445 0.073497
v -0.201086 0.012570 0.072897
v -0.200529 0.012339 0.073497
v -0.201484 0.011257 0.072897
v -0.200893 0.011139 0.073497
v -0.201619 0.009891 0.072897
v -0.201019 0.009862 0.073497
v -0.201319 0.009877 0.073417
v -0.201619 -0.116109 0.072897
v -0.201019 -0.116079 0.073497
v -0.201319 -0.116094 0.073417
v -0.201484 -0.117474 0.072897
v -0.200893 -0.117357 0.073497
v -0.201086 -0.118787 0.072897
v -0.200529 -0.118557 0.073497
v -0.200439 -0.119998 0.072897
v -0.199937 -0.119663 0.073497
v -0.199568 -0.121058 0.072897
v -0.199142 -0.120632 0.073497
v -0.199355 -0.120845 0.073417
v -0.198508 -0.121929 0.072897
v -0.198173 -0.121428 0.073497
v -0.198340 -0.121678 0.073417
v -0.197297 -0.122576 0.072897
v -0.197067 -0.122019 0.073497
v -0.197266 -0.122501 0.073197
v -0.197182 -0.122297 0.073417
v -0.195984 -0.122974 0.072897
v -0.195867 -0.122383 0.073497
v -0.195968 -0.122895 0.073197
v -0.194619 -0.123109 0.072897
v -0.194589 -0.122509 0.073497
v 0.186381 -0.123109 0.072897
v 0.186352 -0.122509 0.073497
v 0.187747 -0.122974 0.072897
v 0.187630 -0.122383 0.073497
v 0.187731 -0.122895 0.073197
v 0.189060 -0.122576 0.072897
v 0.188830 -0.122019 0.073497
v 0.189029 -0.122501 0.073197
v 0.188945 -0.122297 0.073417
v 0.190270 -0.121929 0.072897
v 0.189936 -0.121428 0.073497
v 0.190103 -0.121678 0.073417
v 0.191331 -0.121058 0.072897
v 0.190905 -0.120632 0.073497
v 0.191118 -0.120845 0.073417
v 0.192202 -0.119998 0.072897
v 0.191700 -0.119663 0.073497
v 0.192849 -0.118787 0.072897
v 0.192292 -0.118557 0.073497
v 0.193247 -0.117474 0.072897
v 0.192656 -0.117357 0.073497
v 0.192781 -0.116079 0.073497
v 0.193381 -0.116109 0.072897
v 0.193081 -0.116094 0.073417
v 0.193191 0.009882 0.067687
v 0.193341 0.009889 0.067947
v 0.193301 0.009732 0.067797
v 0.193281 0.009886 0.067809
v 0.193207 0.011249 0.067947
v 0.193060 0.011220 0.067687
v 0.193148 0.011237 0.067809
v 0.192804 0.011169 0.067537
v 0.193060 0.011220 0.067687
v 0.192967 0.011044 0.067577
v 0.192940 0.011196 0.067598
v 0.192811 0.012555 0.067947
v 0.192672 0.012497 0.067687
v 0.192755 0.012531 0.067809
v 0.192672 0.012497 0.067687
v 0.192431 0.012397 0.067537
v 0.192559 0.012450 0.067598
v 0.192168 0.013758 0.067947
v 0.192043 0.013674 0.067687
v 0.192118 0.013724 0.067809
v 0.192043 0.013674 0.067687
v 0.191826 0.013529 0.067537
v 0.191853 0.013733 0.067577
v 0.191941 0.013606 0.067598
v 0.191303 0.014812 0.067947
v 0.191196 0.014706 0.067687
v 0.191260 0.014769 0.067809
v 0.190248 0.015678 0.067947
v 0.190164 0.015553 0.067687
v 0.190089 0.015718 0.067797
v 0.190214 0.015627 0.067809
v 0.187659 0.016313 0.067537
v 0.187710 0.016569 0.067687
v 0.187837 0.016416 0.067577
v 0.187686 0.016450 0.067598
v 0.186372 0.016701 0.067687
v 0.186380 0.016851 0.067947
v 0.186532 0.016796 0.067797
v 0.186377 0.016791 0.067809
v 0.186372 0.016701 0.067687
v 0.186359 0.016441 0.067537
v 0.186211 0.016591 0.067577
v 0.186366 0.016580 0.067598
v -0.194617 0.016851 0.067947
v -0.194609 0.016701 0.067687
v -0.194769 0.016796 0.067797
v -0.194614 0.016791 0.067809
v -0.194596 0.016441 0.067537
v -0.194609 0.016701 0.067687
v -0.194449 0.016591 0.067577
v -0.194603 0.016580 0.067598
v -0.195947 0.016569 0.067687
v -0.195896 0.016313 0.067537
v -0.196074 0.016416 0.067577
v -0.195923 0.016450 0.067598
v -0.198401 0.015553 0.067687
v -0.198485 0.015678 0.067947
v -0.198326 0.015718 0.067797
v -0.198451 0.015627 0.067809
v -0.199540 0.014812 0.067947
v -0.199433 0.014706 0.067687
v -0.199497 0.014769 0.067809
v -0.200405 0.013758 0.067947
v -0.200280 0.013674 0.067687
v -0.200355 0.013724 0.067809
v -0.200063 0.013529 0.067537
v -0.200280 0.013674 0.067687
v -0.200090 0.013733 0.067577
v -0.200178 0.013606 0.067598
v -0.201048 0.012555 0.067947
v -0.200909 0.012497 0.067687
v -0.200992 0.012531 0.067809
v -0.200909 0.012497 0.067687
v -0.200668 0.012397 0.067537
v -0.200796 0.012450 0.067598
v -0.201444 0.011249 0.067947
v -0.201297 0.011220 0.067687
v -0.201385 0.011237 0.067809
v -0.201297 0.011220 0.067687
v -0.201041 0.011169 0.067537
v -0.201204 0.011044 0.067577
v -0.201177 0.011196 0.067598
v -0.201578 0.009889 0.067947
v -0.201428 0.009882 0.067687
v -0.201538 0.009732 0.067797
v -0.201518 0.009886 0.067809
v -0.201428 -0.116099 0.067687
v -0.201578 -0.116107 0.067947
v -0.201538 -0.115949 0.067797
v -0.201518 -0.116104 0.067809
v -0.201444 -0.117466 0.067947
v -0.201297 -0.117437 0.067687
v -0.201385 -0.117455 0.067809
v -0.201041 -0.117386 0.067537
v -0.201297 -0.117437 0.067687
v -0.201204 -0.117261 0.067577
v -0.201177 -0.117413 0.067598
v -0.201048 -0.118772 0.067947
v -0.200909 -0.118714 0.067687
v -0.200992 -0.118749 0.067809
v -0.200909 -0.118714 0.067687
v -0.200668 -0.118614 0.067537
v -0.200796 -0.118668 0.067598
v -0.200405 -0.119975 0.067947
v -0.200280 -0.119892 0.067687
v -0.200355 -0.119941 0.067809
v -0.200280 -0.119892 0.067687
v -0.200063 -0.119746 0.067537
v -0.200090 -0.119950 0.067577
v -0.200178 -0.119824 0.067598
v -0.199540 -0.121030 0.067947
v -0.199433 -0.120923 0.067687
v -0.199497 -0.120987 0.067809
v -0.198485 -0.121895 0.067947
v -0.198401 -0.121770 0.067687
v -0.198326 -0.121935 0.067797
v -0.198451 -0.121845 0.067809
v -0.195896 -0.122531 0.067537
v -0.195947 -0.122787 0.067687
v -0.196074 -0.122633 0.067577
v -0.195923 -0.122667 0.067598
v -0.194609 -0.122919 0.067687
v -0.194617 -0.123069 0.067947
v -0.194769 -0.123013 0.067797
v -0.194614 -0.123008 0.067809
v -0.194609 -0.122919 0.067687
v -0.194596 -0.122659 0.067537
v -0.194449 -0.122809 0.067577
v -0.194603 -0.122797 0.067598
v 0.186380 -0.123069 0.067947
v 0.186372 -0.122919 0.067687
v 0.186532 -0.123013 0.067797
v 0.186377 -0.123008 0.067809
v 0.186359 -0.122659 0.067537
v 0.186372 -0.122919 0.067687
v 0.186211 -0.122809 0.067577
v 0.186366 -0.122797 0.067598
v 0.187710 -0.122787 0.067687
v 0.187659 -0.122531 0.067537
v 0.187837 -0.122633 0.067577
v 0.187686 -0.122667 0.067598
v 0.190164 -0.121770 0.067687
v 0.190248 -0.121895 0.067947
v 0.190089 -0.121935 0.067797
v 0.190214 -0.121845 0.067809
v 0.191303 -0.121030 0.067947
v 0.191196 -0.120923 0.067687
v 0.191260 -0.120987 0.067809
v 0.192168 -0.119975 0.067947
v 0.192043 -0.119892 0.067687
v 0.192118 -0.119941 0.067809
v 0.191826 -0.119746 0.067537
v 0.192043 -0.119892 0.067687
v 0.191853 -0.119950 0.067577
v 0.191941 -0.119824 0.067598
v 0.192811 -0.118772 0.067947
v 0.192672 -0.118714 0.067687
v 0.192755 -0.118749 0.067809
v 0.192672 -0.118714 0.067687
v 0.192431 -0.118614 0.067537
v 0.192559 -0.118668 0.067598
v 0.193207 -0.117466 0.067947
v 0.193060 -0.117437 0.067687
v 0.193148 -0.117455 0.067809
v 0.193060 -0.117437 0.067687
v 0.192804 -0.117386 0.067537
v 0.192967 -0.117261 0.067577
v 0.192940 -0.117413 0.067598
v 0.193341 -0.116107 0.067947
v 0.193191 -0.116099 0.067687
v 0.193301 -0.115949 0.067797
v 0.193281 -0.116104 0.067809
v 0.193341 0.009889 0.073047
v 0.193191 0.009882 0.073307
v 0.193301 0.009732 0.073197
v 0.193281 0.009886 0.073185
v 0.193207 0.011249 0.073047
v 0.193060 0.011220 0.073307
v 0.193148 0.011237 0.073185
v 0.193060 0.011220 0.073307
v 0.192804 0.011169 0.073457
v 0.192967 0.011044 0.073417
v 0.192940 0.011196 0.073396
v 0.192811 0.012555 0.073047
v 0.192672 0.012497 0.073307
v 0.192755 0.012531 0.073185
v 0.192672 0.012497 0.073307
v 0.192431 0.012397 0.073457
v 0.192559 0.012450 0.073396
v 0.192168 0.013758 0.073047
v 0.192043 0.013674 0.073307
v 0.192118 0.013724 0.073185
v 0.191826 0.013529 0.073457
v 0.192043 0.013674 0.073307
v 0.191853 0.013733 0.073417
v 0.191941 0.013606 0.073396
v 0.191303 0.014812 0.073047
v 0.191196 0.014706 0.073307
v 0.191260 0.014769 0.073185
v 0.190164 0.015553 0.073307
v 0.190248 0.015678 0.073047
v 0.190089 0.015718 0.073197
v 0.190214 0.015627 0.073185
v 0.187710 0.016569 0.073307
v 0.187659 0.016313 0.073457
v 0.187837 0.016416 0.073417
v 0.187686 0.016450 0.073396
v 0.186380 0.016851 0.073047
v 0.186372 0.016701 0.073307
v 0.186532 0.016796 0.073197
v 0.186377 0.016791 0.073185
v 0.186359 0.016441 0.073457
v 0.186372 0.016701 0.073307
v 0.186211 0.016591 0.073417
v 0.186366 0.016580 0.073396
v -0.194609 0.016701 0.073307
v -0.194617 0.016851 0.073047
v -0.194769 0.016796 0.073197
v -0.194614 0.016791 0.073185
v -0.194609 0.016701 0.073307
v -0.194596 0.016441 0.073457
v -0.194449 0.016591 0.073417
v -0.194603 0.016580 0.073396
v -0.195896 0.016313 0.073457
v -0.195947 0.016569 0.073307
v -0.196074 0.016416 0.073417
v -0.195923 0.016450 0.073396
v -0.198485 0.015678 0.073047
v -0.198401 0.015553 0.073307
v -0.198326 0.015718 0.073197
v -0.198451 0.015627 0.073185
v -0.199540 0.014812 0.073047
v -0.199433 0.014706 0.073307
v -0.199497 0.014769 0.073185
v -0.200405 0.013758 0.073047
v -0.200280 0.013674 0.073307
v -0.200355 0.013724 0.073185
v -0.200280 0.013674 0.073307
v -0.200063 0.013529 0.073457
v -0.200090 0.013733 0.073417
v -0.200178 0.013606 0.073396
v -0.201048 0.012555 0.073047
v -0.200909 0.012497 0.073307
v -0.200992 0.012531 0.073185
v -0.200909 0.012497 0.073307
v -0.200668 0.012397 0.073457
v -0.200796 0.012450 0.073396
v -0.201444 0.011249 0.073047
v -0.201297 0.011220 0.073307
v -0.201385 0.011237 0.073185
v -0.201041 0.011169 0.073457
v -0.201297 0.011220 0.073307
v -0.201204 0.011044 0.073417
v -0.201177 0.011196 0.073396
v -0.201428 0.009882 0.073307
v -0.201578 0.009889 0.073047
v -0.201538 0.009732 0.073197
v -0.201518 0.009886 0.073185
v -0.201578 -0.116107 0.073047
v -0.201428 -0.116099 0.073307
v -0.201538 -0.115949 0.073197
v -0.201518 -0.116104 0.073185
v -0.201444 -0.117466 0.073047
v -0.201297 -0.117437 0.073307
v -0.201385 -0.117455 0.073185
v -0.201297 -0.117437 0.073307
v -0.201041 -0.117386 0.073457
v -0.201204 -0.117261 0.073417
v -0.201177 -0.117413 0.073396
v -0.201048 -0.118772 0.073047
v -0.200909 -0.118714 0.073307
v -0.200992 -0.118749 0.073185
v -0.200909 -0.118714 0.073307
v -0.200668 -0.118614 0.073457
v -0.200796 -0.118668 0.073396
v -0.200405 -0.119975 0.073047
v -0.200280 -0.119892 0.073307
v -0.200355 -0.119941 0.073185
v -0.200063 -0.119746 0.073457
v -0.200280 -0.119892 0.073307
v -0.200090 -0.119950 0.073417
v -0.200178 -0.119824 0.073396
v -0.199540 -0.121030 0.073047
v -0.199433 -0.120923 0.073307
v -0.199497 -0.120987 0.073185
v -0.198401 -0.121770 0.073307
v -0.198485 -0.121895 0.073047
v -0.198326 -0.121935 0.073197
v -0.198451 -0.121845 0.073185
v -0.195947 -0.122787 0.073307
v -0.195896 -0.122531 0.073457
v -0.196074 -0.122633 0.073417
v -0.195923 -0.122667 0.073396
v -0.194617 -0.123069 0.073047
v -0.194609 -0.122919 0.073307
v -0.194769 -0.123013 0.073197
v -0.194614 -0.123008 0.073185
v -0.194596 -0.122659 0.073457
v -0.194609 -0.122919 0.073307
v -0.194449 -0.122809 0.073417
v -0.194603 -0.122797 0.073396
v 0.186372 -0.122919 0.073307
v 0.186380 -0.123069 0.073047
v 0.186532 -0.123013 0.073197
v 0.186377 -0.123008 0.073185
v 0.186372 -0.122919 0.073307
v 0.186359 -0.122659 0.073457
v 0.186211 -0.122809 0.073417
v 0.186366 -0.122797 0.073396
v 0.187659 -0.122531 0.073457
v 0.187710 -0.122787 0.073307
v 0.187837 -0.122633 0.073417
v 0.187686 -0.122667 0.073396
v 0.190248 -0.121895 0.073047
v 0.190164 -0.121770 0.073307
v 0.190089 -0.121935 0.073197
v 0.190214 -0.121845 0.073185
v 0.191303 -0.121030 0.073047
v 0.191196 -0.120923 0.073307
v 0.191260 -0.120987 0.073185
v 0.192168 -0.119975 0.073047
v 0.192043 -0.119892 0.073307
v 0.192118 -0.119941 0.073185
v 0.192043 -0.119892 0.073307
v 0.191826 -0.119746 0.073457
v 0.191853 -0.119950 0.073417
v 0.191941 -0.119824 0.073396
v 0.192811 -0.118772 0.073047
v 0.192672 -0.118714 0.073307
v 0.192755 -0.118749 0.073185
v 0.192672 -0.118714 0.073307
v 0.192431 -0.118614 0.073457
v 0.192559 -0.118668 0.073396
v 0.193207 -0.117466 0.073047
v 0.193060 -0.117437 0.073307
v 0.193148 -0.117455 0.073185
v 0.192804 -0.117386 0.073457
v 0.193060 -0.117437 0.073307
v 0.192967 -0.117261 0.073417
v 0.192940 -0.117413 0.073396
v 0.193191 -0.116099 0.073307
v 0.193341 -0.116107 0.073047
v 0.193301 -0.115949 0.073197
v 0.193281 -0.116104 0.073185
v -0.181349 -0.103402 0.067652
v -0.181504 -0.103423 0.067497
v -0.181394 -0.103408 0.067542
v -0.181369 -0.103109 0.067652
v -0.181524 -0.103109 0.067497
v -0.181414 -0.103109 0.067542
v -0.181369 -0.003109 0.067652
v -0.181524 -0.003109 0.067497
v -0.181414 -0.003109 0.067542
v -0.181292 -0.103691 0.067652
v -0.181442 -0.103731 0.067497
v -0.181336 -0.103703 0.067542
v -0.181349 -0.102815 0.067652
v -0.181504 -0.102795 0.067497
v -0.181394 -0.102809 0.067542
v -0.181292 -0.102526 0.067652
v -0.181442 -0.102486 0.067497
v -0.181336 -0.102515 0.067542
v -0.181349 -0.003402 0.067652
v -0.181504 -0.003423 0.067497
v -0.181394 -0.003408 0.067542
v -0.181349 -0.002815 0.067652
v -0.181504 -0.002795 0.067497
v -0.181394 -0.002809 0.067542
v -0.181197 -0.103970 0.067652
v -0.181341 -0.104029 0.067497
v -0.181239 -0.103987 0.067542
v -0.181197 -0.102248 0.067652
v -0.181341 -0.102188 0.067497
v -0.181239 -0.102230 0.067542
v -0.181197 -0.003970 0.067652
v -0.181341 -0.004029 0.067497
v -0.181239 -0.003987 0.067542
v -0.181197 -0.002248 0.067652
v -0.181341 -0.002188 0.067497
v -0.181239 -0.002230 0.067542
v -0.181067 -0.104234 0.067652
v -0.181201 -0.104314 0.067497
v -0.181106 -0.104257 0.067542
v -0.181067 -0.101984 0.067652
v -0.181202 -0.101906 0.067497
v -0.181107 -0.101961 0.067542
v -0.181067 -0.004234 0.067652
v -0.181202 -0.004312 0.067497
v -0.181107 -0.004256 0.067542
v -0.181292 -0.003691 0.067652
v -0.181442 -0.003731 0.067497
v -0.181336 -0.003703 0.067542
v -0.181292 -0.002526 0.067652
v -0.181442 -0.002486 0.067497
v -0.181336 -0.002515 0.067542
v -0.181067 -0.001984 0.067652
v -0.181202 -0.001906 0.067497
v -0.181107 -0.001961 0.067542
v -0.180904 -0.004478 0.067652
v -0.181027 -0.004573 0.067497
v -0.180940 -0.004506 0.067542
v -0.180904 -0.101739 0.067652
v -0.181027 -0.101644 0.067497
v -0.180940 -0.101711 0.067542
v -0.180710 -0.004700 0.067652
v -0.180820 -0.004810 0.067497
v -0.180742 -0.004732 0.067542
v -0.180710 -0.101518 0.067652
v -0.180820 -0.101408 0.067497
v -0.180742 -0.101485 0.067542
v -0.180822 -0.001410 0.067497
v -0.180710 -0.001518 0.067652
v -0.180742 -0.001486 0.067542
v -0.180904 -0.104478 0.067652
v -0.181030 -0.104569 0.067497
v -0.180941 -0.104505 0.067542
v -0.180904 -0.001739 0.067652
v -0.181026 -0.001643 0.067497
v -0.180939 -0.001711 0.067542
v -0.180488 -0.104894 0.067652
v -0.180583 -0.105017 0.067497
v -0.180516 -0.104930 0.067542
v -0.180488 -0.004894 0.067652
v -0.180583 -0.005017 0.067497
v -0.180516 -0.004930 0.067542
v -0.180488 -0.101324 0.067652
v -0.180583 -0.101200 0.067497
v -0.180516 -0.101287 0.067542
v -0.180244 -0.101160 0.067652
v -0.180321 -0.101025 0.067497
v -0.180266 -0.101121 0.067542
v -0.180244 -0.005057 0.067652
v -0.180321 -0.005192 0.067497
v -0.180266 -0.005097 0.067542
v -0.180244 -0.105057 0.067652
v -0.180321 -0.105192 0.067497
v -0.180266 -0.105097 0.067542
v -0.180244 -0.001160 0.067652
v -0.180321 -0.001025 0.067497
v -0.180266 -0.001121 0.067542
v -0.180710 -0.104700 0.067652
v -0.180818 -0.104811 0.067497
v -0.180741 -0.104732 0.067542
v -0.180488 -0.001324 0.067652
v -0.180582 -0.001199 0.067497
v -0.180516 -0.001287 0.067542
v -0.179980 -0.005187 0.067652
v -0.180039 -0.005331 0.067497
v -0.179997 -0.005230 0.067542
v -0.179980 -0.101030 0.067652
v -0.180039 -0.100886 0.067497
v -0.179997 -0.100988 0.067542
v -0.179701 -0.005282 0.067652
v -0.179741 -0.005432 0.067497
v -0.179713 -0.005326 0.067542
v -0.179701 -0.100935 0.067652
v -0.179741 -0.100785 0.067497
v -0.179713 -0.100891 0.067542
v -0.179412 -0.100878 0.067652
v -0.179432 -0.100724 0.067497
v -0.179418 -0.100833 0.067542
v -0.179701 -0.105282 0.067652
v -0.179741 -0.105432 0.067497
v -0.179713 -0.105326 0.067542
v -0.179701 -0.000935 0.067652
v -0.179741 -0.000785 0.067497
v -0.179713 -0.000891 0.067542
v -0.179119 -0.100703 0.067497
v -0.179119 -0.100859 0.067652
v -0.179119 -0.100813 0.067542
v -0.179119 -0.005359 0.067652
v -0.179119 -0.005514 0.067497
v -0.179119 -0.005404 0.067542
v -0.179412 -0.005339 0.067652
v -0.179432 -0.005494 0.067497
v -0.179418 -0.005385 0.067542
v -0.178825 -0.100878 0.067652
v -0.178805 -0.100724 0.067497
v -0.178819 -0.100833 0.067542
v -0.178825 -0.005339 0.067652
v -0.178805 -0.005494 0.067497
v -0.178819 -0.005385 0.067542
v -0.179119 -0.105359 0.067652
v -0.179119 -0.105514 0.067497
v -0.179119 -0.105404 0.067542
v -0.179119 -0.000859 0.067652
v -0.179119 -0.000703 0.067497
v -0.179119 -0.000813 0.067542
v -0.179412 -0.105339 0.067652
v -0.179432 -0.105494 0.067497
v -0.179418 -0.105385 0.067542
v -0.179412 -0.000878 0.067652
v -0.179432 -0.000724 0.067497
v -0.179418 -0.000833 0.067542
v -0.178536 -0.005282 0.067652
v -0.178496 -0.005432 0.067497
v -0.178524 -0.005326 0.067542
v -0.178536 -0.100935 0.067652
v -0.178496 -0.100785 0.067497
v -0.178524 -0.100891 0.067542
v -0.178257 -0.005187 0.067652
v -0.178198 -0.005331 0.067497
v -0.178240 -0.005230 0.067542
v -0.178257 -0.101030 0.067652
v -0.178198 -0.100886 0.067497
v -0.178240 -0.100988 0.067542
v -0.178257 -0.001030 0.067652
v -0.178198 -0.000886 0.067497
v -0.178240 -0.000988 0.067542
v -0.178536 -0.105282 0.067652
v -0.178496 -0.105432 0.067497
v -0.178524 -0.105326 0.067542
v -0.178536 -0.000935 0.067652
v -0.178496 -0.000785 0.067497
v -0.178524 -0.000891 0.067542
v -0.177994 -0.105057 0.067652
v -0.177916 -0.105192 0.067497
v -0.177971 -0.105097 0.067542
v -0.177994 -0.005057 0.067652
v -0.177916 -0.005192 0.067497
v -0.177971 -0.005097 0.067542
v -0.177994 -0.101160 0.067652
v -0.177916 -0.101025 0.067497
v -0.177971 -0.101121 0.067542
v -0.177749 -0.101324 0.067652
v -0.177654 -0.101200 0.067497
v -0.177721 -0.101287 0.067542
v -0.177749 -0.004894 0.067652
v -0.177654 -0.005017 0.067497
v -0.177721 -0.004930 0.067542
v -0.177749 -0.104894 0.067652
v -0.177654 -0.105017 0.067497
v -0.177721 -0.104930 0.067542
v -0.177749 -0.001324 0.067652
v -0.177654 -0.001200 0.067497
v -0.177721 -0.001287 0.067542
v -0.178257 -0.105187 0.067652
v -0.178198 -0.105331 0.067497
v -0.178240 -0.105230 0.067542
v -0.177994 -0.001160 0.067652
v -0.177916 -0.001025 0.067497
v -0.177971 -0.001121 0.067542
v -0.178825 -0.105339 0.067652
v -0.178805 -0.105494 0.067497
v -0.178819 -0.105385 0.067542
v -0.178825 -0.000878 0.067652
v -0.178805 -0.000724 0.067497
v -0.178819 -0.000833 0.067542
v -0.179980 -0.105187 0.067652
v -0.180039 -0.105331 0.067497
v -0.179997 -0.105230 0.067542
v -0.179980 -0.001030 0.067652
v -0.180039 -0.000886 0.067497
v -0.179997 -0.000988 0.067542
v -0.177528 -0.004700 0.067652
v -0.177417 -0.004810 0.067497
v -0.177495 -0.004732 0.067542
v -0.177528 -0.101518 0.067652
v -0.177417 -0.101408 0.067497
v -0.177495 -0.101485 0.067542
v -0.177333 -0.104478 0.067652
v -0.177210 -0.104573 0.067497
v -0.177297 -0.104506 0.067542
v -0.177333 -0.101739 0.067652
v -0.177210 -0.101644 0.067497
v -0.177297 -0.101711 0.067542
v -0.177333 -0.004478 0.067652
v -0.177210 -0.004573 0.067497
v -0.177297 -0.004506 0.067542
v -0.177333 -0.001739 0.067652
v -0.177210 -0.001644 0.067497
v -0.177297 -0.001711 0.067542
v -0.177040 -0.103970 0.067652
v -0.176896 -0.104029 0.067497
v -0.176998 -0.103987 0.067542
v -0.177040 -0.102248 0.067652
v -0.176896 -0.102188 0.067497
v -0.176998 -0.102230 0.067542
v -0.177040 -0.003970 0.067652
v -0.176896 -0.004029 0.067497
v -0.176998 -0.003987 0.067542
v -0.177040 -0.002248 0.067652
v -0.176896 -0.002188 0.067497
v -0.176998 -0.002230 0.067542
v -0.177170 -0.104234 0.067652
v -0.177035 -0.104312 0.067497
v -0.177131 -0.104256 0.067542
v -0.177170 -0.101984 0.067652
v -0.177035 -0.101906 0.067497
v -0.177131 -0.101961 0.067542
v -0.177170 -0.004234 0.067652
v -0.177035 -0.004312 0.067497
v -0.177130 -0.004256 0.067542
v -0.177170 -0.001984 0.067652
v -0.177035 -0.001906 0.067497
v -0.177130 -0.001961 0.067542
v -0.176888 -0.102815 0.067652
v -0.176733 -0.102795 0.067497
v -0.176843 -0.102809 0.067542
v -0.056362 -0.103017 0.067652
v -0.056518 -0.103017 0.067497
v -0.056408 -0.103017 0.067542
v -0.056524 -0.103109 0.067497
v -0.056369 -0.103109 0.067652
v -0.056414 -0.103109 0.067542
v -0.176875 -0.103200 0.067652
v -0.176719 -0.103200 0.067497
v -0.176829 -0.103200 0.067542
v -0.176713 -0.103109 0.067497
v -0.176869 -0.103109 0.067652
v -0.176823 -0.103109 0.067542
v -0.176869 -0.003109 0.067652
v -0.176713 -0.003109 0.067497
v -0.176823 -0.003109 0.067542
v -0.176888 -0.103402 0.067652
v -0.176733 -0.103423 0.067497
v -0.176843 -0.103408 0.067542
v -0.056349 -0.103402 0.067652
v -0.056504 -0.103423 0.067497
v -0.056394 -0.103408 0.067542
v -0.176888 -0.003402 0.067652
v -0.176733 -0.003423 0.067497
v -0.176843 -0.003408 0.067542
v -0.176888 -0.002815 0.067652
v -0.176733 -0.002795 0.067497
v -0.176843 -0.002809 0.067542
v -0.056292 -0.103691 0.067652
v -0.056442 -0.103731 0.067497
v -0.056336 -0.103703 0.067542
v -0.056292 -0.102526 0.067652
v -0.056442 -0.102486 0.067497
v -0.056336 -0.102515 0.067542
v -0.055904 -0.101739 0.067652
v -0.056027 -0.101644 0.067497
v -0.055940 -0.101711 0.067542
v -0.056067 -0.104234 0.067652
v -0.056202 -0.104312 0.067497
v -0.056107 -0.104256 0.067542
v -0.056067 -0.101984 0.067652
v -0.056202 -0.101906 0.067497
v -0.056107 -0.101961 0.067542
v -0.056197 -0.103970 0.067652
v -0.056341 -0.104029 0.067497
v -0.056239 -0.103987 0.067542
v -0.056197 -0.102248 0.067652
v -0.056341 -0.102188 0.067497
v -0.056239 -0.102230 0.067542
v -0.056349 -0.102815 0.067652
v -0.056504 -0.102795 0.067497
v -0.056394 -0.102809 0.067542
v -0.055904 -0.104478 0.067652
v -0.056027 -0.104573 0.067497
v -0.055940 -0.104506 0.067542
v -0.176945 -0.103691 0.067652
v -0.176795 -0.103731 0.067497
v -0.176901 -0.103703 0.067542
v -0.176945 -0.102526 0.067652
v -0.176795 -0.102486 0.067497
v -0.176901 -0.102515 0.067542
v -0.176945 -0.003691 0.067652
v -0.176795 -0.003731 0.067497
v -0.176901 -0.003703 0.067542
v -0.176945 -0.002526 0.067652
v -0.176795 -0.002486 0.067497
v -0.176901 -0.002515 0.067542
v -0.055488 -0.104894 0.067652
v -0.055583 -0.105017 0.067497
v -0.055516 -0.104930 0.067542
v -0.055710 -0.104700 0.067652
v -0.055820 -0.104810 0.067497
v -0.055742 -0.104732 0.067542
v -0.055488 -0.101324 0.067652
v -0.055583 -0.101200 0.067497
v -0.055516 -0.101287 0.067542
v -0.054980 -0.105187 0.067652
v -0.055039 -0.105331 0.067497
v -0.054997 -0.105230 0.067542
v -0.054980 -0.101030 0.067652
v -0.055039 -0.100886 0.067497
v -0.054997 -0.100988 0.067542
v -0.055244 -0.105057 0.067652
v -0.055321 -0.105192 0.067497
v -0.055266 -0.105097 0.067542
v -0.055244 -0.101160 0.067652
v -0.055321 -0.101025 0.067497
v -0.055266 -0.101121 0.067542
v -0.054412 -0.105339 0.067652
v -0.054433 -0.105494 0.067497
v -0.054418 -0.105385 0.067542
v -0.054412 -0.100878 0.067652
v -0.054433 -0.100724 0.067497
v -0.054418 -0.100833 0.067542
v -0.053536 -0.100935 0.067652
v -0.053496 -0.100785 0.067497
v -0.053524 -0.100891 0.067542
v -0.053825 -0.105339 0.067652
v -0.053805 -0.105494 0.067497
v -0.053819 -0.105385 0.067542
v -0.053825 -0.100878 0.067652
v -0.053805 -0.100724 0.067497
v -0.053819 -0.100833 0.067542
v -0.054119 -0.105359 0.067652
v -0.054119 -0.105514 0.067497
v -0.054119 -0.105404 0.067542
v -0.054119 -0.100859 0.067652
v -0.054119 -0.100703 0.067497
v -0.054119 -0.100813 0.067542
v -0.054701 -0.105282 0.067652
v -0.054741 -0.105432 0.067497
v -0.054713 -0.105326 0.067542
v -0.054701 -0.100935 0.067652
v -0.054741 -0.100785 0.067497
v -0.054713 -0.100891 0.067542
v -0.052994 -0.105057 0.067652
v -0.052916 -0.105192 0.067497
v -0.052971 -0.105097 0.067542
v -0.053257 -0.105187 0.067652
v -0.053198 -0.105331 0.067497
v -0.053240 -0.105230 0.067542
v -0.052994 -0.101160 0.067652
v -0.052916 -0.101025 0.067497
v -0.052971 -0.101121 0.067542
v -0.052528 -0.104700 0.067652
v -0.052417 -0.104810 0.067497
v -0.052495 -0.104732 0.067542
v -0.052467 -0.101587 0.067652
v -0.052357 -0.101477 0.067497
v -0.052435 -0.101555 0.067542
v -0.052418 -0.101407 0.067497
v -0.052528 -0.101518 0.067652
v -0.052495 -0.101485 0.067542
v -0.052749 -0.104894 0.067652
v -0.052654 -0.105017 0.067497
v -0.052721 -0.104930 0.067542
v -0.052749 -0.101324 0.067652
v -0.052654 -0.101200 0.067497
v -0.052721 -0.101287 0.067542
v -0.052170 -0.104234 0.067652
v -0.052035 -0.104311 0.067497
v -0.052130 -0.104256 0.067542
v -0.052170 -0.101984 0.067652
v -0.052035 -0.101906 0.067497
v -0.052130 -0.101961 0.067542
v -0.051945 -0.102526 0.067652
v -0.051795 -0.102486 0.067497
v -0.051901 -0.102515 0.067542
v -0.051888 -0.103402 0.067652
v -0.051733 -0.103423 0.067497
v -0.051843 -0.103408 0.067542
v -0.051945 -0.103691 0.067652
v -0.051795 -0.103731 0.067497
v -0.051901 -0.103703 0.067542
v -0.051888 -0.102815 0.067652
v -0.051733 -0.102795 0.067497
v -0.051843 -0.102809 0.067542
v -0.052040 -0.103970 0.067652
v -0.051896 -0.104029 0.067497
v -0.051998 -0.103987 0.067542
v -0.052040 -0.102248 0.067652
v -0.051896 -0.102188 0.067497
v -0.051998 -0.102230 0.067542
v -0.052333 -0.104478 0.067652
v -0.052210 -0.104573 0.067497
v -0.052297 -0.104506 0.067542
v -0.052333 -0.101739 0.067652
v -0.052210 -0.101644 0.067497
v -0.052297 -0.101711 0.067542
v -0.053536 -0.105282 0.067652
v -0.053496 -0.105432 0.067497
v -0.053524 -0.105326 0.067542
v -0.053257 -0.101030 0.067652
v -0.053198 -0.100886 0.067497
v -0.053240 -0.100988 0.067542
v -0.177528 -0.104700 0.067652
v -0.177417 -0.104810 0.067497
v -0.177495 -0.104732 0.067542
v -0.055710 -0.101518 0.067652
v -0.055820 -0.101408 0.067497
v -0.055742 -0.101485 0.067542
v -0.177528 -0.001518 0.067652
v -0.177417 -0.001408 0.067497
v -0.177495 -0.001485 0.067542
v -0.021119 -0.068109 0.067652
v -0.021274 -0.068109 0.067497
v -0.021164 -0.068109 0.067542
v -0.021101 -0.068370 0.067652
v -0.021256 -0.068390 0.067497
v -0.021147 -0.068376 0.067542
v -0.021101 -0.067848 0.067652
v -0.021256 -0.067827 0.067497
v -0.021147 -0.067842 0.067542
v -0.020966 -0.068874 0.067652
v -0.021110 -0.068934 0.067497
v -0.021008 -0.068891 0.067542
v -0.020966 -0.067343 0.067652
v -0.021110 -0.067284 0.067497
v -0.021008 -0.067326 0.067542
v -0.021050 -0.068626 0.067652
v -0.021201 -0.068667 0.067497
v -0.021094 -0.068638 0.067542
v -0.021050 -0.067591 0.067652
v -0.021201 -0.067551 0.067497
v -0.021094 -0.067579 0.067542
v -0.020533 -0.066694 0.067652
v -0.020643 -0.066584 0.067497
v -0.020565 -0.066662 0.067542
v -0.020705 -0.069326 0.067652
v -0.020829 -0.069421 0.067497
v -0.020741 -0.069354 0.067542
v -0.020587 -0.069461 0.067652
v -0.020696 -0.069572 0.067497
v -0.020619 -0.069494 0.067542
v -0.020705 -0.066891 0.067652
v -0.020829 -0.066796 0.067497
v -0.020741 -0.066863 0.067542
v -0.020119 -0.069841 0.067652
v -0.020196 -0.069975 0.067497
v -0.020141 -0.069880 0.067542
v -0.020336 -0.069695 0.067652
v -0.020431 -0.069819 0.067497
v -0.020364 -0.069732 0.067542
v -0.020119 -0.066377 0.067652
v -0.020196 -0.066242 0.067497
v -0.020141 -0.066337 0.067542
v -0.020643 -0.069633 0.067497
v -0.020533 -0.069523 0.067652
v -0.020565 -0.069555 0.067542
v -0.020336 -0.066522 0.067652
v -0.020431 -0.066399 0.067497
v -0.020364 -0.066486 0.067542
v -0.020851 -0.069109 0.067652
v -0.020985 -0.069186 0.067497
v -0.020890 -0.069131 0.067542
v -0.020851 -0.067109 0.067652
v -0.020985 -0.067031 0.067497
v -0.020890 -0.067086 0.067542
v -0.019636 -0.070041 0.067652
v -0.019676 -0.070191 0.067497
v -0.019648 -0.070085 0.067542
v -0.019636 -0.066177 0.067652
v -0.019676 -0.066027 0.067497
v -0.019648 -0.066133 0.067542
v -0.019119 -0.070109 0.067652
v -0.019119 -0.070264 0.067497
v -0.019119 -0.070154 0.067542
v -0.019119 -0.066109 0.067652
v -0.019119 -0.065953 0.067497
v -0.019119 -0.066063 0.067542
v -0.019380 -0.070092 0.067652
v -0.019400 -0.070246 0.067497
v -0.019386 -0.070137 0.067542
v -0.019380 -0.066126 0.067652
v -0.019400 -0.065972 0.067497
v -0.019386 -0.066081 0.067542
v -0.018353 -0.066261 0.067652
v -0.018294 -0.066117 0.067497
v -0.018336 -0.066219 0.067542
v -0.018601 -0.070041 0.067652
v -0.018561 -0.070191 0.067497
v -0.018589 -0.070085 0.067542
v -0.018601 -0.066177 0.067652
v -0.018561 -0.066027 0.067497
v -0.018589 -0.066133 0.067542
v -0.017901 -0.069695 0.067652
v -0.017806 -0.069819 0.067497
v -0.017873 -0.069732 0.067542
v -0.018119 -0.069841 0.067652
v -0.018041 -0.069976 0.067497
v -0.018096 -0.069880 0.067542
v -0.017901 -0.066522 0.067652
v -0.017806 -0.066399 0.067497
v -0.017873 -0.066486 0.067542
v -0.018353 -0.069956 0.067652
v -0.018294 -0.070100 0.067497
v -0.018336 -0.069999 0.067542
v -0.018119 -0.066377 0.067652
v -0.018041 -0.066242 0.067497
v -0.018096 -0.066337 0.067542
v -0.018857 -0.070092 0.067652
v -0.018837 -0.070246 0.067497
v -0.018852 -0.070137 0.067542
v -0.018857 -0.066126 0.067652
v -0.018837 -0.065972 0.067497
v -0.018852 -0.066081 0.067542
v -0.051869 -0.103109 0.067652
v -0.051713 -0.103109 0.067497
v -0.051823 -0.103109 0.067542
v -0.019884 -0.069956 0.067652
v -0.019943 -0.070100 0.067497
v -0.019901 -0.069999 0.067542
v -0.019884 -0.066261 0.067652
v -0.019943 -0.066117 0.067497
v -0.019901 -0.066219 0.067542
v -0.017532 -0.069326 0.067652
v -0.017408 -0.069421 0.067497
v -0.017496 -0.069354 0.067542
v -0.017532 -0.066891 0.067652
v -0.017408 -0.066796 0.067497
v -0.017496 -0.066863 0.067542
v -0.017271 -0.068874 0.067652
v -0.017127 -0.068934 0.067497
v -0.017229 -0.068891 0.067542
v -0.017271 -0.067343 0.067652
v -0.017127 -0.067284 0.067497
v -0.017229 -0.067326 0.067542
v -0.017386 -0.069109 0.067652
v -0.017252 -0.069186 0.067497
v -0.017347 -0.069131 0.067542
v -0.017386 -0.067109 0.067652
v -0.017252 -0.067031 0.067497
v -0.017347 -0.067086 0.067542
v -0.016963 -0.068108 0.067497
v -0.017119 -0.068109 0.067652
v -0.017073 -0.068109 0.067542
v 0.008726 -0.068109 0.067497
v 0.008881 -0.068109 0.067652
v 0.008836 -0.068109 0.067542
v 0.008887 -0.068027 0.067652
v 0.008731 -0.068028 0.067497
v 0.008841 -0.068027 0.067542
v -0.017124 -0.068190 0.067652
v -0.016968 -0.068190 0.067497
v -0.017078 -0.068190 0.067542
v -0.017136 -0.068370 0.067652
v -0.016981 -0.068390 0.067497
v -0.017090 -0.068376 0.067542
v -0.017136 -0.067848 0.067652
v -0.016981 -0.067828 0.067497
v -0.017090 -0.067842 0.067542
v 0.008950 -0.068626 0.067652
v 0.008799 -0.068667 0.067497
v 0.008906 -0.068638 0.067542
v 0.008899 -0.068370 0.067652
v 0.008744 -0.068390 0.067497
v 0.008853 -0.068376 0.067542
v 0.008950 -0.067591 0.067652
v 0.008799 -0.067551 0.067497
v 0.008906 -0.067579 0.067542
v 0.008899 -0.067848 0.067652
v 0.008744 -0.067827 0.067497
v 0.008853 -0.067842 0.067542
v -0.017187 -0.068626 0.067652
v -0.017036 -0.068667 0.067497
v -0.017143 -0.068638 0.067542
v -0.017187 -0.067591 0.067652
v -0.017036 -0.067551 0.067497
v -0.017143 -0.067579 0.067542
v 0.009149 -0.069109 0.067652
v 0.009015 -0.069186 0.067497
v 0.009110 -0.069131 0.067542
v 0.009149 -0.067109 0.067652
v 0.009015 -0.067031 0.067497
v 0.009110 -0.067086 0.067542
v 0.009467 -0.069523 0.067652
v 0.009357 -0.069633 0.067497
v 0.009435 -0.069555 0.067542
v 0.009467 -0.066694 0.067652
v 0.009357 -0.066584 0.067497
v 0.009435 -0.066662 0.067542
v 0.009295 -0.069326 0.067652
v 0.009171 -0.069421 0.067497
v 0.009259 -0.069354 0.067542
v 0.009295 -0.066891 0.067652
v 0.009171 -0.066796 0.067497
v 0.009259 -0.066863 0.067542
v 0.010116 -0.066261 0.067652
v 0.010057 -0.066117 0.067497
v 0.010099 -0.066219 0.067542
v 0.009881 -0.069841 0.067652
v 0.009804 -0.069976 0.067497
v 0.009859 -0.069880 0.067542
v 0.009881 -0.066377 0.067652
v 0.009804 -0.066242 0.067497
v 0.009859 -0.066337 0.067542
v 0.010364 -0.070041 0.067652
v 0.010324 -0.070191 0.067497
v 0.010352 -0.070085 0.067542
v 0.010620 -0.070092 0.067652
v 0.010600 -0.070246 0.067497
v 0.010614 -0.070137 0.067542
v 0.010620 -0.066126 0.067652
v 0.010600 -0.065972 0.067497
v 0.010614 -0.066081 0.067542
v 0.010116 -0.069956 0.067652
v 0.010057 -0.070100 0.067497
v 0.010099 -0.069999 0.067542
v 0.010364 -0.066177 0.067652
v 0.010324 -0.066027 0.067497
v 0.010352 -0.066133 0.067542
v 0.009664 -0.069695 0.067652
v 0.009569 -0.069819 0.067497
v 0.009636 -0.069732 0.067542
v 0.009664 -0.066522 0.067652
v 0.009569 -0.066399 0.067497
v 0.009636 -0.066486 0.067542
v -0.017704 -0.069523 0.067652
v -0.017594 -0.069633 0.067497
v -0.017672 -0.069555 0.067542
v 0.009034 -0.068874 0.067652
v 0.008890 -0.068934 0.067497
v 0.008992 -0.068891 0.067542
v 0.009034 -0.067343 0.067652
v 0.008890 -0.067284 0.067497
v 0.008992 -0.067326 0.067542
v -0.017704 -0.066694 0.067652
v -0.017594 -0.066584 0.067497
v -0.017672 -0.066662 0.067542
v 0.011143 -0.070092 0.067652
v 0.011163 -0.070246 0.067497
v 0.011148 -0.070137 0.067542
v 0.011143 -0.066126 0.067652
v 0.011163 -0.065972 0.067497
v 0.011148 -0.066081 0.067542
v 0.011881 -0.066377 0.067652
v 0.011959 -0.066242 0.067497
v 0.011904 -0.066337 0.067542
v 0.011647 -0.069956 0.067652
v 0.011706 -0.070100 0.067497
v 0.011664 -0.069999 0.067542
v 0.011647 -0.066261 0.067652
v 0.011706 -0.066117 0.067497
v 0.011664 -0.066219 0.067542
v 0.011399 -0.070041 0.067652
v 0.011439 -0.070191 0.067497
v 0.011411 -0.070085 0.067542
v 0.011399 -0.066177 0.067652
v 0.011439 -0.066027 0.067497
v 0.011411 -0.066133 0.067542
v 0.012234 -0.069577 0.067652
v 0.012344 -0.069687 0.067497
v 0.012267 -0.069609 0.067542
v 0.012406 -0.069633 0.067497
v 0.012296 -0.069523 0.067652
v 0.012328 -0.069555 0.067542
v 0.012099 -0.069695 0.067652
v 0.012194 -0.069819 0.067497
v 0.012127 -0.069732 0.067542
v 0.012296 -0.066694 0.067652
v 0.012406 -0.066584 0.067497
v 0.012328 -0.066662 0.067542
v 0.012614 -0.069109 0.067652
v 0.012748 -0.069186 0.067497
v 0.012653 -0.069131 0.067542
v 0.012614 -0.067109 0.067652
v 0.012748 -0.067031 0.067497
v 0.012653 -0.067086 0.067542
v 0.012468 -0.069326 0.067652
v 0.012592 -0.069421 0.067497
v 0.012504 -0.069354 0.067542
v 0.012468 -0.066891 0.067652
v 0.012592 -0.066796 0.067497
v 0.012504 -0.066863 0.067542
v 0.011881 -0.069841 0.067652
v 0.011959 -0.069975 0.067497
v 0.011904 -0.069880 0.067542
v 0.012099 -0.066522 0.067652
v 0.012194 -0.066399 0.067497
v 0.012127 -0.066486 0.067542
v 0.012813 -0.068626 0.067652
v 0.012964 -0.068667 0.067497
v 0.012857 -0.068638 0.067542
v 0.012813 -0.067591 0.067652
v 0.012964 -0.067551 0.067497
v 0.012857 -0.067579 0.067542
v 0.012881 -0.068109 0.067652
v 0.013037 -0.068109 0.067497
v 0.012927 -0.068109 0.067542
v 0.043651 -0.102815 0.067652
v 0.043496 -0.102795 0.067497
v 0.043606 -0.102809 0.067542
v 0.043631 -0.103109 0.067652
v 0.043476 -0.103109 0.067497
v 0.043586 -0.103109 0.067542
v 0.012864 -0.068370 0.067652
v 0.013019 -0.068390 0.067497
v 0.012910 -0.068376 0.067542
v 0.012864 -0.067848 0.067652
v 0.013019 -0.067827 0.067497
v 0.012910 -0.067842 0.067542
v 0.043803 -0.103970 0.067652
v 0.043659 -0.104029 0.067497
v 0.043761 -0.103987 0.067542
v 0.043708 -0.103691 0.067652
v 0.043558 -0.103731 0.067497
v 0.043664 -0.103703 0.067542
v 0.043803 -0.102248 0.067652
v 0.043659 -0.102188 0.067497
v 0.043761 -0.102230 0.067542
v 0.044096 -0.104478 0.067652
v 0.043973 -0.104573 0.067497
v 0.044060 -0.104506 0.067542
v 0.044096 -0.101739 0.067652
v 0.043973 -0.101644 0.067497
v 0.044060 -0.101711 0.067542
v 0.043933 -0.104234 0.067652
v 0.043798 -0.104311 0.067497
v 0.043893 -0.104256 0.067542
v 0.043933 -0.101984 0.067652
v 0.043798 -0.101906 0.067497
v 0.043893 -0.101961 0.067542
v 0.043651 -0.103402 0.067652
v 0.043496 -0.103423 0.067497
v 0.043606 -0.103408 0.067542
v 0.043708 -0.102526 0.067652
v 0.043558 -0.102486 0.067497
v 0.043664 -0.102515 0.067542
v 0.012729 -0.068874 0.067652
v 0.012873 -0.068934 0.067497
v 0.012771 -0.068891 0.067542
v 0.012729 -0.067343 0.067652
v 0.012873 -0.067284 0.067497
v 0.012771 -0.067326 0.067542
v 0.044512 -0.104894 0.067652
v 0.044417 -0.105017 0.067497
v 0.044484 -0.104930 0.067542
v 0.044512 -0.101324 0.067652
v 0.044417 -0.101200 0.067497
v 0.044484 -0.101287 0.067542
v 0.044360 -0.101457 0.067652
v 0.044249 -0.101347 0.067497
v 0.044327 -0.101425 0.067542
v 0.045299 -0.100935 0.067652
v 0.045259 -0.100785 0.067497
v 0.045287 -0.100891 0.067542
v 0.045020 -0.105187 0.067652
v 0.044961 -0.105331 0.067497
v 0.045003 -0.105230 0.067542
v 0.045020 -0.101030 0.067652
v 0.044961 -0.100886 0.067497
v 0.045003 -0.100988 0.067542
v 0.044756 -0.105057 0.067652
v 0.044679 -0.105192 0.067497
v 0.044734 -0.105097 0.067542
v 0.044756 -0.101160 0.067652
v 0.044679 -0.101025 0.067497
v 0.044734 -0.101121 0.067542
v 0.045881 -0.105359 0.067652
v 0.045881 -0.105514 0.067497
v 0.045881 -0.105404 0.067542
v 0.045588 -0.105339 0.067652
v 0.045567 -0.105494 0.067497
v 0.045582 -0.105385 0.067542
v 0.045881 -0.100859 0.067652
v 0.045881 -0.100703 0.067497
v 0.045881 -0.100813 0.067542
v 0.046464 -0.105282 0.067652
v 0.046504 -0.105432 0.067497
v 0.046476 -0.105326 0.067542
v 0.046464 -0.100935 0.067652
v 0.046504 -0.100785 0.067497
v 0.046476 -0.100891 0.067542
v 0.046175 -0.105339 0.067652
v 0.046195 -0.105494 0.067497
v 0.046181 -0.105385 0.067542
v 0.046175 -0.100878 0.067652
v 0.046195 -0.100724 0.067497
v 0.046181 -0.100833 0.067542
v 0.045299 -0.105282 0.067652
v 0.045259 -0.105432 0.067497
v 0.045287 -0.105326 0.067542
v 0.045588 -0.100878 0.067652
v 0.045567 -0.100724 0.067497
v 0.045582 -0.100833 0.067542
v 0.047006 -0.105057 0.067652
v 0.047084 -0.105192 0.067497
v 0.047029 -0.105097 0.067542
v 0.047006 -0.101160 0.067652
v 0.047084 -0.101025 0.067497
v 0.047029 -0.101121 0.067542
v 0.047667 -0.101739 0.067652
v 0.047790 -0.101644 0.067497
v 0.047703 -0.101711 0.067542
v 0.047472 -0.104700 0.067652
v 0.047583 -0.104810 0.067497
v 0.047505 -0.104732 0.067542
v 0.047472 -0.101518 0.067652
v 0.047583 -0.101408 0.067497
v 0.047505 -0.101485 0.067542
v 0.047251 -0.104894 0.067652
v 0.047346 -0.105017 0.067497
v 0.047279 -0.104930 0.067542
v 0.047251 -0.101324 0.067652
v 0.047346 -0.101200 0.067497
v 0.047279 -0.101287 0.067542
v 0.047960 -0.103970 0.067652
v 0.048104 -0.104029 0.067497
v 0.048002 -0.103987 0.067542
v 0.047830 -0.104234 0.067652
v 0.047965 -0.104311 0.067497
v 0.047869 -0.104256 0.067542
v 0.047960 -0.102248 0.067652
v 0.048104 -0.102188 0.067497
v 0.048002 -0.102230 0.067542
v 0.048131 -0.103109 0.067652
v 0.048287 -0.103109 0.067497
v 0.048177 -0.103109 0.067542
v 0.048112 -0.102815 0.067652
v 0.048267 -0.102795 0.067497
v 0.048157 -0.102809 0.067542
v 0.048055 -0.103691 0.067652
v 0.048205 -0.103731 0.067497
v 0.048099 -0.103703 0.067542
v 0.048112 -0.103402 0.067652
v 0.048267 -0.103423 0.067497
v 0.048157 -0.103408 0.067542
v 0.048055 -0.102526 0.067652
v 0.048205 -0.102486 0.067497
v 0.048099 -0.102515 0.067542
v 0.047830 -0.101984 0.067652
v 0.047965 -0.101906 0.067497
v 0.047869 -0.101961 0.067542
v 0.047667 -0.104478 0.067652
v 0.047790 -0.104573 0.067497
v 0.047703 -0.104506 0.067542
v 0.046743 -0.105187 0.067652
v 0.046802 -0.105331 0.067497
v 0.046760 -0.105230 0.067542
v 0.046743 -0.101030 0.067652
v 0.046802 -0.100886 0.067497
v 0.046760 -0.100988 0.067542
v 0.044290 -0.104700 0.067652
v 0.044180 -0.104810 0.067497
v 0.044258 -0.104732 0.067542
v 0.044180 -0.101408 0.067497
v 0.044290 -0.101518 0.067652
v 0.044258 -0.101486 0.067542
v 0.010881 -0.070109 0.067652
v 0.010881 -0.070264 0.067497
v 0.010881 -0.070154 0.067542
v 0.010881 -0.066109 0.067652
v 0.010881 -0.065953 0.067497
v 0.010881 -0.066063 0.067542
v -0.056369 -0.003109 0.067652
v -0.056524 -0.003109 0.067497
v -0.056414 -0.003109 0.067542
v -0.056292 -0.003691 0.067652
v -0.056442 -0.003731 0.067497
v -0.056336 -0.003703 0.067542
v -0.056349 -0.003402 0.067652
v -0.056504 -0.003423 0.067497
v -0.056394 -0.003408 0.067542
v -0.056349 -0.002815 0.067652
v -0.056504 -0.002795 0.067497
v -0.056394 -0.002809 0.067542
v -0.056197 -0.003970 0.067652
v -0.056341 -0.004029 0.067497
v -0.056239 -0.003987 0.067542
v -0.056197 -0.002248 0.067652
v -0.056341 -0.002188 0.067497
v -0.056239 -0.002230 0.067542
v -0.056067 -0.004234 0.067652
v -0.056202 -0.004312 0.067497
v -0.056107 -0.004256 0.067542
v -0.056292 -0.002526 0.067652
v -0.056442 -0.002486 0.067497
v -0.056336 -0.002515 0.067542
v -0.056067 -0.001984 0.067652
v -0.056202 -0.001906 0.067497
v -0.056107 -0.001961 0.067542
v -0.055710 -0.001518 0.067652
v -0.055820 -0.001408 0.067497
v -0.055742 -0.001485 0.067542
v -0.055904 -0.004478 0.067652
v -0.056027 -0.004573 0.067497
v -0.055940 -0.004506 0.067542
v -0.055904 -0.001739 0.067652
v -0.056027 -0.001644 0.067497
v -0.055940 -0.001711 0.067542
v -0.055244 -0.005057 0.067652
v -0.055321 -0.005192 0.067497
v -0.055266 -0.005097 0.067542
v -0.055488 -0.004894 0.067652
v -0.055583 -0.005017 0.067497
v -0.055516 -0.004930 0.067542
v -0.055244 -0.001160 0.067652
v -0.055321 -0.001025 0.067497
v -0.055266 -0.001121 0.067542
v -0.055710 -0.004700 0.067652
v -0.055820 -0.004810 0.067497
v -0.055742 -0.004732 0.067542
v -0.055488 -0.001324 0.067652
v -0.055583 -0.001200 0.067497
v -0.055516 -0.001287 0.067542
v -0.054701 -0.005282 0.067652
v -0.054741 -0.005432 0.067497
v -0.054713 -0.005326 0.067542
v -0.054701 -0.000935 0.067652
v -0.054741 -0.000785 0.067497
v -0.054713 -0.000891 0.067542
v -0.054119 -0.005359 0.067652
v -0.054119 -0.005514 0.067497
v -0.054119 -0.005404 0.067542
v -0.054119 -0.000859 0.067652
v -0.054119 -0.000703 0.067497
v -0.054119 -0.000813 0.067542
v -0.054412 -0.005339 0.067652
v -0.054433 -0.005494 0.067497
v -0.054418 -0.005385 0.067542
v -0.054412 -0.000878 0.067652
v -0.054433 -0.000724 0.067497
v -0.054418 -0.000833 0.067542
v -0.053257 -0.001030 0.067652
v -0.053198 -0.000886 0.067497
v -0.053240 -0.000988 0.067542
v -0.053536 -0.005282 0.067652
v -0.053496 -0.005432 0.067497
v -0.053524 -0.005326 0.067542
v -0.053536 -0.000935 0.067652
v -0.053496 -0.000785 0.067497
v -0.053524 -0.000891 0.067542
v -0.052749 -0.004894 0.067652
v -0.052654 -0.005017 0.067497
v -0.052721 -0.004930 0.067542
v -0.052597 -0.004760 0.067652
v -0.052486 -0.004870 0.067497
v -0.052564 -0.004792 0.067542
v -0.052994 -0.005057 0.067652
v -0.052916 -0.005192 0.067497
v -0.052971 -0.005097 0.067542
v -0.052749 -0.001324 0.067652
v -0.052654 -0.001200 0.067497
v -0.052721 -0.001287 0.067542
v -0.053257 -0.005187 0.067652
v -0.053198 -0.005331 0.067497
v -0.053240 -0.005230 0.067542
v -0.052994 -0.001160 0.067652
v -0.052916 -0.001025 0.067497
v -0.052971 -0.001121 0.067542
v -0.053825 -0.005339 0.067652
v -0.053805 -0.005494 0.067497
v -0.053819 -0.005385 0.067542
v -0.053825 -0.000878 0.067652
v -0.053805 -0.000724 0.067497
v -0.053819 -0.000833 0.067542
v -0.054980 -0.005187 0.067652
v -0.055039 -0.005331 0.067497
v -0.054997 -0.005230 0.067542
v -0.054980 -0.001030 0.067652
v -0.055039 -0.000886 0.067497
v -0.054997 -0.000988 0.067542
v -0.052333 -0.004478 0.067652
v -0.052210 -0.004573 0.067497
v -0.052297 -0.004506 0.067542
v -0.052333 -0.001739 0.067652
v -0.052210 -0.001644 0.067497
v -0.052297 -0.001711 0.067542
v -0.052040 -0.003970 0.067652
v -0.051896 -0.004029 0.067497
v -0.051998 -0.003987 0.067542
v -0.052040 -0.002248 0.067652
v -0.051896 -0.002188 0.067497
v -0.051998 -0.002230 0.067542
v -0.052170 -0.004234 0.067652
v -0.052035 -0.004311 0.067497
v -0.052130 -0.004256 0.067542
v -0.052170 -0.001984 0.067652
v -0.052035 -0.001906 0.067497
v -0.052130 -0.001961 0.067542
v -0.051869 -0.003109 0.067652
v -0.051713 -0.003109 0.067497
v -0.051823 -0.003109 0.067542
v -0.051888 -0.003402 0.067652
v -0.051733 -0.003423 0.067497
v -0.051843 -0.003408 0.067542
v -0.051888 -0.002815 0.067652
v -0.051733 -0.002795 0.067497
v -0.051843 -0.002809 0.067542
v -0.021050 -0.038626 0.067652
v -0.021201 -0.038667 0.067497
v -0.021094 -0.038638 0.067542
v -0.021101 -0.038370 0.067652
v -0.021256 -0.038390 0.067497
v -0.021147 -0.038376 0.067542
v -0.021050 -0.037591 0.067652
v -0.021201 -0.037551 0.067497
v -0.021094 -0.037579 0.067542
v -0.021119 -0.038109 0.067652
v -0.021274 -0.038109 0.067497
v -0.021164 -0.038109 0.067542
v -0.021101 -0.037848 0.067652
v -0.021256 -0.037827 0.067497
v -0.021147 -0.037842 0.067542
v -0.051945 -0.003691 0.067652
v -0.051795 -0.003731 0.067497
v -0.051901 -0.003703 0.067542
v -0.051945 -0.002526 0.067652
v -0.051795 -0.002486 0.067497
v -0.051901 -0.002515 0.067542
v -0.020851 -0.039109 0.067652
v -0.020985 -0.039186 0.067497
v -0.020890 -0.039131 0.067542
v -0.020851 -0.037109 0.067652
v -0.020985 -0.037031 0.067497
v -0.020890 -0.037086 0.067542
v -0.020533 -0.039523 0.067652
v -0.020643 -0.039633 0.067497
v -0.020565 -0.039555 0.067542
v -0.020471 -0.036641 0.067652
v -0.020582 -0.036531 0.067497
v -0.020504 -0.036608 0.067542
v -0.020643 -0.036585 0.067497
v -0.020533 -0.036694 0.067652
v -0.020565 -0.036662 0.067542
v -0.020705 -0.039326 0.067652
v -0.020829 -0.039421 0.067497
v -0.020741 -0.039354 0.067542
v -0.020705 -0.036891 0.067652
v -0.020829 -0.036796 0.067497
v -0.020741 -0.036863 0.067542
v -0.019884 -0.036261 0.067652
v -0.019943 -0.036117 0.067497
v -0.019901 -0.036219 0.067542
v -0.020119 -0.039841 0.067652
v -0.020196 -0.039976 0.067497
v -0.020141 -0.039880 0.067542
v -0.020119 -0.036377 0.067652
v -0.020196 -0.036242 0.067497
v -0.020141 -0.036337 0.067542
v -0.019380 -0.040092 0.067652
v -0.019400 -0.040246 0.067497
v -0.019386 -0.040137 0.067542
v -0.019636 -0.040041 0.067652
v -0.019676 -0.040191 0.067497
v -0.019648 -0.040085 0.067542
v -0.019380 -0.036126 0.067652
v -0.019400 -0.035971 0.067497
v -0.019386 -0.036081 0.067542
v -0.019884 -0.039956 0.067652
v -0.019943 -0.040100 0.067497
v -0.019901 -0.039999 0.067542
v -0.019636 -0.036177 0.067652
v -0.019676 -0.036027 0.067497
v -0.019648 -0.036133 0.067542
v -0.020336 -0.039695 0.067652
v -0.020431 -0.039819 0.067497
v -0.020364 -0.039732 0.067542
v -0.020336 -0.036522 0.067652
v -0.020431 -0.036398 0.067497
v -0.020364 -0.036486 0.067542
v -0.020966 -0.038874 0.067652
v -0.021110 -0.038934 0.067497
v -0.021008 -0.038891 0.067542
v -0.020966 -0.037343 0.067652
v -0.021110 -0.037284 0.067497
v -0.021008 -0.037326 0.067542
v -0.052417 -0.004810 0.067497
v -0.052528 -0.004700 0.067652
v -0.052495 -0.004732 0.067542
v -0.052528 -0.001518 0.067652
v -0.052417 -0.001408 0.067497
v -0.052495 -0.001485 0.067542
v -0.018857 -0.040092 0.067652
v -0.018837 -0.040246 0.067497
v -0.018852 -0.040137 0.067542
v -0.018857 -0.036126 0.067652
v -0.018837 -0.035971 0.067497
v -0.018852 -0.036081 0.067542
v -0.018353 -0.039956 0.067652
v -0.018294 -0.040100 0.067497
v -0.018336 -0.039999 0.067542
v -0.018353 -0.036261 0.067652
v -0.018294 -0.036117 0.067497
v -0.018336 -0.036219 0.067542
v -0.018601 -0.040041 0.067652
v -0.018561 -0.040191 0.067497
v -0.018589 -0.040085 0.067542
v -0.018601 -0.036177 0.067652
v -0.018561 -0.036027 0.067497
v -0.018589 -0.036133 0.067542
v -0.017704 -0.036694 0.067652
v -0.017594 -0.036584 0.067497
v -0.017672 -0.036662 0.067542
v -0.017901 -0.039695 0.067652
v -0.017806 -0.039819 0.067497
v -0.017873 -0.039732 0.067542
v -0.017901 -0.036522 0.067652
v -0.017806 -0.036399 0.067497
v -0.017873 -0.036486 0.067542
v -0.017386 -0.039109 0.067652
v -0.017252 -0.039186 0.067497
v -0.017347 -0.039131 0.067542
v -0.017532 -0.039326 0.067652
v -0.017408 -0.039421 0.067497
v -0.017496 -0.039354 0.067542
v -0.017386 -0.037109 0.067652
v -0.017252 -0.037031 0.067497
v -0.017347 -0.037086 0.067542
v -0.017704 -0.039523 0.067652
v -0.017594 -0.039633 0.067497
v -0.017672 -0.039555 0.067542
v -0.017532 -0.036891 0.067652
v -0.017408 -0.036796 0.067497
v -0.017496 -0.036863 0.067542
v -0.018119 -0.039841 0.067652
v -0.018041 -0.039976 0.067497
v -0.018096 -0.039880 0.067542
v -0.018119 -0.036377 0.067652
v -0.018041 -0.036242 0.067497
v -0.018096 -0.036337 0.067542
v -0.017187 -0.038626 0.067652
v -0.017036 -0.038667 0.067497
v -0.017143 -0.038638 0.067542
v -0.017187 -0.037591 0.067652
v -0.017036 -0.037551 0.067497
v -0.017143 -0.037579 0.067542
v -0.017124 -0.038190 0.067652
v -0.016968 -0.038190 0.067497
v -0.017078 -0.038190 0.067542
v -0.016963 -0.038108 0.067497
v -0.017119 -0.038109 0.067652
v -0.017073 -0.038109 0.067542
v 0.008887 -0.038027 0.067652
v 0.008731 -0.038028 0.067497
v 0.008841 -0.038027 0.067542
v 0.008726 -0.038109 0.067497
v 0.008881 -0.038109 0.067652
v 0.008836 -0.038109 0.067542
v 0.008899 -0.037848 0.067652
v 0.008744 -0.037827 0.067497
v 0.008853 -0.037842 0.067542
v -0.017136 -0.037848 0.067652
v -0.016981 -0.037828 0.067497
v -0.017090 -0.037842 0.067542
v -0.017136 -0.038370 0.067652
v -0.016981 -0.038390 0.067497
v -0.017090 -0.038376 0.067542
v 0.008899 -0.038370 0.067652
v 0.008744 -0.038390 0.067497
v 0.008853 -0.038376 0.067542
v 0.009034 -0.037343 0.067652
v 0.008890 -0.037284 0.067497
v 0.008992 -0.037326 0.067542
v 0.008950 -0.038626 0.067652
v 0.008799 -0.038667 0.067497
v 0.008906 -0.038638 0.067542
v 0.008950 -0.037591 0.067652
v 0.008799 -0.037551 0.067497
v 0.008906 -0.037579 0.067542
v 0.009295 -0.039326 0.067652
v 0.009171 -0.039421 0.067497
v 0.009259 -0.039354 0.067542
v 0.009149 -0.039109 0.067652
v 0.009015 -0.039186 0.067497
v 0.009110 -0.039131 0.067542
v 0.009295 -0.036891 0.067652
v 0.009171 -0.036796 0.067497
v 0.009259 -0.036863 0.067542
v 0.009034 -0.038874 0.067652
v 0.008890 -0.038934 0.067497
v 0.008992 -0.038891 0.067542
v 0.009149 -0.037109 0.067652
v 0.009015 -0.037031 0.067497
v 0.009110 -0.037086 0.067542
v -0.017271 -0.038874 0.067652
v -0.017127 -0.038934 0.067497
v -0.017229 -0.038891 0.067542
v -0.017271 -0.037343 0.067652
v -0.017127 -0.037284 0.067497
v -0.017229 -0.037326 0.067542
v 0.009664 -0.039695 0.067652
v 0.009569 -0.039819 0.067497
v 0.009636 -0.039732 0.067542
v 0.009664 -0.036522 0.067652
v 0.009569 -0.036399 0.067497
v 0.009636 -0.036486 0.067542
v 0.010116 -0.039956 0.067652
v 0.010057 -0.040100 0.067497
v 0.010099 -0.039999 0.067542
v 0.010116 -0.036261 0.067652
v 0.010057 -0.036117 0.067497
v 0.010099 -0.036219 0.067542
v 0.009881 -0.039841 0.067652
v 0.009804 -0.039976 0.067497
v 0.009859 -0.039880 0.067542
v 0.009881 -0.036377 0.067652
v 0.009804 -0.036242 0.067497
v 0.009859 -0.036337 0.067542
v 0.010881 -0.036109 0.067652
v 0.010881 -0.035953 0.067497
v 0.010881 -0.036063 0.067542
v 0.010620 -0.040092 0.067652
v 0.010600 -0.040246 0.067497
v 0.010614 -0.040137 0.067542
v 0.010620 -0.036126 0.067652
v 0.010600 -0.035971 0.067497
v 0.010614 -0.036081 0.067542
v 0.011399 -0.040041 0.067652
v 0.011439 -0.040191 0.067497
v 0.011411 -0.040085 0.067542
v 0.011143 -0.040092 0.067652
v 0.011163 -0.040246 0.067497
v 0.011148 -0.040137 0.067542
v 0.011399 -0.036177 0.067652
v 0.011439 -0.036027 0.067497
v 0.011411 -0.036133 0.067542
v 0.010881 -0.040109 0.067652
v 0.010881 -0.040264 0.067497
v 0.010881 -0.040154 0.067542
v 0.011143 -0.036126 0.067652
v 0.011163 -0.035971 0.067497
v 0.011148 -0.036081 0.067542
v 0.010364 -0.040041 0.067652
v 0.010324 -0.040191 0.067497
v 0.010352 -0.040085 0.067542
v 0.010364 -0.036177 0.067652
v 0.010324 -0.036027 0.067497
v 0.010352 -0.036133 0.067542
v 0.011881 -0.039841 0.067652
v 0.011959 -0.039976 0.067497
v 0.011904 -0.039880 0.067542
v 0.011881 -0.036377 0.067652
v 0.011959 -0.036242 0.067497
v 0.011904 -0.036337 0.067542
v 0.012296 -0.039523 0.067652
v 0.012406 -0.039633 0.067497
v 0.012328 -0.039555 0.067542
v 0.012350 -0.036756 0.067652
v 0.012459 -0.036646 0.067497
v 0.012382 -0.036724 0.067542
v 0.012406 -0.036584 0.067497
v 0.012296 -0.036694 0.067652
v 0.012328 -0.036662 0.067542
v 0.012099 -0.039695 0.067652
v 0.012194 -0.039819 0.067497
v 0.012127 -0.039732 0.067542
v 0.012099 -0.036522 0.067652
v 0.012194 -0.036399 0.067497
v 0.012127 -0.036486 0.067542
v 0.012729 -0.037343 0.067652
v 0.012873 -0.037284 0.067497
v 0.012771 -0.037326 0.067542
v 0.012614 -0.039109 0.067652
v 0.012748 -0.039186 0.067497
v 0.012653 -0.039131 0.067542
v 0.012614 -0.037109 0.067652
v 0.012748 -0.037031 0.067497
v 0.012653 -0.037086 0.067542
v 0.012813 -0.038626 0.067652
v 0.012964 -0.038667 0.067497
v 0.012857 -0.038638 0.067542
v 0.012881 -0.038109 0.067652
v 0.013037 -0.038109 0.067497
v 0.012927 -0.038109 0.067542
v 0.012864 -0.038370 0.067652
v 0.013019 -0.038390 0.067497
v 0.012910 -0.038376 0.067542
v 0.012864 -0.037848 0.067652
v 0.013019 -0.037827 0.067497
v 0.012910 -0.037842 0.067542
v 0.012729 -0.038874 0.067652
v 0.012873 -0.038934 0.067497
v 0.012771 -0.038891 0.067542
v 0.012813 -0.037591 0.067652
v 0.012964 -0.037551 0.067497
v 0.012857 -0.037579 0.067542
v 0.012468 -0.039326 0.067652
v 0.012592 -0.039421 0.067497
v 0.012504 -0.039354 0.067542
v 0.012468 -0.036891 0.067652
v 0.012592 -0.036797 0.067497
v 0.012504 -0.036863 0.067542
v 0.011647 -0.039956 0.067652
v 0.011706 -0.040100 0.067497
v 0.011664 -0.039999 0.067542
v 0.011647 -0.036261 0.067652
v 0.011706 -0.036117 0.067497
v 0.011664 -0.036219 0.067542
v -0.019119 -0.040109 0.067652
v -0.019119 -0.040264 0.067497
v -0.019119 -0.040154 0.067542
v 0.009467 -0.039523 0.067652
v 0.009357 -0.039633 0.067497
v 0.009435 -0.039555 0.067542
v 0.009467 -0.036694 0.067652
v 0.009357 -0.036584 0.067497
v 0.009435 -0.036662 0.067542
v -0.019119 -0.036109 0.067652
v -0.019119 -0.035953 0.067497
v -0.019119 -0.036063 0.067542
v 0.043631 -0.003109 0.067652
v 0.043476 -0.003109 0.067497
v 0.043586 -0.003109 0.067542
v 0.043651 -0.003402 0.067652
v 0.043496 -0.003423 0.067497
v 0.043606 -0.003408 0.067542
v 0.043651 -0.002815 0.067652
v 0.043496 -0.002795 0.067497
v 0.043606 -0.002809 0.067542
v 0.043933 -0.001984 0.067652
v 0.043798 -0.001906 0.067497
v 0.043893 -0.001961 0.067542
v 0.043803 -0.003970 0.067652
v 0.043659 -0.004029 0.067497
v 0.043761 -0.003987 0.067542
v 0.043803 -0.002248 0.067652
v 0.043659 -0.002188 0.067497
v 0.043761 -0.002230 0.067542
v 0.043708 -0.003691 0.067652
v 0.043558 -0.003731 0.067497
v 0.043664 -0.003703 0.067542
v 0.043708 -0.002526 0.067652
v 0.043558 -0.002486 0.067497
v 0.043664 -0.002515 0.067542
v 0.044230 -0.004631 0.067652
v 0.044120 -0.004741 0.067497
v 0.044198 -0.004663 0.067542
v 0.044181 -0.004810 0.067497
v 0.044290 -0.004700 0.067652
v 0.044258 -0.004732 0.067542
v 0.044096 -0.004478 0.067652
v 0.043973 -0.004573 0.067497
v 0.044060 -0.004506 0.067542
v 0.044290 -0.001518 0.067652
v 0.044180 -0.001408 0.067497
v 0.044258 -0.001485 0.067542
v 0.044756 -0.005057 0.067652
v 0.044679 -0.005192 0.067497
v 0.044734 -0.005097 0.067542
v 0.044756 -0.001160 0.067652
v 0.044679 -0.001025 0.067497
v 0.044734 -0.001121 0.067542
v 0.044512 -0.004894 0.067652
v 0.044417 -0.005017 0.067497
v 0.044484 -0.004930 0.067542
v 0.044512 -0.001324 0.067652
v 0.044417 -0.001200 0.067497
v 0.044484 -0.001287 0.067542
v 0.043933 -0.004234 0.067652
v 0.043798 -0.004311 0.067497
v 0.043893 -0.004256 0.067542
v 0.044096 -0.001739 0.067652
v 0.043973 -0.001644 0.067497
v 0.044060 -0.001711 0.067542
v 0.045299 -0.005282 0.067652
v 0.045259 -0.005432 0.067497
v 0.045287 -0.005326 0.067542
v 0.045299 -0.000935 0.067652
v 0.045259 -0.000785 0.067497
v 0.045287 -0.000891 0.067542
v 0.046175 -0.000878 0.067652
v 0.046195 -0.000724 0.067497
v 0.046181 -0.000833 0.067542
v 0.045881 -0.005359 0.067652
v 0.045881 -0.005514 0.067497
v 0.045881 -0.005404 0.067542
v 0.045881 -0.000859 0.067652
v 0.045881 -0.000703 0.067497
v 0.045881 -0.000813 0.067542
v 0.045588 -0.005339 0.067652
v 0.045567 -0.005494 0.067497
v 0.045582 -0.005385 0.067542
v 0.045588 -0.000878 0.067652
v 0.045567 -0.000724 0.067497
v 0.045582 -0.000833 0.067542
v 0.046743 -0.005187 0.067652
v 0.046802 -0.005331 0.067497
v 0.046760 -0.005230 0.067542
v 0.046464 -0.005282 0.067652
v 0.046504 -0.005432 0.067497
v 0.046476 -0.005326 0.067542
v 0.046743 -0.001030 0.067652
v 0.046802 -0.000886 0.067497
v 0.046760 -0.000988 0.067542
v 0.047251 -0.004894 0.067652
v 0.047346 -0.005017 0.067497
v 0.047279 -0.004930 0.067542
v 0.047251 -0.001324 0.067652
v 0.047346 -0.001200 0.067497
v 0.047279 -0.001287 0.067542
v 0.047006 -0.005057 0.067652
v 0.047084 -0.005192 0.067497
v 0.047029 -0.005097 0.067542
v 0.047006 -0.001160 0.067652
v 0.047084 -0.001025 0.067497
v 0.047029 -0.001121 0.067542
v 0.046175 -0.005339 0.067652
v 0.046195 -0.005494 0.067497
v 0.046181 -0.005385 0.067542
v 0.046464 -0.000935 0.067652
v 0.046504 -0.000785 0.067497
v 0.046476 -0.000891 0.067542
v 0.045020 -0.005187 0.067652
v 0.044961 -0.005331 0.067497
v 0.045003 -0.005230 0.067542
v 0.045020 -0.001030 0.067652
v 0.044961 -0.000886 0.067497
v 0.045003 -0.000988 0.067542
v 0.047667 -0.004478 0.067652
v 0.047790 -0.004573 0.067497
v 0.047703 -0.004506 0.067542
v 0.047667 -0.001739 0.067652
v 0.047790 -0.001644 0.067497
v 0.047703 -0.001711 0.067542
v 0.048055 -0.002526 0.067652
v 0.048205 -0.002486 0.067497
v 0.048099 -0.002515 0.067542
v 0.047960 -0.003970 0.067652
v 0.048104 -0.004029 0.067497
v 0.048002 -0.003987 0.067542
v 0.047960 -0.002248 0.067652
v 0.048104 -0.002188 0.067497
v 0.048002 -0.002230 0.067542
v 0.047830 -0.004234 0.067652
v 0.047965 -0.004311 0.067497
v 0.047870 -0.004256 0.067542
v 0.047830 -0.001984 0.067652
v 0.047965 -0.001906 0.067497
v 0.047870 -0.001961 0.067542
v 0.048287 -0.003109 0.067497
v 0.048131 -0.003109 0.067652
v 0.048177 -0.003109 0.067542
v 0.048125 -0.003200 0.067652
v 0.048281 -0.003200 0.067497
v 0.048171 -0.003200 0.067542
v 0.168476 -0.003109 0.067497
v 0.168631 -0.003109 0.067652
v 0.168586 -0.003109 0.067542
v 0.048112 -0.003402 0.067652
v 0.048267 -0.003423 0.067497
v 0.048157 -0.003408 0.067542
v 0.168651 -0.002815 0.067652
v 0.168496 -0.002795 0.067497
v 0.168606 -0.002809 0.067542
v 0.168637 -0.003017 0.067652
v 0.168482 -0.003017 0.067497
v 0.168592 -0.003017 0.067542
v 0.168631 -0.103109 0.067652
v 0.168476 -0.103109 0.067497
v 0.168586 -0.103109 0.067542
v 0.168651 -0.102815 0.067652
v 0.168496 -0.102795 0.067497
v 0.168606 -0.102809 0.067542
v 0.168651 -0.003402 0.067652
v 0.168496 -0.003423 0.067497
v 0.168606 -0.003408 0.067542
v 0.048112 -0.002815 0.067652
v 0.048267 -0.002795 0.067497
v 0.048157 -0.002809 0.067542
v 0.048055 -0.003691 0.067652
v 0.048205 -0.003731 0.067497
v 0.048099 -0.003703 0.067542
v 0.168708 -0.103691 0.067652
v 0.168558 -0.103731 0.067497
v 0.168664 -0.103703 0.067542
v 0.168803 -0.003970 0.067652
v 0.168659 -0.004029 0.067497
v 0.168761 -0.003987 0.067542
v 0.168803 -0.103970 0.067652
v 0.168659 -0.104029 0.067497
v 0.168761 -0.103987 0.067542
v 0.168803 -0.102248 0.067652
v 0.168659 -0.102188 0.067497
v 0.168761 -0.102230 0.067542
v 0.168708 -0.003691 0.067652
v 0.168558 -0.003731 0.067497
v 0.168664 -0.003703 0.067542
v 0.168803 -0.002248 0.067652
v 0.168659 -0.002188 0.067497
v 0.168761 -0.002230 0.067542
v 0.169096 -0.004478 0.067652
v 0.168973 -0.004573 0.067497
v 0.169060 -0.004506 0.067542
v 0.169096 -0.101739 0.067652
v 0.168973 -0.101644 0.067497
v 0.169060 -0.101711 0.067542
v 0.169290 -0.101518 0.067652
v 0.169180 -0.101408 0.067497
v 0.169258 -0.101485 0.067542
v 0.169290 -0.004700 0.067652
v 0.169180 -0.004810 0.067497
v 0.169258 -0.004732 0.067542
v 0.169096 -0.104478 0.067652
v 0.168973 -0.104573 0.067497
v 0.169060 -0.104506 0.067542
v 0.169096 -0.001739 0.067652
v 0.168973 -0.001644 0.067497
v 0.169060 -0.001711 0.067542
v 0.168933 -0.104234 0.067652
v 0.168798 -0.104312 0.067497
v 0.168893 -0.104256 0.067542
v 0.168933 -0.101984 0.067652
v 0.168798 -0.101906 0.067497
v 0.168893 -0.101961 0.067542
v 0.168933 -0.004234 0.067652
v 0.168798 -0.004312 0.067497
v 0.168893 -0.004256 0.067542
v 0.168933 -0.001984 0.067652
v 0.168798 -0.001906 0.067497
v 0.168893 -0.001961 0.067542
v 0.168651 -0.103402 0.067652
v 0.168496 -0.103423 0.067497
v 0.168606 -0.103408 0.067542
v 0.168708 -0.102526 0.067652
v 0.168558 -0.102486 0.067497
v 0.168664 -0.102515 0.067542
v 0.168708 -0.002526 0.067652
v 0.168558 -0.002486 0.067497
v 0.168664 -0.002515 0.067542
v 0.047472 -0.004700 0.067652
v 0.047583 -0.004810 0.067497
v 0.047505 -0.004732 0.067542
v 0.047472 -0.001518 0.067652
v 0.047583 -0.001408 0.067497
v 0.047505 -0.001485 0.067542
v 0.169512 -0.101324 0.067652
v 0.169417 -0.101200 0.067497
v 0.169484 -0.101287 0.067542
v 0.169512 -0.004894 0.067652
v 0.169417 -0.005017 0.067497
v 0.169484 -0.004930 0.067542
v 0.169756 -0.005057 0.067652
v 0.169679 -0.005192 0.067497
v 0.169734 -0.005097 0.067542
v 0.169756 -0.101160 0.067652
v 0.169679 -0.101025 0.067497
v 0.169734 -0.101121 0.067542
v 0.169512 -0.104894 0.067652
v 0.169417 -0.105017 0.067497
v 0.169484 -0.104930 0.067542
v 0.169512 -0.001324 0.067652
v 0.169417 -0.001200 0.067497
v 0.169484 -0.001287 0.067542
v 0.170020 -0.005187 0.067652
v 0.169961 -0.005331 0.067497
v 0.170003 -0.005230 0.067542
v 0.170020 -0.101030 0.067652
v 0.169961 -0.100886 0.067497
v 0.170003 -0.100988 0.067542
v 0.170020 -0.001030 0.067652
v 0.169961 -0.000886 0.067497
v 0.170003 -0.000988 0.067542
v 0.170299 -0.105282 0.067652
v 0.170259 -0.105432 0.067497
v 0.170287 -0.105326 0.067542
v 0.170299 -0.005282 0.067652
v 0.170259 -0.005432 0.067497
v 0.170287 -0.005326 0.067542
v 0.170299 -0.100935 0.067652
v 0.170259 -0.100785 0.067497
v 0.170287 -0.100891 0.067542
v 0.170020 -0.105187 0.067652
v 0.169961 -0.105331 0.067497
v 0.170003 -0.105230 0.067542
v 0.170299 -0.000935 0.067652
v 0.170259 -0.000785 0.067497
v 0.170287 -0.000891 0.067542
v 0.169756 -0.105057 0.067652
v 0.169679 -0.105192 0.067497
v 0.169734 -0.105097 0.067542
v 0.169756 -0.001160 0.067652
v 0.169679 -0.001025 0.067497
v 0.169734 -0.001121 0.067542
v 0.170588 -0.100878 0.067652
v 0.170568 -0.100724 0.067497
v 0.170582 -0.100833 0.067542
v 0.170588 -0.005339 0.067652
v 0.170568 -0.005494 0.067497
v 0.170582 -0.005385 0.067542
v 0.170881 -0.005514 0.067497
v 0.170881 -0.005359 0.067652
v 0.170881 -0.005404 0.067542
v 0.170881 -0.100859 0.067652
v 0.170881 -0.100703 0.067497
v 0.170881 -0.100813 0.067542
v 0.170881 -0.105359 0.067652
v 0.170881 -0.105514 0.067497
v 0.170881 -0.105404 0.067542
v 0.170881 -0.000859 0.067652
v 0.170881 -0.000703 0.067497
v 0.170881 -0.000813 0.067542
v 0.171175 -0.005339 0.067652
v 0.171195 -0.005494 0.067497
v 0.171181 -0.005385 0.067542
v 0.171175 -0.100878 0.067652
v 0.171195 -0.100724 0.067497
v 0.171181 -0.100833 0.067542
v 0.171464 -0.100935 0.067652
v 0.171504 -0.100785 0.067497
v 0.171476 -0.100891 0.067542
v 0.171743 -0.101030 0.067652
v 0.171802 -0.100886 0.067497
v 0.171760 -0.100988 0.067542
v 0.171743 -0.005187 0.067652
v 0.171802 -0.005331 0.067497
v 0.171760 -0.005230 0.067542
v 0.171464 -0.005282 0.067652
v 0.171504 -0.005432 0.067497
v 0.171476 -0.005326 0.067542
v 0.171464 -0.105282 0.067652
v 0.171504 -0.105432 0.067497
v 0.171476 -0.105326 0.067542
v 0.171464 -0.000935 0.067652
v 0.171504 -0.000785 0.067497
v 0.171476 -0.000891 0.067542
v 0.171175 -0.105339 0.067652
v 0.171195 -0.105494 0.067497
v 0.171181 -0.105385 0.067542
v 0.171175 -0.000878 0.067652
v 0.171195 -0.000724 0.067497
v 0.171181 -0.000833 0.067542
v 0.170588 -0.105339 0.067652
v 0.170568 -0.105494 0.067497
v 0.170582 -0.105385 0.067542
v 0.170588 -0.000878 0.067652
v 0.170568 -0.000724 0.067497
v 0.170582 -0.000833 0.067542
v 0.172006 -0.101160 0.067652
v 0.172084 -0.101025 0.067497
v 0.172029 -0.101121 0.067542
v 0.172006 -0.005057 0.067652
v 0.172084 -0.005192 0.067497
v 0.172029 -0.005097 0.067542
v 0.172251 -0.004894 0.067652
v 0.172346 -0.005017 0.067497
v 0.172279 -0.004930 0.067542
v 0.172251 -0.101324 0.067652
v 0.172346 -0.101200 0.067497
v 0.172279 -0.101287 0.067542
v 0.172006 -0.105057 0.067652
v 0.172080 -0.105194 0.067497
v 0.172028 -0.105097 0.067542
v 0.172006 -0.001160 0.067652
v 0.172084 -0.001025 0.067497
v 0.172029 -0.001121 0.067542
v 0.172472 -0.004700 0.067652
v 0.172583 -0.004810 0.067497
v 0.172505 -0.004732 0.067542
v 0.172472 -0.101518 0.067652
v 0.172583 -0.101408 0.067497
v 0.172505 -0.101485 0.067542
v 0.172533 -0.001587 0.067652
v 0.172650 -0.001485 0.067497
v 0.172567 -0.001557 0.067542
v 0.172472 -0.001518 0.067652
v 0.172583 -0.001408 0.067497
v 0.172505 -0.001485 0.067542
v 0.172667 -0.104478 0.067652
v 0.172790 -0.104573 0.067497
v 0.172703 -0.104506 0.067542
v 0.172667 -0.101739 0.067652
v 0.172790 -0.101644 0.067497
v 0.172703 -0.101711 0.067542
v 0.172667 -0.004478 0.067652
v 0.172790 -0.004573 0.067497
v 0.172703 -0.004506 0.067542
v 0.172472 -0.104700 0.067652
v 0.172579 -0.104813 0.067497
v 0.172504 -0.104733 0.067542
v 0.172667 -0.001739 0.067652
v 0.172790 -0.001644 0.067497
v 0.172703 -0.001711 0.067542
v 0.172354 -0.105011 0.067497
v 0.172251 -0.104894 0.067652
v 0.172281 -0.104928 0.067542
v 0.172251 -0.001324 0.067652
v 0.172346 -0.001200 0.067497
v 0.172279 -0.001287 0.067542
v 0.172830 -0.004234 0.067652
v 0.172965 -0.004312 0.067497
v 0.172870 -0.004256 0.067542
v 0.172960 -0.103970 0.067652
v 0.173104 -0.104029 0.067497
v 0.173002 -0.103987 0.067542
v 0.172960 -0.102248 0.067652
v 0.173104 -0.102188 0.067497
v 0.173002 -0.102230 0.067542
v 0.172960 -0.003970 0.067652
v 0.173104 -0.004029 0.067497
v 0.173002 -0.003987 0.067542
v 0.172960 -0.002248 0.067652
v 0.173104 -0.002188 0.067497
v 0.173002 -0.002230 0.067542
v 0.173131 -0.003109 0.067652
v 0.173287 -0.003109 0.067497
v 0.173177 -0.003109 0.067542
v 0.173131 -0.103109 0.067652
v 0.173287 -0.103109 0.067497
v 0.173177 -0.103109 0.067542
v 0.173112 -0.003402 0.067652
v 0.173267 -0.003423 0.067497
v 0.173157 -0.003408 0.067542
v 0.173112 -0.002815 0.067652
v 0.173267 -0.002795 0.067497
v 0.173157 -0.002809 0.067542
v 0.173112 -0.103402 0.067652
v 0.173267 -0.103423 0.067497
v 0.173157 -0.103408 0.067542
v 0.173112 -0.102815 0.067652
v 0.173267 -0.102795 0.067497
v 0.173157 -0.102809 0.067542
v 0.173055 -0.102526 0.067652
v 0.173205 -0.102486 0.067497
v 0.173099 -0.102515 0.067542
v 0.173055 -0.003691 0.067652
v 0.173205 -0.003731 0.067497
v 0.173099 -0.003703 0.067542
v 0.173055 -0.002526 0.067652
v 0.173205 -0.002486 0.067497
v 0.173099 -0.002515 0.067542
v 0.172830 -0.104234 0.067652
v 0.172965 -0.104312 0.067497
v 0.172870 -0.104256 0.067542
v 0.173055 -0.103691 0.067652
v 0.173205 -0.103731 0.067497
v 0.173099 -0.103703 0.067542
v 0.172830 -0.101984 0.067652
v 0.172965 -0.101906 0.067497
v 0.172870 -0.101961 0.067542
v 0.172830 -0.001984 0.067652
v 0.172965 -0.001906 0.067497
v 0.172870 -0.001961 0.067542
v 0.171743 -0.001030 0.067652
v 0.171802 -0.000886 0.067497
v 0.171760 -0.000988 0.067542
v 0.171743 -0.105187 0.067652
v 0.171802 -0.105331 0.067497
v 0.171760 -0.105230 0.067542
v 0.169290 -0.104700 0.067652
v 0.169180 -0.104810 0.067497
v 0.169258 -0.104732 0.067542
v 0.169290 -0.001518 0.067652
v 0.169180 -0.001408 0.067497
v 0.169258 -0.001485 0.067542
v -0.181349 -0.103402 0.073342
v -0.181504 -0.103423 0.073497
v -0.181394 -0.103408 0.073451
v -0.181369 -0.103109 0.073342
v -0.181524 -0.103109 0.073497
v -0.181414 -0.103109 0.073451
v -0.181369 -0.003109 0.073342
v -0.181524 -0.003109 0.073497
v -0.181414 -0.003109 0.073451
v -0.181292 -0.103691 0.073342
v -0.181442 -0.103731 0.073497
v -0.181336 -0.103703 0.073451
v -0.181349 -0.102815 0.073342
v -0.181504 -0.102795 0.073497
v -0.181394 -0.102809 0.073451
v -0.181292 -0.102526 0.073342
v -0.181442 -0.102486 0.073497
v -0.181336 -0.102515 0.073451
v -0.181349 -0.003402 0.073342
v -0.181504 -0.003423 0.073497
v -0.181394 -0.003408 0.073451
v -0.181349 -0.002815 0.073342
v -0.181504 -0.002795 0.073497
v -0.181394 -0.002809 0.073451
v -0.181197 -0.103970 0.073342
v -0.181341 -0.104029 0.073497
v -0.181239 -0.103987 0.073451
v -0.181197 -0.102248 0.073342
v -0.181341 -0.102188 0.073497
v -0.181239 -0.102230 0.073451
v -0.181197 -0.003970 0.073342
v -0.181341 -0.004029 0.073497
v -0.181239 -0.003987 0.073451
v -0.181197 -0.002248 0.073342
v -0.181341 -0.002188 0.073497
v -0.181239 -0.002230 0.073451
v -0.181067 -0.104234 0.073342
v -0.181202 -0.104312 0.073497
v -0.181107 -0.104256 0.073451
v -0.181067 -0.101984 0.073342
v -0.181202 -0.101906 0.073497
v -0.181107 -0.101961 0.073451
v -0.181067 -0.004234 0.073342
v -0.181202 -0.004312 0.073497
v -0.181107 -0.004256 0.073451
v -0.181292 -0.003691 0.073342
v -0.181442 -0.003731 0.073497
v -0.181336 -0.003703 0.073451
v -0.181292 -0.002526 0.073342
v -0.181442 -0.002486 0.073497
v -0.181336 -0.002515 0.073451
v -0.181201 -0.001904 0.073497
v -0.181067 -0.001984 0.073342
v -0.181106 -0.001960 0.073451
v -0.180904 -0.104478 0.073342
v -0.181026 -0.104574 0.073497
v -0.180939 -0.104507 0.073451
v -0.180710 -0.004700 0.073342
v -0.180820 -0.004810 0.073497
v -0.180742 -0.004732 0.073451
v -0.180710 -0.101518 0.073342
v -0.180820 -0.101408 0.073497
v -0.180742 -0.101485 0.073451
v -0.180822 -0.104807 0.073497
v -0.180710 -0.104700 0.073342
v -0.180742 -0.104731 0.073451
v -0.180904 -0.101739 0.073342
v -0.181027 -0.101644 0.073497
v -0.180940 -0.101711 0.073451
v -0.180904 -0.004478 0.073342
v -0.181027 -0.004573 0.073497
v -0.180940 -0.004506 0.073451
v -0.180904 -0.001739 0.073342
v -0.181030 -0.001648 0.073497
v -0.180941 -0.001712 0.073451
v -0.180488 -0.101324 0.073342
v -0.180583 -0.101200 0.073497
v -0.180516 -0.101287 0.073451
v -0.180488 -0.004894 0.073342
v -0.180583 -0.005017 0.073497
v -0.180516 -0.004930 0.073451
v -0.180244 -0.101160 0.073342
v -0.180321 -0.101025 0.073497
v -0.180266 -0.101121 0.073451
v -0.180244 -0.005057 0.073342
v -0.180321 -0.005192 0.073497
v -0.180266 -0.005097 0.073451
v -0.180244 -0.001160 0.073342
v -0.180321 -0.001025 0.073497
v -0.180266 -0.001121 0.073451
v -0.180244 -0.105057 0.073342
v -0.180321 -0.105192 0.073497
v -0.180266 -0.105097 0.073451
v -0.180488 -0.001324 0.073342
v -0.180583 -0.001200 0.073497
v -0.180516 -0.001287 0.073451
v -0.180488 -0.104894 0.073342
v -0.180582 -0.105018 0.073497
v -0.180516 -0.104930 0.073451
v -0.180710 -0.001518 0.073342
v -0.180818 -0.001406 0.073497
v -0.180741 -0.001485 0.073451
v -0.179980 -0.101030 0.073342
v -0.180039 -0.100886 0.073497
v -0.179997 -0.100988 0.073451
v -0.179980 -0.005187 0.073342
v -0.180039 -0.005331 0.073497
v -0.179997 -0.005230 0.073451
v -0.179701 -0.100935 0.073342
v -0.179741 -0.100785 0.073497
v -0.179713 -0.100891 0.073451
v -0.179701 -0.005282 0.073342
v -0.179741 -0.005432 0.073497
v -0.179713 -0.005326 0.073451
v -0.179701 -0.105282 0.073342
v -0.179741 -0.105432 0.073497
v -0.179713 -0.105326 0.073451
v -0.179701 -0.000935 0.073342
v -0.179741 -0.000785 0.073497
v -0.179713 -0.000891 0.073451
v -0.179119 -0.100859 0.073342
v -0.179119 -0.100703 0.073497
v -0.179119 -0.100813 0.073451
v -0.179119 -0.005514 0.073497
v -0.179119 -0.005359 0.073342
v -0.179119 -0.005404 0.073451
v -0.178825 -0.100878 0.073342
v -0.178805 -0.100724 0.073497
v -0.178819 -0.100833 0.073451
v -0.178825 -0.005339 0.073342
v -0.178805 -0.005494 0.073497
v -0.178819 -0.005385 0.073451
v -0.179119 -0.105359 0.073342
v -0.179119 -0.105514 0.073497
v -0.179119 -0.105404 0.073451
v -0.179119 -0.000859 0.073342
v -0.179119 -0.000703 0.073497
v -0.179119 -0.000813 0.073451
v -0.179412 -0.105339 0.073342
v -0.179432 -0.105494 0.073497
v -0.179418 -0.105385 0.073451
v -0.179412 -0.100878 0.073342
v -0.179432 -0.100724 0.073497
v -0.179418 -0.100833 0.073451
v -0.179412 -0.005339 0.073342
v -0.179432 -0.005494 0.073497
v -0.179418 -0.005385 0.073451
v -0.179412 -0.000878 0.073342
v -0.179432 -0.000724 0.073497
v -0.179418 -0.000833 0.073451
v -0.178536 -0.105282 0.073342
v -0.178496 -0.105432 0.073497
v -0.178524 -0.105326 0.073451
v -0.178536 -0.100935 0.073342
v -0.178496 -0.100785 0.073497
v -0.178524 -0.100891 0.073451
v -0.178536 -0.005282 0.073342
v -0.178496 -0.005432 0.073497
v -0.178524 -0.005326 0.073451
v -0.178257 -0.005187 0.073342
v -0.178198 -0.005331 0.073497
v -0.178240 -0.005230 0.073451
v -0.178257 -0.101030 0.073342
v -0.178198 -0.100886 0.073497
v -0.178240 -0.100988 0.073451
v -0.178257 -0.105187 0.073342
v -0.178198 -0.105331 0.073497
v -0.178240 -0.105230 0.073451
v -0.178536 -0.000935 0.073342
v -0.178496 -0.000785 0.073497
v -0.178524 -0.000891 0.073451
v -0.177994 -0.101160 0.073342
v -0.177916 -0.101025 0.073497
v -0.177971 -0.101121 0.073451
v -0.177994 -0.005057 0.073342
v -0.177916 -0.005192 0.073497
v -0.177971 -0.005097 0.073451
v -0.177749 -0.101324 0.073342
v -0.177654 -0.101200 0.073497
v -0.177721 -0.101287 0.073451
v -0.177749 -0.004894 0.073342
v -0.177654 -0.005017 0.073497
v -0.177721 -0.004930 0.073451
v -0.177749 -0.001324 0.073342
v -0.177654 -0.001200 0.073497
v -0.177721 -0.001287 0.073451
v -0.177749 -0.104894 0.073342
v -0.177654 -0.105017 0.073497
v -0.177721 -0.104930 0.073451
v -0.177994 -0.001160 0.073342
v -0.177916 -0.001025 0.073497
v -0.177971 -0.001121 0.073451
v -0.177994 -0.105057 0.073342
v -0.177916 -0.105192 0.073497
v -0.177971 -0.105097 0.073451
v -0.178257 -0.001030 0.073342
v -0.178198 -0.000886 0.073497
v -0.178240 -0.000988 0.073451
v -0.178825 -0.105339 0.073342
v -0.178805 -0.105494 0.073497
v -0.178819 -0.105385 0.073451
v -0.178825 -0.000878 0.073342
v -0.178805 -0.000724 0.073497
v -0.178819 -0.000833 0.073451
v -0.179980 -0.105187 0.073342
v -0.180039 -0.105331 0.073497
v -0.179997 -0.105230 0.073451
v -0.179980 -0.001030 0.073342
v -0.180039 -0.000886 0.073497
v -0.179997 -0.000988 0.073451
v -0.177528 -0.101518 0.073342
v -0.177417 -0.101408 0.073497
v -0.177495 -0.101485 0.073451
v -0.177528 -0.004700 0.073342
v -0.177417 -0.004810 0.073497
v -0.177495 -0.004732 0.073451
v -0.177333 -0.104478 0.073342
v -0.177210 -0.104573 0.073497
v -0.177297 -0.104506 0.073451
v -0.177333 -0.101739 0.073342
v -0.177210 -0.101644 0.073497
v -0.177297 -0.101711 0.073451
v -0.177333 -0.004478 0.073342
v -0.177210 -0.004573 0.073497
v -0.177297 -0.004506 0.073451
v -0.177333 -0.001739 0.073342
v -0.177210 -0.001644 0.073497
v -0.177297 -0.001711 0.073451
v -0.177040 -0.103970 0.073342
v -0.176896 -0.104029 0.073497
v -0.176998 -0.103987 0.073451
v -0.177040 -0.102248 0.073342
v -0.176896 -0.102188 0.073497
v -0.176998 -0.102230 0.073451
v -0.177040 -0.003970 0.073342
v -0.176896 -0.004029 0.073497
v -0.176998 -0.003987 0.073451
v -0.177040 -0.002248 0.073342
v -0.176896 -0.002188 0.073497
v -0.176998 -0.002230 0.073451
v -0.177170 -0.104234 0.073342
v -0.177035 -0.104312 0.073497
v -0.177131 -0.104256 0.073451
v -0.177170 -0.101984 0.073342
v -0.177035 -0.101906 0.073497
v -0.177131 -0.101961 0.073451
v -0.177170 -0.004234 0.073342
v -0.177035 -0.004312 0.073497
v -0.177130 -0.004256 0.073451
v -0.177170 -0.001984 0.073342
v -0.177035 -0.001906 0.073497
v -0.177130 -0.001961 0.073451
v -0.176888 -0.103402 0.073342
v -0.176733 -0.103423 0.073497
v -0.176843 -0.103408 0.073451
v -0.056369 -0.003109 0.073342
v -0.056524 -0.003109 0.073497
v -0.056414 -0.003109 0.073451
v -0.176869 -0.003109 0.073342
v -0.176713 -0.003109 0.073497
v -0.176823 -0.003109 0.073451
v -0.056362 -0.003200 0.073342
v -0.056518 -0.003200 0.073497
v -0.056408 -0.003200 0.073451
v -0.056349 -0.003402 0.073342
v -0.056504 -0.003423 0.073497
v -0.056394 -0.003408 0.073451
v -0.176875 -0.003017 0.073342
v -0.176719 -0.003017 0.073497
v -0.176829 -0.003017 0.073451
v -0.176869 -0.103109 0.073342
v -0.176713 -0.103109 0.073497
v -0.176823 -0.103109 0.073451
v -0.176888 -0.102815 0.073342
v -0.176733 -0.102795 0.073497
v -0.176843 -0.102809 0.073451
v -0.176888 -0.003402 0.073342
v -0.176733 -0.003423 0.073497
v -0.176843 -0.003408 0.073451
v -0.176888 -0.002815 0.073342
v -0.176733 -0.002795 0.073497
v -0.176843 -0.002809 0.073451
v -0.056292 -0.003691 0.073342
v -0.056442 -0.003731 0.073497
v -0.056336 -0.003703 0.073451
v -0.056292 -0.002526 0.073342
v -0.056442 -0.002486 0.073497
v -0.056336 -0.002515 0.073451
v -0.055904 -0.004478 0.073342
v -0.056027 -0.004573 0.073497
v -0.055940 -0.004506 0.073451
v -0.056067 -0.004234 0.073342
v -0.056202 -0.004312 0.073497
v -0.056107 -0.004256 0.073451
v -0.056067 -0.001984 0.073342
v -0.056202 -0.001906 0.073497
v -0.056107 -0.001961 0.073451
v -0.056197 -0.003970 0.073342
v -0.056341 -0.004029 0.073497
v -0.056239 -0.003987 0.073451
v -0.056197 -0.002248 0.073342
v -0.056341 -0.002188 0.073497
v -0.056239 -0.002230 0.073451
v -0.056349 -0.002815 0.073342
v -0.056504 -0.002795 0.073497
v -0.056394 -0.002809 0.073451
v -0.176945 -0.103691 0.073342
v -0.176795 -0.103731 0.073497
v -0.176901 -0.103703 0.073451
v -0.176945 -0.102526 0.073342
v -0.176795 -0.102486 0.073497
v -0.176901 -0.102515 0.073451
v -0.176945 -0.003691 0.073342
v -0.176795 -0.003731 0.073497
v -0.176901 -0.003703 0.073451
v -0.176945 -0.002526 0.073342
v -0.176795 -0.002486 0.073497
v -0.176901 -0.002515 0.073451
v -0.055904 -0.001739 0.073342
v -0.056027 -0.001644 0.073497
v -0.055940 -0.001711 0.073451
v -0.055488 -0.001324 0.073342
v -0.055583 -0.001200 0.073497
v -0.055516 -0.001287 0.073451
v -0.055488 -0.004894 0.073342
v -0.055583 -0.005017 0.073497
v -0.055516 -0.004930 0.073451
v -0.055710 -0.001518 0.073342
v -0.055820 -0.001408 0.073497
v -0.055742 -0.001485 0.073451
v -0.054980 -0.005187 0.073342
v -0.055039 -0.005331 0.073497
v -0.054997 -0.005230 0.073451
v -0.054980 -0.001030 0.073342
v -0.055039 -0.000886 0.073497
v -0.054997 -0.000988 0.073451
v -0.055244 -0.005057 0.073342
v -0.055321 -0.005192 0.073497
v -0.055266 -0.005097 0.073451
v -0.055244 -0.001160 0.073342
v -0.055321 -0.001025 0.073497
v -0.055266 -0.001121 0.073451
v -0.054412 -0.005339 0.073342
v -0.054433 -0.005494 0.073497
v -0.054418 -0.005385 0.073451
v -0.054412 -0.000878 0.073342
v -0.054433 -0.000724 0.073497
v -0.054418 -0.000833 0.073451
v -0.053536 -0.005282 0.073342
v -0.053496 -0.005432 0.073497
v -0.053524 -0.005326 0.073451
v -0.053825 -0.005339 0.073342
v -0.053805 -0.005494 0.073497
v -0.053819 -0.005385 0.073451
v -0.053825 -0.000878 0.073342
v -0.053805 -0.000724 0.073497
v -0.053819 -0.000833 0.073451
v -0.054119 -0.005359 0.073342
v -0.054119 -0.005514 0.073497
v -0.054119 -0.005404 0.073451
v -0.054119 -0.000859 0.073342
v -0.054119 -0.000703 0.073497
v -0.054119 -0.000813 0.073451
v -0.054701 -0.005282 0.073342
v -0.054741 -0.005432 0.073497
v -0.054713 -0.005326 0.073451
v -0.054701 -0.000935 0.073342
v -0.054741 -0.000785 0.073497
v -0.054713 -0.000891 0.073451
v -0.052994 -0.001160 0.073342
v -0.052916 -0.001025 0.073497
v -0.052971 -0.001121 0.073451
v -0.052994 -0.005057 0.073342
v -0.052916 -0.005192 0.073497
v -0.052971 -0.005097 0.073451
v -0.053257 -0.001030 0.073342
v -0.053198 -0.000886 0.073497
v -0.053240 -0.000988 0.073451
v -0.052528 -0.004700 0.073342
v -0.052418 -0.004810 0.073497
v -0.052495 -0.004732 0.073451
v -0.052467 -0.004631 0.073342
v -0.052357 -0.004741 0.073497
v -0.052435 -0.004663 0.073451
v -0.052528 -0.001518 0.073342
v -0.052417 -0.001408 0.073497
v -0.052495 -0.001485 0.073451
v -0.052749 -0.004894 0.073342
v -0.052654 -0.005017 0.073497
v -0.052721 -0.004930 0.073451
v -0.052749 -0.001324 0.073342
v -0.052654 -0.001200 0.073497
v -0.052721 -0.001287 0.073451
v -0.052170 -0.004234 0.073342
v -0.052035 -0.004311 0.073497
v -0.052130 -0.004256 0.073451
v -0.052170 -0.001984 0.073342
v -0.052035 -0.001906 0.073497
v -0.052130 -0.001961 0.073451
v -0.051945 -0.003691 0.073342
v -0.051795 -0.003731 0.073497
v -0.051901 -0.003703 0.073451
v -0.051888 -0.002815 0.073342
v -0.051733 -0.002795 0.073497
v -0.051843 -0.002809 0.073451
v -0.051888 -0.003402 0.073342
v -0.051733 -0.003423 0.073497
v -0.051843 -0.003408 0.073451
v -0.051945 -0.002526 0.073342
v -0.051795 -0.002486 0.073497
v -0.051901 -0.002515 0.073451
v -0.052040 -0.003970 0.073342
v -0.051896 -0.004029 0.073497
v -0.051998 -0.003987 0.073451
v -0.052040 -0.002248 0.073342
v -0.051896 -0.002188 0.073497
v -0.051998 -0.002230 0.073451
v -0.052333 -0.004478 0.073342
v -0.052210 -0.004573 0.073497
v -0.052297 -0.004506 0.073451
v -0.052333 -0.001739 0.073342
v -0.052210 -0.001644 0.073497
v -0.052297 -0.001711 0.073451
v -0.053257 -0.005187 0.073342
v -0.053198 -0.005331 0.073497
v -0.053240 -0.005230 0.073451
v -0.053536 -0.000935 0.073342
v -0.053496 -0.000785 0.073497
v -0.053524 -0.000891 0.073451
v -0.055710 -0.004700 0.073342
v -0.055820 -0.004810 0.073497
v -0.055742 -0.004732 0.073451
v -0.177528 -0.001518 0.073342
v -0.177417 -0.001408 0.073497
v -0.177495 -0.001485 0.073451
v -0.177528 -0.104700 0.073342
v -0.177417 -0.104810 0.073497
v -0.177495 -0.104732 0.073451
v -0.021119 -0.038109 0.073342
v -0.021274 -0.038109 0.073497
v -0.021164 -0.038109 0.073451
v -0.021101 -0.038370 0.073342
v -0.021256 -0.038390 0.073497
v -0.021147 -0.038376 0.073451
v -0.021101 -0.037848 0.073342
v -0.021256 -0.037827 0.073497
v -0.021147 -0.037842 0.073451
v -0.020966 -0.038874 0.073342
v -0.021110 -0.038934 0.073497
v -0.021008 -0.038891 0.073451
v -0.020966 -0.037343 0.073342
v -0.021110 -0.037284 0.073497
v -0.021008 -0.037326 0.073451
v -0.021050 -0.038626 0.073342
v -0.021201 -0.038667 0.073497
v -0.021094 -0.038638 0.073451
v -0.021050 -0.037591 0.073342
v -0.021201 -0.037551 0.073497
v -0.021094 -0.037579 0.073451
v -0.020533 -0.039523 0.073342
v -0.020643 -0.039633 0.073497
v -0.020565 -0.039555 0.073451
v -0.020705 -0.039326 0.073342
v -0.020829 -0.039421 0.073497
v -0.020741 -0.039354 0.073451
v -0.020705 -0.036891 0.073342
v -0.020829 -0.036797 0.073497
v -0.020741 -0.036863 0.073451
v -0.020587 -0.036756 0.073342
v -0.020696 -0.036646 0.073497
v -0.020619 -0.036724 0.073451
v -0.020119 -0.036377 0.073342
v -0.020196 -0.036242 0.073497
v -0.020141 -0.036337 0.073451
v -0.020119 -0.039841 0.073342
v -0.020196 -0.039976 0.073497
v -0.020141 -0.039880 0.073451
v -0.020336 -0.036522 0.073342
v -0.020431 -0.036399 0.073497
v -0.020364 -0.036486 0.073451
v -0.020336 -0.039695 0.073342
v -0.020431 -0.039819 0.073497
v -0.020364 -0.039732 0.073451
v -0.020533 -0.036694 0.073342
v -0.020643 -0.036584 0.073497
v -0.020565 -0.036662 0.073451
v -0.020851 -0.039109 0.073342
v -0.020985 -0.039186 0.073497
v -0.020890 -0.039131 0.073451
v -0.020851 -0.037109 0.073342
v -0.020985 -0.037031 0.073497
v -0.020890 -0.037086 0.073451
v -0.019636 -0.040041 0.073342
v -0.019676 -0.040191 0.073497
v -0.019648 -0.040085 0.073451
v -0.019636 -0.036177 0.073342
v -0.019676 -0.036027 0.073497
v -0.019648 -0.036133 0.073451
v -0.019119 -0.040109 0.073342
v -0.019119 -0.040264 0.073497
v -0.019119 -0.040154 0.073451
v -0.019119 -0.036109 0.073342
v -0.019119 -0.035953 0.073497
v -0.019119 -0.036063 0.073451
v -0.019380 -0.040092 0.073342
v -0.019400 -0.040246 0.073497
v -0.019386 -0.040137 0.073451
v -0.019380 -0.036126 0.073342
v -0.019400 -0.035971 0.073497
v -0.019386 -0.036081 0.073451
v -0.018353 -0.039956 0.073342
v -0.018294 -0.040100 0.073497
v -0.018336 -0.039999 0.073451
v -0.018601 -0.040041 0.073342
v -0.018561 -0.040191 0.073497
v -0.018589 -0.040085 0.073451
v -0.018601 -0.036177 0.073342
v -0.018561 -0.036027 0.073497
v -0.018589 -0.036133 0.073451
v -0.017901 -0.036522 0.073342
v -0.017806 -0.036399 0.073497
v -0.017873 -0.036486 0.073451
v -0.017901 -0.039695 0.073342
v -0.017806 -0.039819 0.073497
v -0.017873 -0.039732 0.073451
v -0.018119 -0.036377 0.073342
v -0.018041 -0.036242 0.073497
v -0.018096 -0.036337 0.073451
v -0.018119 -0.039841 0.073342
v -0.018041 -0.039976 0.073497
v -0.018096 -0.039880 0.073451
v -0.018353 -0.036261 0.073342
v -0.018294 -0.036117 0.073497
v -0.018336 -0.036219 0.073451
v -0.018857 -0.040092 0.073342
v -0.018837 -0.040246 0.073497
v -0.018852 -0.040137 0.073451
v -0.018857 -0.036126 0.073342
v -0.018837 -0.035971 0.073497
v -0.018852 -0.036081 0.073451
v -0.019884 -0.039956 0.073342
v -0.019943 -0.040100 0.073497
v -0.019901 -0.039999 0.073451
v -0.019884 -0.036261 0.073342
v -0.019943 -0.036117 0.073497
v -0.019901 -0.036219 0.073451
v -0.051869 -0.003109 0.073342
v -0.051713 -0.003109 0.073497
v -0.051823 -0.003109 0.073451
v -0.017532 -0.039326 0.073342
v -0.017408 -0.039421 0.073497
v -0.017496 -0.039354 0.073451
v -0.017532 -0.036891 0.073342
v -0.017408 -0.036796 0.073497
v -0.017496 -0.036863 0.073451
v -0.017271 -0.038874 0.073342
v -0.017127 -0.038934 0.073497
v -0.017229 -0.038891 0.073451
v -0.017271 -0.037343 0.073342
v -0.017127 -0.037284 0.073497
v -0.017229 -0.037326 0.073451
v -0.017386 -0.039109 0.073342
v -0.017252 -0.039186 0.073497
v -0.017347 -0.039131 0.073451
v -0.017386 -0.037109 0.073342
v -0.017252 -0.037031 0.073497
v -0.017347 -0.037086 0.073451
v 0.008881 -0.038109 0.073342
v 0.008726 -0.038108 0.073497
v 0.008836 -0.038109 0.073451
v -0.017119 -0.038109 0.073342
v -0.016963 -0.038109 0.073497
v -0.017073 -0.038109 0.073451
v 0.008887 -0.038190 0.073342
v 0.008731 -0.038190 0.073497
v 0.008841 -0.038190 0.073451
v -0.017124 -0.038027 0.073342
v -0.016968 -0.038028 0.073497
v -0.017078 -0.038027 0.073451
v -0.017136 -0.038370 0.073342
v -0.016981 -0.038390 0.073497
v -0.017090 -0.038376 0.073451
v -0.017136 -0.037848 0.073342
v -0.016981 -0.037827 0.073497
v -0.017090 -0.037842 0.073451
v 0.008950 -0.037591 0.073342
v 0.008799 -0.037551 0.073497
v 0.008906 -0.037579 0.073451
v 0.008950 -0.038626 0.073342
v 0.008799 -0.038667 0.073497
v 0.008906 -0.038638 0.073451
v 0.008899 -0.037848 0.073342
v 0.008744 -0.037828 0.073497
v 0.008853 -0.037842 0.073451
v 0.008899 -0.038370 0.073342
v 0.008744 -0.038390 0.073497
v 0.008853 -0.038376 0.073451
v -0.017187 -0.038626 0.073342
v -0.017036 -0.038667 0.073497
v -0.017143 -0.038638 0.073451
v -0.017187 -0.037591 0.073342
v -0.017036 -0.037551 0.073497
v -0.017143 -0.037579 0.073451
v 0.009149 -0.039109 0.073342
v 0.009015 -0.039186 0.073497
v 0.009110 -0.039131 0.073451
v 0.009149 -0.037109 0.073342
v 0.009015 -0.037031 0.073497
v 0.009110 -0.037086 0.073451
v 0.009467 -0.039523 0.073342
v 0.009357 -0.039633 0.073497
v 0.009435 -0.039555 0.073451
v 0.009467 -0.036694 0.073342
v 0.009357 -0.036584 0.073497
v 0.009435 -0.036662 0.073451
v 0.009295 -0.039326 0.073342
v 0.009171 -0.039421 0.073497
v 0.009259 -0.039354 0.073451
v 0.009295 -0.036891 0.073342
v 0.009171 -0.036796 0.073497
v 0.009259 -0.036863 0.073451
v 0.010116 -0.039956 0.073342
v 0.010057 -0.040100 0.073497
v 0.010099 -0.039999 0.073451
v 0.009881 -0.039841 0.073342
v 0.009804 -0.039976 0.073497
v 0.009859 -0.039880 0.073451
v 0.009881 -0.036377 0.073342
v 0.009804 -0.036242 0.073497
v 0.009859 -0.036337 0.073451
v 0.010364 -0.036177 0.073342
v 0.010324 -0.036027 0.073497
v 0.010352 -0.036133 0.073451
v 0.010620 -0.040092 0.073342
v 0.010600 -0.040246 0.073497
v 0.010614 -0.040137 0.073451
v 0.010620 -0.036126 0.073342
v 0.010600 -0.035971 0.073497
v 0.010614 -0.036081 0.073451
v 0.010364 -0.040041 0.073342
v 0.010324 -0.040191 0.073497
v 0.010352 -0.040085 0.073451
v 0.010116 -0.036261 0.073342
v 0.010057 -0.036117 0.073497
v 0.010099 -0.036219 0.073451
v 0.009664 -0.039695 0.073342
v 0.009569 -0.039819 0.073497
v 0.009636 -0.039732 0.073451
v 0.009664 -0.036522 0.073342
v 0.009569 -0.036399 0.073497
v 0.009636 -0.036486 0.073451
v -0.017704 -0.039523 0.073342
v -0.017594 -0.039633 0.073497
v -0.017672 -0.039555 0.073451
v 0.009034 -0.038874 0.073342
v 0.008890 -0.038934 0.073497
v 0.008992 -0.038891 0.073451
v 0.009034 -0.037343 0.073342
v 0.008890 -0.037284 0.073497
v 0.008992 -0.037326 0.073451
v -0.017704 -0.036694 0.073342
v -0.017594 -0.036584 0.073497
v -0.017672 -0.036662 0.073451
v 0.010881 -0.040109 0.073342
v 0.010881 -0.040264 0.073497
v 0.010881 -0.040154 0.073451
v 0.011143 -0.040092 0.073342
v 0.011163 -0.040246 0.073497
v 0.011148 -0.040137 0.073451
v 0.011143 -0.036126 0.073342
v 0.011163 -0.035971 0.073497
v 0.011148 -0.036081 0.073451
v 0.011881 -0.039841 0.073342
v 0.011959 -0.039976 0.073497
v 0.011904 -0.039880 0.073451
v 0.011647 -0.039956 0.073342
v 0.011706 -0.040100 0.073497
v 0.011664 -0.039999 0.073451
v 0.011647 -0.036261 0.073342
v 0.011706 -0.036117 0.073497
v 0.011664 -0.036219 0.073451
v 0.011399 -0.040041 0.073342
v 0.011439 -0.040191 0.073497
v 0.011411 -0.040085 0.073451
v 0.011399 -0.036177 0.073342
v 0.011439 -0.036027 0.073497
v 0.011411 -0.036133 0.073451
v 0.012296 -0.036694 0.073342
v 0.012406 -0.036585 0.073497
v 0.012328 -0.036662 0.073451
v 0.012234 -0.036641 0.073342
v 0.012344 -0.036531 0.073497
v 0.012267 -0.036608 0.073451
v 0.012296 -0.039523 0.073342
v 0.012406 -0.039633 0.073497
v 0.012328 -0.039555 0.073451
v 0.012099 -0.036522 0.073342
v 0.012194 -0.036398 0.073497
v 0.012127 -0.036486 0.073451
v 0.012614 -0.039109 0.073342
v 0.012748 -0.039186 0.073497
v 0.012653 -0.039131 0.073451
v 0.012614 -0.037109 0.073342
v 0.012748 -0.037031 0.073497
v 0.012653 -0.037086 0.073451
v 0.012468 -0.039326 0.073342
v 0.012592 -0.039421 0.073497
v 0.012504 -0.039354 0.073451
v 0.012468 -0.036891 0.073342
v 0.012592 -0.036796 0.073497
v 0.012504 -0.036863 0.073451
v 0.012099 -0.039695 0.073342
v 0.012194 -0.039819 0.073497
v 0.012127 -0.039732 0.073451
v 0.011881 -0.036377 0.073342
v 0.011959 -0.036242 0.073497
v 0.011904 -0.036337 0.073451
v 0.012813 -0.038626 0.073342
v 0.012964 -0.038667 0.073497
v 0.012857 -0.038638 0.073451
v 0.012813 -0.037591 0.073342
v 0.012964 -0.037551 0.073497
v 0.012857 -0.037579 0.073451
v 0.012881 -0.038109 0.073342
v 0.013037 -0.038109 0.073497
v 0.012927 -0.038109 0.073451
v 0.043651 -0.003402 0.073342
v 0.043496 -0.003423 0.073497
v 0.043606 -0.003408 0.073451
v 0.043631 -0.003109 0.073342
v 0.043476 -0.003109 0.073497
v 0.043586 -0.003109 0.073451
v 0.012864 -0.038370 0.073342
v 0.013019 -0.038390 0.073497
v 0.012910 -0.038376 0.073451
v 0.012864 -0.037848 0.073342
v 0.013019 -0.037827 0.073497
v 0.012910 -0.037842 0.073451
v 0.043803 -0.002248 0.073342
v 0.043659 -0.002188 0.073497
v 0.043761 -0.002230 0.073451
v 0.043803 -0.003970 0.073342
v 0.043659 -0.004029 0.073497
v 0.043761 -0.003987 0.073451
v 0.043708 -0.002526 0.073342
v 0.043558 -0.002486 0.073497
v 0.043664 -0.002515 0.073451
v 0.044096 -0.004478 0.073342
v 0.043973 -0.004573 0.073497
v 0.044060 -0.004506 0.073451
v 0.044096 -0.001739 0.073342
v 0.043973 -0.001644 0.073497
v 0.044060 -0.001711 0.073451
v 0.043933 -0.004234 0.073342
v 0.043798 -0.004311 0.073497
v 0.043893 -0.004256 0.073451
v 0.043933 -0.001984 0.073342
v 0.043798 -0.001906 0.073497
v 0.043893 -0.001961 0.073451
v 0.043708 -0.003691 0.073342
v 0.043558 -0.003731 0.073497
v 0.043664 -0.003703 0.073451
v 0.043651 -0.002815 0.073342
v 0.043496 -0.002795 0.073497
v 0.043606 -0.002809 0.073451
v 0.012729 -0.038874 0.073342
v 0.012873 -0.038934 0.073497
v 0.012771 -0.038891 0.073451
v 0.012729 -0.037343 0.073342
v 0.012873 -0.037284 0.073497
v 0.012771 -0.037326 0.073451
v 0.044290 -0.004700 0.073342
v 0.044180 -0.004810 0.073497
v 0.044258 -0.004732 0.073451
v 0.010881 -0.036109 0.073342
v 0.010881 -0.035953 0.073497
v 0.010881 -0.036063 0.073451
v 0.044360 -0.004760 0.073342
v 0.044249 -0.004870 0.073497
v 0.044327 -0.004792 0.073451
v 0.044512 -0.004894 0.073342
v 0.044417 -0.005017 0.073497
v 0.044484 -0.004930 0.073451
v 0.044512 -0.001324 0.073342
v 0.044417 -0.001200 0.073497
v 0.044484 -0.001287 0.073451
v 0.045299 -0.005282 0.073342
v 0.045259 -0.005432 0.073497
v 0.045287 -0.005326 0.073451
v 0.045020 -0.005187 0.073342
v 0.044961 -0.005331 0.073497
v 0.045003 -0.005230 0.073451
v 0.045020 -0.001030 0.073342
v 0.044961 -0.000886 0.073497
v 0.045003 -0.000988 0.073451
v 0.044756 -0.005057 0.073342
v 0.044679 -0.005192 0.073497
v 0.044734 -0.005097 0.073451
v 0.044756 -0.001160 0.073342
v 0.044679 -0.001025 0.073497
v 0.044734 -0.001121 0.073451
v 0.045881 -0.000859 0.073342
v 0.045881 -0.000703 0.073497
v 0.045881 -0.000813 0.073451
v 0.045881 -0.005359 0.073342
v 0.045881 -0.005514 0.073497
v 0.045881 -0.005404 0.073451
v 0.045588 -0.000878 0.073342
v 0.045567 -0.000724 0.073497
v 0.045582 -0.000833 0.073451
v 0.046464 -0.005282 0.073342
v 0.046504 -0.005432 0.073497
v 0.046476 -0.005326 0.073451
v 0.046464 -0.000935 0.073342
v 0.046504 -0.000785 0.073497
v 0.046476 -0.000891 0.073451
v 0.046175 -0.005339 0.073342
v 0.046195 -0.005494 0.073497
v 0.046181 -0.005385 0.073451
v 0.046175 -0.000878 0.073342
v 0.046195 -0.000724 0.073497
v 0.046181 -0.000833 0.073451
v 0.045588 -0.005339 0.073342
v 0.045567 -0.005494 0.073497
v 0.045582 -0.005385 0.073451
v 0.045299 -0.000935 0.073342
v 0.045259 -0.000785 0.073497
v 0.045287 -0.000891 0.073451
v 0.047006 -0.005057 0.073342
v 0.047084 -0.005192 0.073497
v 0.047029 -0.005097 0.073451
v 0.047006 -0.001160 0.073342
v 0.047084 -0.001025 0.073497
v 0.047029 -0.001121 0.073451
v 0.047667 -0.004478 0.073342
v 0.047790 -0.004573 0.073497
v 0.047703 -0.004506 0.073451
v 0.047472 -0.004700 0.073342
v 0.047583 -0.004810 0.073497
v 0.047505 -0.004732 0.073451
v 0.047472 -0.001518 0.073342
v 0.047583 -0.001408 0.073497
v 0.047505 -0.001485 0.073451
v 0.047251 -0.004894 0.073342
v 0.047346 -0.005017 0.073497
v 0.047279 -0.004930 0.073451
v 0.047251 -0.001324 0.073342
v 0.047346 -0.001200 0.073497
v 0.047279 -0.001287 0.073451
v 0.047960 -0.002248 0.073342
v 0.048104 -0.002188 0.073497
v 0.048002 -0.002230 0.073451
v 0.047960 -0.003970 0.073342
v 0.048104 -0.004029 0.073497
v 0.048002 -0.003987 0.073451
v 0.047830 -0.001984 0.073342
v 0.047965 -0.001906 0.073497
v 0.047870 -0.001961 0.073451
v 0.048131 -0.003109 0.073342
v 0.048287 -0.003109 0.073497
v 0.048177 -0.003109 0.073451
v 0.048112 -0.002815 0.073342
v 0.048267 -0.002795 0.073497
v 0.048157 -0.002809 0.073451
v 0.048055 -0.003691 0.073342
v 0.048205 -0.003731 0.073497
v 0.048099 -0.003703 0.073451
v 0.048112 -0.003402 0.073342
v 0.048267 -0.003423 0.073497
v 0.048157 -0.003408 0.073451
v 0.048055 -0.002526 0.073342
v 0.048205 -0.002486 0.073497
v 0.048099 -0.002515 0.073451
v 0.047830 -0.004234 0.073342
v 0.047965 -0.004311 0.073497
v 0.047870 -0.004256 0.073451
v 0.047667 -0.001739 0.073342
v 0.047790 -0.001644 0.073497
v 0.047703 -0.001711 0.073451
v 0.046743 -0.001030 0.073342
v 0.046802 -0.000886 0.073497
v 0.046760 -0.000988 0.073451
v 0.046743 -0.005187 0.073342
v 0.046802 -0.005331 0.073497
v 0.046760 -0.005230 0.073451
v 0.044290 -0.001518 0.073342
v 0.044180 -0.001408 0.073497
v 0.044258 -0.001485 0.073451
v -0.056369 -0.103109 0.073342
v -0.056524 -0.103109 0.073497
v -0.056414 -0.103109 0.073451
v -0.056292 -0.103691 0.073342
v -0.056442 -0.103731 0.073497
v -0.056336 -0.103703 0.073451
v -0.056349 -0.103402 0.073342
v -0.056504 -0.103423 0.073497
v -0.056394 -0.103408 0.073451
v -0.056349 -0.102815 0.073342
v -0.056504 -0.102795 0.073497
v -0.056394 -0.102809 0.073451
v -0.056197 -0.103970 0.073342
v -0.056341 -0.104029 0.073497
v -0.056239 -0.103987 0.073451
v -0.056197 -0.102248 0.073342
v -0.056341 -0.102188 0.073497
v -0.056239 -0.102230 0.073451
v -0.056067 -0.104234 0.073342
v -0.056202 -0.104312 0.073497
v -0.056107 -0.104256 0.073451
v -0.056292 -0.102526 0.073342
v -0.056442 -0.102486 0.073497
v -0.056336 -0.102515 0.073451
v -0.056067 -0.101984 0.073342
v -0.056202 -0.101906 0.073497
v -0.056107 -0.101961 0.073451
v -0.055710 -0.104700 0.073342
v -0.055820 -0.104810 0.073497
v -0.055742 -0.104732 0.073451
v -0.055904 -0.104478 0.073342
v -0.056027 -0.104573 0.073497
v -0.055940 -0.104506 0.073451
v -0.055904 -0.101739 0.073342
v -0.056027 -0.101644 0.073497
v -0.055940 -0.101711 0.073451
v -0.055244 -0.101160 0.073342
v -0.055321 -0.101025 0.073497
v -0.055266 -0.101121 0.073451
v -0.055244 -0.105057 0.073342
v -0.055321 -0.105192 0.073497
v -0.055266 -0.105097 0.073451
v -0.055488 -0.101324 0.073342
v -0.055583 -0.101200 0.073497
v -0.055516 -0.101287 0.073451
v -0.055488 -0.104894 0.073342
v -0.055583 -0.105017 0.073497
v -0.055516 -0.104930 0.073451
v -0.055710 -0.101518 0.073342
v -0.055820 -0.101408 0.073497
v -0.055742 -0.101485 0.073451
v -0.054701 -0.105282 0.073342
v -0.054741 -0.105432 0.073497
v -0.054713 -0.105326 0.073451
v -0.054701 -0.100935 0.073342
v -0.054741 -0.100785 0.073497
v -0.054713 -0.100891 0.073451
v -0.054119 -0.105359 0.073342
v -0.054119 -0.105514 0.073497
v -0.054119 -0.105404 0.073451
v -0.054119 -0.100859 0.073342
v -0.054119 -0.100703 0.073497
v -0.054119 -0.100813 0.073451
v -0.054412 -0.105339 0.073342
v -0.054433 -0.105494 0.073497
v -0.054418 -0.105385 0.073451
v -0.054412 -0.100878 0.073342
v -0.054433 -0.100724 0.073497
v -0.054418 -0.100833 0.073451
v -0.053257 -0.105187 0.073342
v -0.053198 -0.105331 0.073497
v -0.053240 -0.105230 0.073451
v -0.053536 -0.105282 0.073342
v -0.053496 -0.105432 0.073497
v -0.053524 -0.105326 0.073451
v -0.053536 -0.100935 0.073342
v -0.053496 -0.100785 0.073497
v -0.053524 -0.100891 0.073451
v -0.052597 -0.101457 0.073342
v -0.052486 -0.101347 0.073497
v -0.052564 -0.101425 0.073451
v -0.052749 -0.101324 0.073342
v -0.052654 -0.101200 0.073497
v -0.052721 -0.101287 0.073451
v -0.052749 -0.104894 0.073342
v -0.052654 -0.105017 0.073497
v -0.052721 -0.104930 0.073451
v -0.052994 -0.101160 0.073342
v -0.052916 -0.101025 0.073497
v -0.052971 -0.101121 0.073451
v -0.052994 -0.105057 0.073342
v -0.052916 -0.105192 0.073497
v -0.052971 -0.105097 0.073451
v -0.053257 -0.101030 0.073342
v -0.053198 -0.100886 0.073497
v -0.053240 -0.100988 0.073451
v -0.053825 -0.105339 0.073342
v -0.053805 -0.105494 0.073497
v -0.053819 -0.105385 0.073451
v -0.053825 -0.100878 0.073342
v -0.053805 -0.100724 0.073497
v -0.053819 -0.100833 0.073451
v -0.054980 -0.105187 0.073342
v -0.055039 -0.105331 0.073497
v -0.054997 -0.105230 0.073451
v -0.054980 -0.101030 0.073342
v -0.055039 -0.100886 0.073497
v -0.054997 -0.100988 0.073451
v -0.052333 -0.104478 0.073342
v -0.052210 -0.104573 0.073497
v -0.052297 -0.104506 0.073451
v -0.052333 -0.101739 0.073342
v -0.052210 -0.101644 0.073497
v -0.052297 -0.101711 0.073451
v -0.052040 -0.103970 0.073342
v -0.051896 -0.104029 0.073497
v -0.051998 -0.103987 0.073451
v -0.052040 -0.102248 0.073342
v -0.051896 -0.102188 0.073497
v -0.051998 -0.102230 0.073451
v -0.052170 -0.104234 0.073342
v -0.052035 -0.104311 0.073497
v -0.052130 -0.104256 0.073451
v -0.052170 -0.101984 0.073342
v -0.052035 -0.101906 0.073497
v -0.052130 -0.101961 0.073451
v -0.051869 -0.103109 0.073342
v -0.051713 -0.103109 0.073497
v -0.051823 -0.103109 0.073451
v -0.051888 -0.103402 0.073342
v -0.051733 -0.103423 0.073497
v -0.051843 -0.103408 0.073451
v -0.051888 -0.102815 0.073342
v -0.051733 -0.102795 0.073497
v -0.051843 -0.102809 0.073451
v -0.021050 -0.067591 0.073342
v -0.021201 -0.067551 0.073497
v -0.021094 -0.067579 0.073451
v -0.021050 -0.068626 0.073342
v -0.021201 -0.068667 0.073497
v -0.021094 -0.068638 0.073451
v -0.021101 -0.067848 0.073342
v -0.021256 -0.067827 0.073497
v -0.021147 -0.067842 0.073451
v -0.021101 -0.068370 0.073342
v -0.021256 -0.068390 0.073497
v -0.021147 -0.068376 0.073451
v -0.021119 -0.068109 0.073342
v -0.021274 -0.068109 0.073497
v -0.021164 -0.068109 0.073451
v -0.051945 -0.103691 0.073342
v -0.051795 -0.103731 0.073497
v -0.051901 -0.103703 0.073451
v -0.051945 -0.102526 0.073342
v -0.051795 -0.102486 0.073497
v -0.051901 -0.102515 0.073451
v -0.020851 -0.069109 0.073342
v -0.020985 -0.069186 0.073497
v -0.020890 -0.069131 0.073451
v -0.020851 -0.067109 0.073342
v -0.020985 -0.067031 0.073497
v -0.020890 -0.067086 0.073451
v -0.020533 -0.069523 0.073342
v -0.020643 -0.069633 0.073497
v -0.020565 -0.069555 0.073451
v -0.020471 -0.069577 0.073342
v -0.020582 -0.069687 0.073497
v -0.020504 -0.069609 0.073451
v -0.020533 -0.066694 0.073342
v -0.020643 -0.066584 0.073497
v -0.020565 -0.066662 0.073451
v -0.020705 -0.069326 0.073342
v -0.020829 -0.069421 0.073497
v -0.020741 -0.069354 0.073451
v -0.020705 -0.066891 0.073342
v -0.020829 -0.066796 0.073497
v -0.020741 -0.066863 0.073451
v -0.019884 -0.069956 0.073342
v -0.019943 -0.070100 0.073497
v -0.019901 -0.069999 0.073451
v -0.020119 -0.069841 0.073342
v -0.020196 -0.069975 0.073497
v -0.020141 -0.069880 0.073451
v -0.020119 -0.066377 0.073342
v -0.020196 -0.066242 0.073497
v -0.020141 -0.066337 0.073451
v -0.019380 -0.066126 0.073342
v -0.019400 -0.065972 0.073497
v -0.019386 -0.066081 0.073451
v -0.019380 -0.070092 0.073342
v -0.019400 -0.070246 0.073497
v -0.019386 -0.070137 0.073451
v -0.019636 -0.066177 0.073342
v -0.019676 -0.066027 0.073497
v -0.019648 -0.066133 0.073451
v -0.019636 -0.070041 0.073342
v -0.019676 -0.070191 0.073497
v -0.019648 -0.070085 0.073451
v -0.019884 -0.066261 0.073342
v -0.019943 -0.066117 0.073497
v -0.019901 -0.066219 0.073451
v -0.020336 -0.069695 0.073342
v -0.020431 -0.069819 0.073497
v -0.020364 -0.069732 0.073451
v -0.020336 -0.066522 0.073342
v -0.020431 -0.066399 0.073497
v -0.020364 -0.066486 0.073451
v -0.052528 -0.101518 0.073342
v -0.052417 -0.101408 0.073497
v -0.052495 -0.101486 0.073451
v -0.020966 -0.068874 0.073342
v -0.021110 -0.068934 0.073497
v -0.021008 -0.068891 0.073451
v -0.020966 -0.067343 0.073342
v -0.021110 -0.067284 0.073497
v -0.021008 -0.067326 0.073451
v -0.052528 -0.104700 0.073342
v -0.052417 -0.104810 0.073497
v -0.052495 -0.104732 0.073451
v -0.018857 -0.070092 0.073342
v -0.018837 -0.070246 0.073497
v -0.018852 -0.070137 0.073451
v -0.018857 -0.066126 0.073342
v -0.018837 -0.065972 0.073497
v -0.018852 -0.066081 0.073451
v -0.018353 -0.069956 0.073342
v -0.018294 -0.070100 0.073497
v -0.018336 -0.069999 0.073451
v -0.018353 -0.066261 0.073342
v -0.018294 -0.066117 0.073497
v -0.018336 -0.066219 0.073451
v -0.018601 -0.070041 0.073342
v -0.018561 -0.070191 0.073497
v -0.018589 -0.070085 0.073451
v -0.018601 -0.066177 0.073342
v -0.018561 -0.066027 0.073497
v -0.018589 -0.066133 0.073451
v -0.017704 -0.069523 0.073342
v -0.017594 -0.069633 0.073497
v -0.017672 -0.069555 0.073451
v -0.017901 -0.069695 0.073342
v -0.017806 -0.069819 0.073497
v -0.017873 -0.069732 0.073451
v -0.017901 -0.066522 0.073342
v -0.017806 -0.066399 0.073497
v -0.017873 -0.066486 0.073451
v -0.017386 -0.067109 0.073342
v -0.017252 -0.067031 0.073497
v -0.017347 -0.067086 0.073451
v -0.017386 -0.069109 0.073342
v -0.017252 -0.069186 0.073497
v -0.017347 -0.069131 0.073451
v -0.017532 -0.066891 0.073342
v -0.017408 -0.066796 0.073497
v -0.017496 -0.066863 0.073451
v -0.017532 -0.069326 0.073342
v -0.017408 -0.069421 0.073497
v -0.017496 -0.069354 0.073451
v -0.017704 -0.066694 0.073342
v -0.017594 -0.066584 0.073497
v -0.017672 -0.066662 0.073451
v -0.018119 -0.069841 0.073342
v -0.018041 -0.069976 0.073497
v -0.018096 -0.069880 0.073451
v -0.018119 -0.066377 0.073342
v -0.018041 -0.066242 0.073497
v -0.018096 -0.066337 0.073451
v -0.017187 -0.068626 0.073342
v -0.017036 -0.068667 0.073497
v -0.017143 -0.068638 0.073451
v -0.017187 -0.067591 0.073342
v -0.017036 -0.067551 0.073497
v -0.017143 -0.067579 0.073451
v -0.017119 -0.068109 0.073342
v -0.016963 -0.068109 0.073497
v -0.017073 -0.068109 0.073451
v -0.017124 -0.068027 0.073342
v -0.016968 -0.068028 0.073497
v -0.017078 -0.068027 0.073451
v 0.008881 -0.068109 0.073342
v 0.008726 -0.068108 0.073497
v 0.008836 -0.068109 0.073451
v 0.008887 -0.068190 0.073342
v 0.008731 -0.068190 0.073497
v 0.008841 -0.068190 0.073451
v 0.008899 -0.068370 0.073342
v 0.008744 -0.068390 0.073497
v 0.008853 -0.068376 0.073451
v -0.017136 -0.067848 0.073342
v -0.016981 -0.067827 0.073497
v -0.017090 -0.067842 0.073451
v 0.008899 -0.067848 0.073342
v 0.008744 -0.067828 0.073497
v 0.008853 -0.067842 0.073451
v -0.017136 -0.068370 0.073342
v -0.016981 -0.068390 0.073497
v -0.017090 -0.068376 0.073451
v 0.009034 -0.068874 0.073342
v 0.008890 -0.068934 0.073497
v 0.008992 -0.068891 0.073451
v 0.008950 -0.068626 0.073342
v 0.008799 -0.068667 0.073497
v 0.008906 -0.068638 0.073451
v 0.008950 -0.067591 0.073342
v 0.008799 -0.067551 0.073497
v 0.008906 -0.067579 0.073451
v 0.009295 -0.066891 0.073342
v 0.009171 -0.066796 0.073497
v 0.009259 -0.066863 0.073451
v 0.009295 -0.069326 0.073342
v 0.009171 -0.069421 0.073497
v 0.009259 -0.069354 0.073451
v 0.009149 -0.067109 0.073342
v 0.009015 -0.067031 0.073497
v 0.009110 -0.067086 0.073451
v 0.009149 -0.069109 0.073342
v 0.009015 -0.069186 0.073497
v 0.009110 -0.069131 0.073451
v 0.009034 -0.067343 0.073342
v 0.008890 -0.067284 0.073497
v 0.008992 -0.067326 0.073451
v -0.017271 -0.068874 0.073342
v -0.017127 -0.068934 0.073497
v -0.017229 -0.068891 0.073451
v -0.017271 -0.067343 0.073342
v -0.017127 -0.067284 0.073497
v -0.017229 -0.067326 0.073451
v 0.009664 -0.069695 0.073342
v 0.009569 -0.069819 0.073497
v 0.009636 -0.069732 0.073451
v 0.009664 -0.066522 0.073342
v 0.009569 -0.066399 0.073497
v 0.009636 -0.066486 0.073451
v 0.010116 -0.069956 0.073342
v 0.010057 -0.070100 0.073497
v 0.010099 -0.069999 0.073451
v 0.010116 -0.066261 0.073342
v 0.010057 -0.066117 0.073497
v 0.010099 -0.066219 0.073451
v 0.009881 -0.069841 0.073342
v 0.009804 -0.069976 0.073497
v 0.009859 -0.069880 0.073451
v 0.009881 -0.066377 0.073342
v 0.009804 -0.066242 0.073497
v 0.009859 -0.066337 0.073451
v 0.010881 -0.070109 0.073342
v 0.010881 -0.070264 0.073497
v 0.010881 -0.070154 0.073451
v 0.010620 -0.070092 0.073342
v 0.010600 -0.070246 0.073497
v 0.010614 -0.070137 0.073451
v 0.010620 -0.066126 0.073342
v 0.010600 -0.065972 0.073497
v 0.010614 -0.066081 0.073451
v 0.011399 -0.066177 0.073342
v 0.011439 -0.066027 0.073497
v 0.011411 -0.066133 0.073451
v 0.011399 -0.070041 0.073342
v 0.011439 -0.070191 0.073497
v 0.011411 -0.070085 0.073451
v 0.011143 -0.066126 0.073342
v 0.011163 -0.065972 0.073497
v 0.011148 -0.066081 0.073451
v 0.011143 -0.070092 0.073342
v 0.011163 -0.070246 0.073497
v 0.011148 -0.070137 0.073451
v 0.010881 -0.066109 0.073342
v 0.010881 -0.065953 0.073497
v 0.010881 -0.066063 0.073451
v 0.010364 -0.070041 0.073342
v 0.010324 -0.070191 0.073497
v 0.010352 -0.070085 0.073451
v 0.010364 -0.066177 0.073342
v 0.010324 -0.066027 0.073497
v 0.010352 -0.066133 0.073451
v 0.011881 -0.069841 0.073342
v 0.011959 -0.069975 0.073497
v 0.011904 -0.069880 0.073451
v 0.011881 -0.066377 0.073342
v 0.011959 -0.066242 0.073497
v 0.011904 -0.066337 0.073451
v 0.012406 -0.069633 0.073497
v 0.012296 -0.069523 0.073342
v 0.012328 -0.069555 0.073451
v 0.012350 -0.069461 0.073342
v 0.012459 -0.069572 0.073497
v 0.012382 -0.069494 0.073451
v 0.012296 -0.066694 0.073342
v 0.012406 -0.066584 0.073497
v 0.012328 -0.066662 0.073451
v 0.012099 -0.069695 0.073342
v 0.012194 -0.069819 0.073497
v 0.012127 -0.069732 0.073451
v 0.012099 -0.066522 0.073342
v 0.012194 -0.066399 0.073497
v 0.012127 -0.066486 0.073451
v 0.012729 -0.068874 0.073342
v 0.012873 -0.068934 0.073497
v 0.012771 -0.068891 0.073451
v 0.012614 -0.069109 0.073342
v 0.012748 -0.069186 0.073497
v 0.012653 -0.069131 0.073451
v 0.012614 -0.067109 0.073342
v 0.012748 -0.067031 0.073497
v 0.012653 -0.067086 0.073451
v 0.012813 -0.067591 0.073342
v 0.012964 -0.067551 0.073497
v 0.012857 -0.067579 0.073451
v 0.012881 -0.068109 0.073342
v 0.013037 -0.068109 0.073497
v 0.012927 -0.068109 0.073451
v 0.012864 -0.068370 0.073342
v 0.013019 -0.068390 0.073497
v 0.012910 -0.068376 0.073451
v 0.012864 -0.067848 0.073342
v 0.013019 -0.067827 0.073497
v 0.012910 -0.067842 0.073451
v 0.012813 -0.068626 0.073342
v 0.012964 -0.068667 0.073497
v 0.012857 -0.068638 0.073451
v 0.012729 -0.067343 0.073342
v 0.012873 -0.067284 0.073497
v 0.012771 -0.067326 0.073451
v 0.012468 -0.069326 0.073342
v 0.012592 -0.069421 0.073497
v 0.012504 -0.069354 0.073451
v 0.012468 -0.066891 0.073342
v 0.012592 -0.066796 0.073497
v 0.012504 -0.066863 0.073451
v 0.011647 -0.069956 0.073342
v 0.011706 -0.070100 0.073497
v 0.011664 -0.069999 0.073451
v 0.011647 -0.066261 0.073342
v 0.011706 -0.066117 0.073497
v 0.011664 -0.066219 0.073451
v 0.009467 -0.069523 0.073342
v 0.009357 -0.069633 0.073497
v 0.009435 -0.069555 0.073451
v 0.009467 -0.066694 0.073342
v 0.009357 -0.066584 0.073497
v 0.009435 -0.066662 0.073451
v -0.019119 -0.066109 0.073342
v -0.019119 -0.065953 0.073497
v -0.019119 -0.066063 0.073451
v -0.019119 -0.070109 0.073342
v -0.019119 -0.070264 0.073497
v -0.019119 -0.070154 0.073451
v 0.043631 -0.103109 0.073342
v 0.043476 -0.103109 0.073497
v 0.043586 -0.103109 0.073451
v 0.043651 -0.103402 0.073342
v 0.043496 -0.103423 0.073497
v 0.043606 -0.103408 0.073451
v 0.043651 -0.102815 0.073342
v 0.043496 -0.102795 0.073497
v 0.043606 -0.102809 0.073451
v 0.043933 -0.104234 0.073342
v 0.043798 -0.104311 0.073497
v 0.043893 -0.104256 0.073451
v 0.043803 -0.103970 0.073342
v 0.043659 -0.104029 0.073497
v 0.043761 -0.103987 0.073451
v 0.043803 -0.102248 0.073342
v 0.043659 -0.102188 0.073497
v 0.043761 -0.102230 0.073451
v 0.043708 -0.103691 0.073342
v 0.043558 -0.103731 0.073497
v 0.043664 -0.103703 0.073451
v 0.043708 -0.102526 0.073342
v 0.043558 -0.102486 0.073497
v 0.043664 -0.102515 0.073451
v 0.044181 -0.101407 0.073497
v 0.044290 -0.101518 0.073342
v 0.044258 -0.101485 0.073451
v 0.044230 -0.101587 0.073342
v 0.044120 -0.101477 0.073497
v 0.044198 -0.101555 0.073451
v 0.044290 -0.104700 0.073342
v 0.044180 -0.104810 0.073497
v 0.044258 -0.104732 0.073451
v 0.044096 -0.101739 0.073342
v 0.043973 -0.101644 0.073497
v 0.044060 -0.101711 0.073451
v 0.044756 -0.105057 0.073342
v 0.044679 -0.105192 0.073497
v 0.044734 -0.105097 0.073451
v 0.044756 -0.101160 0.073342
v 0.044679 -0.101025 0.073497
v 0.044734 -0.101121 0.073451
v 0.044512 -0.104894 0.073342
v 0.044417 -0.105017 0.073497
v 0.044484 -0.104930 0.073451
v 0.044512 -0.101324 0.073342
v 0.044417 -0.101200 0.073497
v 0.044484 -0.101287 0.073451
v 0.044096 -0.104478 0.073342
v 0.043973 -0.104573 0.073497
v 0.044060 -0.104506 0.073451
v 0.043933 -0.101984 0.073342
v 0.043798 -0.101906 0.073497
v 0.043893 -0.101961 0.073451
v 0.045299 -0.105282 0.073342
v 0.045259 -0.105432 0.073497
v 0.045287 -0.105326 0.073451
v 0.045299 -0.100935 0.073342
v 0.045259 -0.100785 0.073497
v 0.045287 -0.100891 0.073451
v 0.046175 -0.105339 0.073342
v 0.046195 -0.105494 0.073497
v 0.046181 -0.105385 0.073451
v 0.045881 -0.105359 0.073342
v 0.045881 -0.105514 0.073497
v 0.045881 -0.105404 0.073451
v 0.045881 -0.100859 0.073342
v 0.045881 -0.100703 0.073497
v 0.045881 -0.100813 0.073451
v 0.045588 -0.105339 0.073342
v 0.045567 -0.105494 0.073497
v 0.045582 -0.105385 0.073451
v 0.045588 -0.100878 0.073342
v 0.045567 -0.100724 0.073497
v 0.045582 -0.100833 0.073451
v 0.046743 -0.101030 0.073342
v 0.046802 -0.100886 0.073497
v 0.046760 -0.100988 0.073451
v 0.046743 -0.105187 0.073342
v 0.046802 -0.105331 0.073497
v 0.046760 -0.105230 0.073451
v 0.046464 -0.100935 0.073342
v 0.046504 -0.100785 0.073497
v 0.046476 -0.100891 0.073451
v 0.047251 -0.104894 0.073342
v 0.047346 -0.105017 0.073497
v 0.047279 -0.104930 0.073451
v 0.047251 -0.101324 0.073342
v 0.047346 -0.101200 0.073497
v 0.047279 -0.101287 0.073451
v 0.047006 -0.105057 0.073342
v 0.047084 -0.105192 0.073497
v 0.047029 -0.105097 0.073451
v 0.047006 -0.101160 0.073342
v 0.047084 -0.101025 0.073497
v 0.047029 -0.101121 0.073451
v 0.046464 -0.105282 0.073342
v 0.046504 -0.105432 0.073497
v 0.046476 -0.105326 0.073451
v 0.046175 -0.100878 0.073342
v 0.046195 -0.100724 0.073497
v 0.046181 -0.100833 0.073451
v 0.045020 -0.105187 0.073342
v 0.044961 -0.105331 0.073497
v 0.045003 -0.105230 0.073451
v 0.045020 -0.101030 0.073342
v 0.044961 -0.100886 0.073497
v 0.045003 -0.100988 0.073451
v 0.047667 -0.104478 0.073342
v 0.047790 -0.104573 0.073497
v 0.047703 -0.104506 0.073451
v 0.047667 -0.101739 0.073342
v 0.047790 -0.101644 0.073497
v 0.047703 -0.101711 0.073451
v 0.048055 -0.103691 0.073342
v 0.048205 -0.103731 0.073497
v 0.048099 -0.103703 0.073451
v 0.047960 -0.103970 0.073342
v 0.048104 -0.104029 0.073497
v 0.048002 -0.103987 0.073451
v 0.047960 -0.102248 0.073342
v 0.048104 -0.102188 0.073497
v 0.048002 -0.102230 0.073451
v 0.047830 -0.104234 0.073342
v 0.047965 -0.104311 0.073497
v 0.047869 -0.104256 0.073451
v 0.047830 -0.101984 0.073342
v 0.047965 -0.101906 0.073497
v 0.047869 -0.101961 0.073451
v 0.168637 -0.103200 0.073342
v 0.168482 -0.103200 0.073497
v 0.168592 -0.103200 0.073451
v 0.168631 -0.103109 0.073342
v 0.168476 -0.103109 0.073497
v 0.168586 -0.103109 0.073451
v 0.048131 -0.103109 0.073342
v 0.048287 -0.103109 0.073497
v 0.048177 -0.103109 0.073451
v 0.048125 -0.103017 0.073342
v 0.048281 -0.103017 0.073497
v 0.048171 -0.103017 0.073451
v 0.048112 -0.102815 0.073342
v 0.048267 -0.102795 0.073497
v 0.048157 -0.102809 0.073451
v 0.168651 -0.003402 0.073342
v 0.168496 -0.003423 0.073497
v 0.168606 -0.003408 0.073451
v 0.168651 -0.103402 0.073342
v 0.168496 -0.103423 0.073497
v 0.168606 -0.103408 0.073451
v 0.048112 -0.103402 0.073342
v 0.048267 -0.103423 0.073497
v 0.048157 -0.103408 0.073451
v 0.168651 -0.102815 0.073342
v 0.168496 -0.102795 0.073497
v 0.168606 -0.102809 0.073451
v 0.168631 -0.003109 0.073342
v 0.168476 -0.003109 0.073497
v 0.168586 -0.003109 0.073451
v 0.048055 -0.102526 0.073342
v 0.048205 -0.102486 0.073497
v 0.048099 -0.102515 0.073451
v 0.168708 -0.102526 0.073342
v 0.168558 -0.102486 0.073497
v 0.168664 -0.102515 0.073451
v 0.168803 -0.002248 0.073342
v 0.168659 -0.002188 0.073497
v 0.168761 -0.002230 0.073451
v 0.168803 -0.103970 0.073342
v 0.168659 -0.104029 0.073497
v 0.168761 -0.103987 0.073451
v 0.168803 -0.102248 0.073342
v 0.168659 -0.102188 0.073497
v 0.168761 -0.102230 0.073451
v 0.168803 -0.003970 0.073342
v 0.168659 -0.004029 0.073497
v 0.168761 -0.003987 0.073451
v 0.168708 -0.002526 0.073342
v 0.168558 -0.002486 0.073497
v 0.168664 -0.002515 0.073451
v 0.169096 -0.004478 0.073342
v 0.168973 -0.004573 0.073497
v 0.169060 -0.004506 0.073451
v 0.169096 -0.101739 0.073342
v 0.168973 -0.101644 0.073497
v 0.169060 -0.101711 0.073451
v 0.169290 -0.101518 0.073342
v 0.169180 -0.101408 0.073497
v 0.169258 -0.101485 0.073451
v 0.169290 -0.004700 0.073342
v 0.169180 -0.004810 0.073497
v 0.169258 -0.004732 0.073451
v 0.169096 -0.104478 0.073342
v 0.168973 -0.104573 0.073497
v 0.169060 -0.104506 0.073451
v 0.169096 -0.001739 0.073342
v 0.168973 -0.001644 0.073497
v 0.169060 -0.001711 0.073451
v 0.168933 -0.104234 0.073342
v 0.168798 -0.104312 0.073497
v 0.168893 -0.104256 0.073451
v 0.168933 -0.101984 0.073342
v 0.168798 -0.101906 0.073497
v 0.168893 -0.101961 0.073451
v 0.168933 -0.004234 0.073342
v 0.168798 -0.004312 0.073497
v 0.168893 -0.004256 0.073451
v 0.168933 -0.001984 0.073342
v 0.168798 -0.001906 0.073497
v 0.168893 -0.001961 0.073451
v 0.169290 -0.104700 0.073342
v 0.169180 -0.104810 0.073497
v 0.169258 -0.104732 0.073451
v 0.168708 -0.103691 0.073342
v 0.168558 -0.103731 0.073497
v 0.168664 -0.103703 0.073451
v 0.047472 -0.101518 0.073342
v 0.047583 -0.101408 0.073497
v 0.047505 -0.101485 0.073451
v 0.168708 -0.003691 0.073342
v 0.168558 -0.003731 0.073497
v 0.168664 -0.003703 0.073451
v 0.168651 -0.002815 0.073342
v 0.168496 -0.002795 0.073497
v 0.168606 -0.002809 0.073451
v 0.047472 -0.104700 0.073342
v 0.047583 -0.104810 0.073497
v 0.047505 -0.104732 0.073451
v 0.169512 -0.101324 0.073342
v 0.169417 -0.101200 0.073497
v 0.169484 -0.101287 0.073451
v 0.169512 -0.004894 0.073342
v 0.169417 -0.005017 0.073497
v 0.169484 -0.004930 0.073451
v 0.169756 -0.105057 0.073342
v 0.169679 -0.105192 0.073497
v 0.169734 -0.105097 0.073451
v 0.169756 -0.101160 0.073342
v 0.169679 -0.101025 0.073497
v 0.169734 -0.101121 0.073451
v 0.169756 -0.005057 0.073342
v 0.169679 -0.005192 0.073497
v 0.169734 -0.005097 0.073451
v 0.169512 -0.104894 0.073342
v 0.169417 -0.105017 0.073497
v 0.169484 -0.104930 0.073451
v 0.169512 -0.001324 0.073342
v 0.169417 -0.001200 0.073497
v 0.169484 -0.001287 0.073451
v 0.170020 -0.005187 0.073342
v 0.169961 -0.005331 0.073497
v 0.170003 -0.005230 0.073451
v 0.170020 -0.101030 0.073342
v 0.169961 -0.100886 0.073497
v 0.170003 -0.100988 0.073451
v 0.170299 -0.100935 0.073342
v 0.170259 -0.100785 0.073497
v 0.170287 -0.100891 0.073451
v 0.170299 -0.005282 0.073342
v 0.170259 -0.005432 0.073497
v 0.170287 -0.005326 0.073451
v 0.170299 -0.105282 0.073342
v 0.170259 -0.105432 0.073497
v 0.170287 -0.105326 0.073451
v 0.170020 -0.001030 0.073342
v 0.169961 -0.000886 0.073497
v 0.170003 -0.000988 0.073451
v 0.170020 -0.105187 0.073342
v 0.169961 -0.105331 0.073497
v 0.170003 -0.105230 0.073451
v 0.169756 -0.001160 0.073342
v 0.169679 -0.001025 0.073497
v 0.169734 -0.001121 0.073451
v 0.170588 -0.100878 0.073342
v 0.170568 -0.100724 0.073497
v 0.170582 -0.100833 0.073451
v 0.170588 -0.005339 0.073342
v 0.170568 -0.005494 0.073497
v 0.170582 -0.005385 0.073451
v 0.170588 -0.000878 0.073342
v 0.170568 -0.000724 0.073497
v 0.170582 -0.000833 0.073451
v 0.170881 -0.100703 0.073497
v 0.170881 -0.100859 0.073342
v 0.170881 -0.100813 0.073451
v 0.170881 -0.005359 0.073342
v 0.170881 -0.005514 0.073497
v 0.170881 -0.005404 0.073451
v 0.170881 -0.105359 0.073342
v 0.170881 -0.105514 0.073497
v 0.170881 -0.105404 0.073451
v 0.170881 -0.000859 0.073342
v 0.170881 -0.000703 0.073497
v 0.170881 -0.000813 0.073451
v 0.171175 -0.100878 0.073342
v 0.171195 -0.100724 0.073497
v 0.171181 -0.100833 0.073451
v 0.171175 -0.005339 0.073342
v 0.171195 -0.005494 0.073497
v 0.171181 -0.005385 0.073451
v 0.171743 -0.101030 0.073342
v 0.171802 -0.100886 0.073497
v 0.171760 -0.100988 0.073451
v 0.171743 -0.005187 0.073342
v 0.171802 -0.005331 0.073497
v 0.171760 -0.005230 0.073451
v 0.171464 -0.105282 0.073342
v 0.171504 -0.105432 0.073497
v 0.171476 -0.105326 0.073451
v 0.171464 -0.100935 0.073342
v 0.171504 -0.100785 0.073497
v 0.171476 -0.100891 0.073451
v 0.171464 -0.005282 0.073342
v 0.171504 -0.005432 0.073497
v 0.171476 -0.005326 0.073451
v 0.171464 -0.000935 0.073342
v 0.171504 -0.000785 0.073497
v 0.171476 -0.000891 0.073451
v 0.171175 -0.105339 0.073342
v 0.171195 -0.105494 0.073497
v 0.171181 -0.105385 0.073451
v 0.171175 -0.000878 0.073342
v 0.171195 -0.000724 0.073497
v 0.171181 -0.000833 0.073451
v 0.170588 -0.105339 0.073342
v 0.170568 -0.105494 0.073497
v 0.170582 -0.105385 0.073451
v 0.170299 -0.000935 0.073342
v 0.170259 -0.000785 0.073497
v 0.170287 -0.000891 0.073451
v 0.172006 -0.101160 0.073342
v 0.172084 -0.101025 0.073497
v 0.172029 -0.101121 0.073451
v 0.172006 -0.005057 0.073342
v 0.172084 -0.005192 0.073497
v 0.172029 -0.005097 0.073451
v 0.172251 -0.104894 0.073342
v 0.172346 -0.105017 0.073497
v 0.172279 -0.104930 0.073451
v 0.172251 -0.101324 0.073342
v 0.172346 -0.101200 0.073497
v 0.172279 -0.101287 0.073451
v 0.172251 -0.004894 0.073342
v 0.172346 -0.005017 0.073497
v 0.172279 -0.004930 0.073451
v 0.172006 -0.105057 0.073342
v 0.172084 -0.105192 0.073497
v 0.172029 -0.105097 0.073451
v 0.172080 -0.001023 0.073497
v 0.172006 -0.001160 0.073342
v 0.172028 -0.001120 0.073451
v 0.172472 -0.004700 0.073342
v 0.172583 -0.004810 0.073497
v 0.172505 -0.004732 0.073451
v 0.172472 -0.101518 0.073342
v 0.172583 -0.101408 0.073497
v 0.172505 -0.101485 0.073451
v 0.172667 -0.101739 0.073342
v 0.172790 -0.101644 0.073497
v 0.172703 -0.101711 0.073451
v 0.172667 -0.004478 0.073342
v 0.172790 -0.004573 0.073497
v 0.172703 -0.004506 0.073451
v 0.172667 -0.104478 0.073342
v 0.172790 -0.104573 0.073497
v 0.172703 -0.104506 0.073451
v 0.172533 -0.104631 0.073342
v 0.172650 -0.104733 0.073497
v 0.172567 -0.104660 0.073451
v 0.172472 -0.001518 0.073342
v 0.172579 -0.001404 0.073497
v 0.172504 -0.001484 0.073451
v 0.172472 -0.104700 0.073342
v 0.172583 -0.104810 0.073497
v 0.172505 -0.104732 0.073451
v 0.172354 -0.001207 0.073497
v 0.172251 -0.001324 0.073342
v 0.172281 -0.001289 0.073451
v 0.172830 -0.001984 0.073342
v 0.172965 -0.001906 0.073497
v 0.172870 -0.001961 0.073451
v 0.172960 -0.103970 0.073342
v 0.173104 -0.104029 0.073497
v 0.173002 -0.103987 0.073451
v 0.172960 -0.102248 0.073342
v 0.173104 -0.102188 0.073497
v 0.173002 -0.102230 0.073451
v 0.172960 -0.003970 0.073342
v 0.173104 -0.004029 0.073497
v 0.173002 -0.003987 0.073451
v 0.172960 -0.002248 0.073342
v 0.173104 -0.002188 0.073497
v 0.173002 -0.002230 0.073451
v 0.173131 -0.003109 0.073342
v 0.173287 -0.003109 0.073497
v 0.173177 -0.003109 0.073451
v 0.173131 -0.103109 0.073342
v 0.173287 -0.103109 0.073497
v 0.173177 -0.103109 0.073451
v 0.173112 -0.003402 0.073342
v 0.173267 -0.003423 0.073497
v 0.173157 -0.003408 0.073451
v 0.173112 -0.002815 0.073342
v 0.173267 -0.002795 0.073497
v 0.173157 -0.002809 0.073451
v 0.173112 -0.103402 0.073342
v 0.173267 -0.103423 0.073497
v 0.173157 -0.103408 0.073451
v 0.173112 -0.102815 0.073342
v 0.173267 -0.102795 0.073497
v 0.173157 -0.102809 0.073451
v 0.173055 -0.102526 0.073342
v 0.173205 -0.102486 0.073497
v 0.173099 -0.102515 0.073451
v 0.173055 -0.003691 0.073342
v 0.173205 -0.003731 0.073497
v 0.173099 -0.003703 0.073451
v 0.173055 -0.002526 0.073342
v 0.173205 -0.002486 0.073497
v 0.173099 -0.002515 0.073451
v 0.172965 -0.104312 0.073497
v 0.172830 -0.104234 0.073342
v 0.172870 -0.104256 0.073451
v 0.173055 -0.103691 0.073342
v 0.173205 -0.103731 0.073497
v 0.173099 -0.103703 0.073451
v 0.172830 -0.101984 0.073342
v 0.172965 -0.101906 0.073497
v 0.172870 -0.101961 0.073451
v 0.172830 -0.004234 0.073342
v 0.172965 -0.004312 0.073497
v 0.172870 -0.004256 0.073451
v 0.172667 -0.001739 0.073342
v 0.172790 -0.001644 0.073497
v 0.172703 -0.001711 0.073451
v 0.171743 -0.001030 0.073342
v 0.171802 -0.000886 0.073497
v 0.171760 -0.000988 0.073451
v 0.171743 -0.105187 0.073342
v 0.171802 -0.105331 0.073497
v 0.171760 -0.105230 0.073451
v 0.169290 -0.001518 0.073342
v 0.169180 -0.001408 0.073497
v 0.169258 -0.001485 0.073451
vn 0.2588 -0.0000 -0.9659
vn 0.1642 -0.2001 -0.9659
vn 0.1220 -0.2283 -0.9659
vn 0.2804 -0.9243 -0.2588
vn -0.2804 -0.9243 -0.2589
vn -0.1220 -0.2283 -0.9659
vn -0.1642 -0.2001 -0.9659
vn -0.2588 -0.0000 -0.9659
vn -0.1642 0.2001 -0.9659
vn -0.1220 0.2283 -0.9659
vn -0.2804 0.9243 -0.2588
vn 0.2804 0.9243 -0.2589
vn 0.1220 0.2283 -0.9659
vn 0.1642 0.2001 -0.9659
vn 0.2588 -0.0000 0.9659
vn 0.1642 0.2001 0.9659
vn 0.1220 0.2283 0.9659
vn 0.2804 0.9243 0.2589
vn -0.2804 0.9243 0.2588
vn -0.1220 0.2283 0.9659
vn -0.1642 0.2001 0.9659
vn -0.2589 -0.0000 0.9659
vn -0.1642 -0.2001 0.9659
vn -0.1220 -0.2283 0.9659
vn -0.2804 -0.9243 0.2589
vn 0.2804 -0.9243 0.2588
vn 0.1220 -0.2283 0.9659
vn 0.1642 -0.2001 0.9659
vn 1.0000 -0.0000 -0.0000
vn 0.9952 0.0980 -0.0000
vn 0.9569 0.2903 -0.0000
vn 0.8819 0.4714 -0.0000
vn 0.7730 0.6344 -0.0000
vn 0.6344 0.7730 -0.0000
vn 0.4714 0.8819 -0.0000
vn 0.2903 0.9569 -0.0000
vn 0.0980 0.9952 -0.0000
vn -0.0000 1.0000 -0.0000
vn -0.0980 0.9952 -0.0000
vn -0.2903 0.9569 -0.0000
vn -0.4714 0.8819 -0.0000
vn -0.6344 0.7730 -0.0000
vn -0.7730 0.6344 -0.0000
vn -0.8819 0.4714 -0.0000
vn -0.9569 0.2903 -0.0000
vn -0.9952 0.0980 -0.0000
vn -1.0000 -0.0000 -0.0000
vn -0.9952 -0.0980 -0.0000
vn -0.9569 -0.2903 -0.0000
vn -0.8819 -0.4714 -0.0000
vn -0.7730 -0.6344 -0.0000
vn -0.6344 -0.7730 -0.0000
vn -0.4714 -0.8819 -0.0000
vn -0.2903 -0.9569 -0.0000
vn -0.0980 -0.9952 -0.0000
vn -0.0000 -1.0000 -0.0000
vn 0.0980 -0.9952 -0.0000
vn 0.2903 -0.9569 -0.0000
vn 0.4714 -0.8819 -0.0000
vn 0.6344 -0.7730 -0.0000
vn 0.7730 -0.6344 -0.0000
vn 0.8819 -0.4714 -0.0000
vn 0.9569 -0.2903 -0.0000
vn 0.9952 -0.0980 -0.0000
vn 0.7938 0.1499 -0.5893
vn 0.9044 0.1500 -0.3995
vn 0.3679 0.1868 -0.9109
vn 0.5586 0.2061 -0.8034
vn 0.5407 0.2494 -0.8034
vn 0.3923 0.1280 -0.9109
vn 0.5589 0.7251 -0.4023
vn 0.5059 0.6266 -0.5928
vn -0.0317 0.4114 -0.9109
vn 0.0235 0.5948 -0.8035
vn -0.0714 0.8048 -0.5893
vn -0.0607 0.9147 -0.3997
vn 0.1497 0.5810 -0.8000
vn 0.1494 0.3908 -0.9083
vn 0.0607 0.9147 -0.3997
vn 0.0714 0.8048 -0.5893
vn -0.1494 0.3908 -0.9083
vn -0.1497 0.5810 -0.8000
vn -0.0235 0.5949 -0.8035
vn 0.0317 0.4114 -0.9109
vn -0.5059 0.6266 -0.5928
vn -0.5588 0.7252 -0.4023
vn -0.3923 0.1280 -0.9109
vn -0.5406 0.2494 -0.8034
vn -0.5585 0.2061 -0.8035
vn -0.3680 0.1869 -0.9109
vn -0.9044 0.1500 -0.3995
vn -0.7939 0.1498 -0.5894
vn -0.7938 -0.1500 -0.5894
vn -0.9044 -0.1500 -0.3995
vn -0.3679 -0.1868 -0.9109
vn -0.5586 -0.2059 -0.8035
vn -0.5406 -0.2494 -0.8035
vn -0.3923 -0.1280 -0.9109
vn -0.5589 -0.7251 -0.4023
vn -0.5060 -0.6265 -0.5929
vn 0.0317 -0.4114 -0.9109
vn -0.0235 -0.5949 -0.8034
vn 0.0714 -0.8048 -0.5892
vn 0.0607 -0.9146 -0.3998
vn -0.1496 -0.5810 -0.8000
vn -0.1494 -0.3909 -0.9082
vn -0.0607 -0.9146 -0.3998
vn -0.0714 -0.8049 -0.5892
vn 0.1494 -0.3908 -0.9083
vn 0.1496 -0.5810 -0.8000
vn 0.0235 -0.5948 -0.8035
vn -0.0317 -0.4115 -0.9109
vn 0.5059 -0.6267 -0.5927
vn 0.5588 -0.7251 -0.4023
vn 0.3922 -0.1280 -0.9109
vn 0.5406 -0.2494 -0.8035
vn 0.5585 -0.2061 -0.8035
vn 0.3680 -0.1869 -0.9108
vn 0.9044 -0.1501 -0.3995
vn 0.7938 -0.1499 -0.5893
vn 0.9044 0.1501 0.3995
vn 0.7939 0.1499 0.5893
vn 0.5585 0.2061 0.8035
vn 0.3680 0.1869 0.9109
vn 0.3923 0.1280 0.9109
vn 0.5406 0.2494 0.8034
vn 0.5059 0.6266 0.5928
vn 0.5589 0.7251 0.4023
vn 0.0235 0.5948 0.8035
vn -0.0317 0.4115 0.9109
vn -0.0607 0.9147 0.3996
vn -0.0714 0.8048 0.5892
vn 0.1494 0.3908 0.9083
vn 0.1496 0.5810 0.8000
vn 0.0714 0.8048 0.5893
vn 0.0607 0.9147 0.3997
vn -0.1496 0.5811 0.8000
vn -0.1494 0.3909 0.9082
vn 0.0317 0.4114 0.9109
vn -0.0235 0.5949 0.8034
vn -0.5590 0.7251 0.4023
vn -0.5060 0.6265 0.5929
vn -0.5406 0.2494 0.8035
vn -0.3923 0.1280 0.9109
vn -0.3679 0.1868 0.9109
vn -0.5587 0.2059 0.8034
vn -0.7939 0.1500 0.5893
vn -0.9044 0.1500 0.3995
vn -0.9044 -0.1500 0.3995
vn -0.7939 -0.1498 0.5893
vn -0.5585 -0.2061 0.8035
vn -0.3680 -0.1869 0.9108
vn -0.3922 -0.1280 0.9109
vn -0.5406 -0.2494 0.8034
vn -0.5059 -0.6267 0.5928
vn -0.5588 -0.7252 0.4023
vn -0.0235 -0.5949 0.8035
vn 0.0317 -0.4114 0.9109
vn 0.0607 -0.9146 0.3998
vn 0.0714 -0.8048 0.5892
vn -0.1494 -0.3909 0.9082
vn -0.1496 -0.5810 0.8000
vn -0.0714 -0.8048 0.5892
vn -0.0607 -0.9146 0.3998
vn 0.1496 -0.5810 0.8001
vn 0.1494 -0.3908 0.9083
vn -0.0317 -0.4114 0.9109
vn 0.0235 -0.5948 0.8035
vn 0.5589 -0.7251 0.4023
vn 0.5059 -0.6267 0.5928
vn 0.5407 -0.2494 0.8034
vn 0.3923 -0.1281 0.9109
vn 0.3679 -0.1868 0.9109
vn 0.5586 -0.2061 0.8034
vn 0.7939 -0.1499 0.5893
vn 0.9044 -0.1500 0.3995
vn 0.8017 -0.0790 -0.5925
vn 0.9115 -0.0898 -0.4014
vn 0.3842 -0.1165 -0.9159
vn 0.5670 -0.1720 -0.8056
vn 0.7709 -0.2338 -0.5925
vn 0.8765 -0.2658 -0.4014
vn 0.3540 -0.1892 -0.9159
vn 0.5225 -0.2793 -0.8056
vn 0.7105 -0.3798 -0.5925
vn 0.8078 -0.4317 -0.4014
vn 0.6227 -0.5110 -0.5925
vn 0.7081 -0.5810 -0.4013
vn 0.5110 -0.6227 -0.5925
vn 0.5810 -0.7080 -0.4014
vn 0.0394 -0.3995 -0.9159
vn 0.0581 -0.5897 -0.8056
vn -0.0000 -0.8056 -0.5924
vn -0.0000 -0.9158 -0.4015
vn -0.0394 -0.3995 -0.9159
vn -0.0581 -0.5896 -0.8056
vn -0.5110 -0.6227 -0.5925
vn -0.5811 -0.7080 -0.4013
vn -0.6227 -0.5110 -0.5925
vn -0.7080 -0.5810 -0.4014
vn -0.3541 -0.1892 -0.9159
vn -0.5225 -0.2792 -0.8056
vn -0.7104 -0.3798 -0.5925
vn -0.8077 -0.4318 -0.4015
vn -0.3842 -0.1165 -0.9159
vn -0.5669 -0.1720 -0.8056
vn -0.7709 -0.2339 -0.5925
vn -0.8765 -0.2659 -0.4014
vn -0.8017 -0.0789 -0.5925
vn -0.9115 -0.0898 -0.4014
vn -0.8017 0.0789 -0.5925
vn -0.9115 0.0898 -0.4013
vn -0.3843 0.1165 -0.9158
vn -0.5670 0.1720 -0.8056
vn -0.7709 0.2338 -0.5925
vn -0.8765 0.2659 -0.4014
vn -0.3540 0.1892 -0.9159
vn -0.5225 0.2793 -0.8056
vn -0.7105 0.3798 -0.5924
vn -0.8077 0.4318 -0.4014
vn -0.6227 0.5110 -0.5925
vn -0.7081 0.5810 -0.4013
vn -0.5110 0.6227 -0.5925
vn -0.5810 0.7080 -0.4014
vn -0.0394 0.3995 -0.9159
vn -0.0581 0.5896 -0.8056
vn -0.0000 0.8056 -0.5925
vn -0.0000 0.9159 -0.4014
vn 0.0394 0.3995 -0.9159
vn 0.0581 0.5896 -0.8056
vn 0.5111 0.6227 -0.5925
vn 0.5810 0.7080 -0.4014
vn 0.6228 0.5111 -0.5924
vn 0.7080 0.5810 -0.4014
vn 0.3541 0.1892 -0.9159
vn 0.5225 0.2793 -0.8056
vn 0.7104 0.3798 -0.5925
vn 0.8078 0.4318 -0.4014
vn 0.3841 0.1165 -0.9159
vn 0.5669 0.1720 -0.8056
vn 0.7709 0.2338 -0.5925
vn 0.8765 0.2659 -0.4014
vn 0.8017 0.0789 -0.5926
vn 0.9115 0.0898 -0.4014
vn 0.9115 0.0898 0.4014
vn 0.8017 0.0789 0.5925
vn 0.8765 0.2659 0.4013
vn 0.7709 0.2338 0.5925
vn 0.5669 0.1720 0.8056
vn 0.3842 0.1165 0.9159
vn 0.8078 0.4318 0.4014
vn 0.7104 0.3798 0.5925
vn 0.5226 0.2793 0.8056
vn 0.3541 0.1892 0.9159
vn 0.7080 0.5810 0.4014
vn 0.6227 0.5111 0.5924
vn 0.5811 0.7080 0.4014
vn 0.5111 0.6227 0.5925
vn 0.0581 0.5896 0.8056
vn 0.0394 0.3995 0.9159
vn -0.0000 0.9159 0.4014
vn -0.0000 0.8056 0.5925
vn -0.0581 0.5896 0.8056
vn -0.0393 0.3995 0.9159
vn -0.5810 0.7080 0.4014
vn -0.5110 0.6227 0.5925
vn -0.7080 0.5811 0.4014
vn -0.6227 0.5110 0.5925
vn -0.8077 0.4318 0.4014
vn -0.7105 0.3798 0.5924
vn -0.5225 0.2793 0.8056
vn -0.3540 0.1892 0.9159
vn -0.8765 0.2659 0.4014
vn -0.7709 0.2338 0.5925
vn -0.5669 0.1720 0.8056
vn -0.3842 0.1165 0.9159
vn -0.9115 0.0898 0.4013
vn -0.8017 0.0789 0.5925
vn -0.9115 -0.0898 0.4014
vn -0.8017 -0.0790 0.5925
vn -0.8765 -0.2659 0.4013
vn -0.7709 -0.2339 0.5925
vn -0.5669 -0.1720 0.8056
vn -0.3842 -0.1165 0.9159
vn -0.8077 -0.4317 0.4014
vn -0.7104 -0.3798 0.5925
vn -0.5225 -0.2793 0.8056
vn -0.3541 -0.1892 0.9159
vn -0.7080 -0.5810 0.4014
vn -0.6227 -0.5111 0.5925
vn -0.5811 -0.7080 0.4013
vn -0.5110 -0.6227 0.5925
vn -0.0581 -0.5896 0.8056
vn -0.0393 -0.3995 0.9159
vn -0.0000 -0.9159 0.4013
vn -0.0000 -0.8056 0.5925
vn 0.0581 -0.5896 0.8056
vn 0.0393 -0.3995 0.9159
vn 0.5810 -0.7080 0.4015
vn 0.5110 -0.6227 0.5925
vn 0.7081 -0.5811 0.4013
vn 0.6227 -0.5110 0.5925
vn 0.8077 -0.4318 0.4014
vn 0.7105 -0.3798 0.5924
vn 0.5225 -0.2793 0.8056
vn 0.3540 -0.1892 0.9159
vn 0.8765 -0.2659 0.4014
vn 0.7709 -0.2338 0.5925
vn 0.5669 -0.1720 0.8056
vn 0.3842 -0.1165 0.9159
vn 0.9115 -0.0898 0.4013
vn 0.8017 -0.0790 0.5925
vn -0.2514 0.2866 -0.9245
vn -0.6089 0.6941 -0.3839
vn -0.2876 0.2523 -0.9239
vn -0.6946 0.6092 -0.3826
vn -0.7682 0.5132 -0.3827
vn -0.3182 0.2126 -0.9239
vn -0.3432 0.1693 -0.9239
vn -0.8286 0.4086 -0.3827
vn -0.8748 0.2969 -0.3828
vn -0.3625 0.1230 -0.9239
vn -0.3752 0.0747 -0.9239
vn -0.9061 0.1802 -0.3827
vn -0.3818 0.0250 -0.9239
vn -0.9219 0.0603 -0.3827
vn -0.9219 -0.0604 -0.3827
vn -0.3818 -0.0250 -0.9239
vn -0.9061 -0.1802 -0.3828
vn -0.3753 -0.0747 -0.9239
vn -0.3623 -0.1230 -0.9239
vn -0.8748 -0.2969 -0.3828
vn -0.8286 -0.4086 -0.3827
vn -0.3432 -0.1693 -0.9239
vn -0.3181 -0.2126 -0.9239
vn -0.7682 -0.5132 -0.3826
vn -0.2878 -0.2523 -0.9239
vn -0.6946 -0.6090 -0.3828
vn -0.2523 -0.2877 -0.9239
vn -0.6091 -0.6946 -0.3827
vn -0.2126 -0.3181 -0.9239
vn -0.5133 -0.7682 -0.3826
vn -0.1692 -0.3432 -0.9239
vn -0.4086 -0.8287 -0.3825
vn -0.1230 -0.3623 -0.9239
vn -0.2970 -0.8749 -0.3827
vn -0.0747 -0.3753 -0.9239
vn -0.1803 -0.9061 -0.3827
vn -0.0250 -0.3818 -0.9239
vn -0.0604 -0.9219 -0.3828
vn -0.0604 0.9219 -0.3826
vn -0.0250 0.3818 -0.9239
vn -0.1802 0.9061 -0.3827
vn -0.0746 0.3753 -0.9239
vn -0.1230 0.3623 -0.9239
vn -0.2970 0.8749 -0.3827
vn -0.4086 0.8286 -0.3826
vn -0.1692 0.3432 -0.9239
vn -0.5133 0.7682 -0.3827
vn -0.2126 0.3182 -0.9239
vn -0.6092 0.6946 -0.3827
vn -0.2523 0.2877 -0.9239
vn -0.6947 0.6091 -0.3827
vn -0.2877 0.2523 -0.9239
vn -0.7682 0.5133 -0.3826
vn -0.8285 0.4087 -0.3827
vn -0.3432 0.1692 -0.9239
vn -0.3624 0.1230 -0.9239
vn -0.3754 0.0747 -0.9239
vn -0.9219 0.0604 -0.3827
vn -0.9061 -0.1802 -0.3827
vn -0.3754 -0.0747 -0.9239
vn -0.3624 -0.1230 -0.9239
vn -0.8748 -0.2968 -0.3828
vn -0.8286 -0.4086 -0.3828
vn -0.7683 -0.5132 -0.3827
vn -0.2877 -0.2523 -0.9239
vn -0.6946 -0.6092 -0.3827
vn 0.6945 -0.6090 -0.3831
vn 0.2873 -0.2520 -0.9241
vn 0.3182 -0.2126 -0.9239
vn 0.7681 -0.5132 -0.3829
vn 0.3433 -0.1692 -0.9239
vn 0.8286 -0.4087 -0.3826
vn 0.8749 -0.2969 -0.3825
vn 0.3623 -0.1231 -0.9239
vn 0.3753 -0.0746 -0.9239
vn 0.9062 -0.1802 -0.3826
vn 0.3818 -0.0250 -0.9239
vn 0.9219 -0.0604 -0.3827
vn 0.9219 0.0604 -0.3827
vn 0.3818 0.0250 -0.9239
vn 0.9062 0.1802 -0.3826
vn 0.3753 0.0747 -0.9239
vn 0.3622 0.1231 -0.9239
vn 0.8749 0.2969 -0.3826
vn 0.8286 0.4087 -0.3826
vn 0.3432 0.1692 -0.9239
vn 0.7681 0.5133 -0.3828
vn 0.3182 0.2126 -0.9239
vn 0.6946 0.6092 -0.3826
vn 0.2877 0.2523 -0.9239
vn 0.6091 0.6947 -0.3827
vn 0.2523 0.2877 -0.9239
vn 0.5133 0.7681 -0.3827
vn 0.2126 0.3182 -0.9239
vn 0.4086 0.8286 -0.3826
vn 0.1693 0.3432 -0.9239
vn 0.2970 0.8748 -0.3827
vn 0.1230 0.3624 -0.9239
vn 0.1803 0.9061 -0.3827
vn 0.0746 0.3753 -0.9239
vn 0.0250 0.3819 -0.9239
vn 0.0604 0.9219 -0.3827
vn 0.0250 -0.3819 -0.9239
vn 0.0604 -0.9219 -0.3828
vn 0.0747 -0.3753 -0.9239
vn 0.1803 -0.9062 -0.3826
vn 0.1230 -0.3624 -0.9239
vn 0.2970 -0.8748 -0.3827
vn 0.1693 -0.3432 -0.9239
vn 0.4086 -0.8286 -0.3827
vn 0.2126 -0.3182 -0.9239
vn 0.5133 -0.7682 -0.3827
vn 0.2523 -0.2878 -0.9239
vn 0.6091 -0.6946 -0.3828
vn 0.2877 -0.2523 -0.9239
vn 0.6946 -0.6092 -0.3826
vn 0.3181 -0.2126 -0.9239
vn 0.7682 -0.5134 -0.3826
vn 0.3432 -0.1692 -0.9239
vn 0.8286 -0.4087 -0.3825
vn 0.3623 -0.1230 -0.9239
vn 0.8748 -0.2971 -0.3827
vn 0.3753 -0.0747 -0.9239
vn 0.3819 -0.0250 -0.9239
vn 0.3818 0.0251 -0.9239
vn 0.9219 0.0605 -0.3826
vn 0.3753 0.0746 -0.9239
vn 0.8748 0.2971 -0.3827
vn 0.3624 0.1230 -0.9239
vn 0.8287 0.4087 -0.3825
vn 0.3431 0.1692 -0.9239
vn 0.7680 0.5131 -0.3832
vn 0.3176 0.2122 -0.9242
vn -0.6948 -0.6089 -0.3828
vn -0.2877 -0.2522 -0.9239
vn -0.6091 -0.6947 -0.3826
vn -0.2126 -0.3182 -0.9239
vn -0.5133 -0.7682 -0.3827
vn -0.4086 -0.8286 -0.3826
vn -0.1693 -0.3432 -0.9239
vn -0.0746 -0.3753 -0.9239
vn -0.0604 -0.9219 -0.3827
vn 0.0604 -0.9219 -0.3827
vn 0.0250 -0.3818 -0.9239
vn 0.0746 -0.3753 -0.9239
vn 0.1803 -0.9061 -0.3827
vn 0.1230 -0.3623 -0.9239
vn 0.2970 -0.8749 -0.3826
vn 0.4086 -0.8286 -0.3826
vn 0.1692 -0.3432 -0.9239
vn 0.5132 -0.7682 -0.3827
vn 0.6092 -0.6945 -0.3827
vn 0.2523 -0.2877 -0.9239
vn 0.2876 -0.2523 -0.9239
vn 0.7682 -0.5133 -0.3827
vn 0.3432 -0.1693 -0.9239
vn 0.8286 -0.4086 -0.3828
vn 0.8748 -0.2969 -0.3828
vn 0.3624 -0.1230 -0.9239
vn 0.3754 -0.0747 -0.9239
vn 0.9061 -0.1803 -0.3827
vn -0.9219 -0.0605 -0.3827
vn -0.3752 -0.0747 -0.9239
vn -0.8749 -0.2970 -0.3827
vn -0.3182 -0.2126 -0.9239
vn -0.7682 -0.5132 -0.3827
vn -0.6946 -0.6091 -0.3827
vn -0.6092 -0.6946 -0.3827
vn -0.4086 -0.8286 -0.3827
vn -0.2970 -0.8748 -0.3827
vn -0.1802 -0.9061 -0.3827
vn 0.1802 -0.9061 -0.3827
vn 0.2127 -0.3182 -0.9239
vn 0.2522 -0.2877 -0.9239
vn 0.6092 -0.6946 -0.3827
vn 0.6946 -0.6091 -0.3827
vn 0.8286 -0.4086 -0.3827
vn 0.8748 -0.2970 -0.3827
vn 0.9061 -0.1802 -0.3827
vn 0.9061 0.1802 -0.3827
vn 0.8748 0.2970 -0.3827
vn 0.8286 0.4087 -0.3827
vn 0.3432 0.1693 -0.9239
vn 0.7682 0.5132 -0.3827
vn -0.2522 -0.2876 -0.9239
vn -0.4087 -0.8286 -0.3826
vn -0.1230 -0.3624 -0.9239
vn 0.0604 -0.9219 -0.3826
vn 0.3754 -0.0746 -0.9239
vn 0.9219 -0.0605 -0.3826
vn -0.9219 -0.0605 -0.3828
vn -0.3817 -0.0250 -0.9239
vn -0.8749 -0.2969 -0.3827
vn -0.3432 -0.1692 -0.9239
vn -0.7682 -0.5133 -0.3827
vn -0.0604 -0.9219 -0.3826
vn -0.0251 -0.3818 -0.9239
vn 0.5133 -0.7682 -0.3826
vn 0.2126 -0.3181 -0.9239
vn 0.6091 -0.6946 -0.3827
vn -0.2876 0.2522 -0.9239
vn -0.6946 0.6091 -0.3827
vn -0.8748 0.2970 -0.3827
vn -0.3753 0.0747 -0.9239
vn -0.8748 -0.2970 -0.3827
vn 0.5132 -0.7683 -0.3826
vn 0.6946 -0.6092 -0.3827
vn 0.7682 -0.5133 -0.3826
vn 0.8749 -0.2970 -0.3827
vn 0.9061 0.1803 -0.3827
vn 0.8286 0.4086 -0.3827
vn 0.7682 0.5133 -0.3826
vn 0.3181 0.2126 -0.9239
vn 0.6946 0.6092 -0.3827
vn 0.6092 0.6946 -0.3827
vn 0.5132 0.7682 -0.3826
vn 0.1692 0.3432 -0.9239
vn 0.1230 0.3623 -0.9239
vn 0.1802 0.9061 -0.3827
vn 0.0250 0.3818 -0.9239
vn -0.0604 0.9219 -0.3827
vn -0.2970 0.8748 -0.3827
vn -0.4086 0.8286 -0.3827
vn -0.2126 0.3181 -0.9239
vn -0.5133 0.7682 -0.3826
vn -0.6092 0.6946 -0.3826
vn 0.8749 -0.2969 -0.3827
vn 0.3752 -0.0747 -0.9239
vn 0.9219 -0.0605 -0.3827
vn 0.3819 0.0250 -0.9239
vn 0.3752 0.0747 -0.9239
vn 0.8749 0.2970 -0.3827
vn 0.3625 0.1230 -0.9239
vn 0.7682 0.5133 -0.3827
vn 0.5133 0.7682 -0.3827
vn 0.4086 0.8286 -0.3827
vn 0.2970 0.8749 -0.3827
vn 0.0251 0.3818 -0.9239
vn -0.0250 0.3819 -0.9239
vn -0.1230 0.3624 -0.9239
vn -0.1693 0.3432 -0.9239
vn -0.2125 0.3182 -0.9239
vn -0.3181 0.2126 -0.9239
vn -0.7682 0.5133 -0.3827
vn -0.3623 0.1230 -0.9239
vn -0.8749 0.2969 -0.3826
vn -0.9061 0.1803 -0.3827
vn -0.9219 0.0604 -0.3826
vn 0.9219 0.0605 -0.3828
vn 0.3817 0.0250 -0.9239
vn 0.8749 0.2969 -0.3827
vn 0.6091 0.6946 -0.3827
vn -0.0747 0.3753 -0.9239
vn -0.2969 0.8749 -0.3827
vn -0.6946 0.6092 -0.3827
vn -0.9061 0.1802 -0.3826
vn -0.9219 0.0605 -0.3827
vn -0.3753 -0.0746 -0.9239
vn -0.8748 -0.2969 -0.3827
vn -0.3431 -0.1692 -0.9239
vn -0.5132 0.7682 -0.3827
vn 0.9219 0.0605 -0.3827
vn 0.8748 0.2969 -0.3828
vn 0.8286 0.4086 -0.3828
vn 0.2876 0.2523 -0.9239
vn 0.2970 0.8749 -0.3826
vn 0.0746 -0.3754 -0.9239
vn 0.1802 -0.9062 -0.3826
vn 0.4087 -0.8285 -0.3828
vn 0.6091 -0.6947 -0.3827
vn 0.9061 0.1801 -0.3827
vn 0.8285 0.4087 -0.3828
vn 0.2522 0.2876 -0.9239
vn 0.6091 0.6946 -0.3828
vn 0.5132 0.7682 -0.3827
vn 0.4086 0.8287 -0.3826
vn -0.0604 0.9218 -0.3829
vn -0.5136 0.7687 -0.3813
vn -0.2133 0.3193 -0.9233
vn 0.6948 0.6094 -0.3820
vn 0.2882 0.2527 -0.9236
vn 0.6092 0.6946 -0.3826
vn 0.5133 0.7681 -0.3828
vn 0.2126 0.3181 -0.9239
vn 0.2970 0.8748 -0.3828
vn -0.2970 0.8748 -0.3828
vn -0.4087 0.8286 -0.3826
vn -0.6092 0.6946 -0.3828
vn -0.2523 0.2878 -0.9239
vn -0.8286 0.4087 -0.3825
vn -0.8749 0.2969 -0.3825
vn -0.3623 0.1231 -0.9239
vn -0.9062 0.1802 -0.3826
vn -0.3819 0.0251 -0.9239
vn -0.9219 0.0605 -0.3828
vn 0.3754 0.0746 -0.9239
vn 0.6946 0.6092 -0.3828
vn 0.6092 0.6947 -0.3826
vn 0.5132 0.7682 -0.3828
vn 0.4086 0.8286 -0.3828
vn 0.0747 0.3754 -0.9239
vn 0.1802 0.9060 -0.3829
vn 0.0604 0.9219 -0.3828
vn -0.1803 0.9062 -0.3826
vn -0.1692 0.3431 -0.9239
vn -0.2125 0.3181 -0.9239
vn -0.6091 0.6946 -0.3827
vn -0.8286 0.4087 -0.3826
vn -0.3431 0.1692 -0.9239
vn -0.8749 0.2970 -0.3827
vn -0.3819 0.0250 -0.9239
vn -0.8286 -0.4087 -0.3826
vn -0.7682 -0.5133 -0.3826
vn -0.6947 -0.6092 -0.3825
vn 0.4087 0.8286 -0.3826
vn 0.1802 0.9061 -0.3828
vn -0.0747 0.3754 -0.9239
vn -0.1802 0.9061 -0.3828
vn -0.2970 0.8749 -0.3826
vn -0.8748 0.2969 -0.3827
vn 0.3817 0.0250 -0.9240
vn 0.3623 0.1230 -0.9239
vn 0.0605 0.9219 -0.3826
vn -0.1802 0.9062 -0.3826
vn 0.7682 -0.5133 -0.3825
vn 0.8286 -0.4086 -0.3826
vn 0.3752 -0.0746 -0.9239
vn 0.6946 0.6091 -0.3827
vn 0.0747 0.3753 -0.9239
vn 0.0604 0.9220 -0.3825
vn -0.0250 0.3817 -0.9239
vn -0.1693 0.3431 -0.9239
vn -0.6091 0.6946 -0.3828
vn -0.2878 0.2523 -0.9239
vn -0.3433 0.1692 -0.9239
vn -0.3819 -0.0250 -0.9239
vn -0.2125 -0.3182 -0.9239
vn -0.5132 -0.7682 -0.3827
vn -0.2970 -0.8749 -0.3826
vn 0.1802 -0.9062 -0.3825
vn 0.4087 -0.8286 -0.3826
vn 0.5132 -0.7682 -0.3828
vn -0.8286 -0.4086 -0.3826
vn -0.0604 -0.9218 -0.3829
vn 0.0604 -0.9218 -0.3829
vn 0.5132 -0.7681 -0.3828
vn 0.6092 -0.6946 -0.3828
vn -0.3817 -0.0250 -0.9240
vn -0.0747 -0.3752 -0.9239
vn -0.0604 -0.9220 -0.3826
vn 0.0604 -0.9220 -0.3826
vn 0.6946 -0.6091 -0.3828
vn 0.8749 -0.2969 -0.3826
vn 0.3433 0.1692 -0.9239
vn 0.1802 -0.9061 -0.3828
vn 0.2970 -0.8749 -0.3827
vn 0.2125 -0.3182 -0.9239
vn -0.9061 -0.1803 -0.3827
vn -0.3752 -0.0746 -0.9239
vn -0.3622 -0.1231 -0.9239
vn -0.8749 -0.2969 -0.3825
vn -0.8286 -0.4087 -0.3825
vn -0.6947 -0.6090 -0.3828
vn -0.6092 -0.6946 -0.3826
vn -0.5132 -0.7682 -0.3828
vn -0.5132 0.7682 -0.3826
vn -0.6947 0.6090 -0.3827
vn -0.2877 0.2522 -0.9239
vn -0.9062 -0.1802 -0.3826
vn -0.8749 -0.2969 -0.3826
vn -0.5133 -0.7681 -0.3827
vn 0.2125 -0.3181 -0.9239
vn 0.2526 -0.2880 -0.9237
vn 0.6093 -0.6948 -0.3821
vn 0.3817 -0.0250 -0.9239
vn -0.9218 0.0606 -0.3828
vn -0.9219 0.0605 -0.3826
vn 0.6092 -0.6947 -0.3826
vn -0.6946 -0.6092 -0.3826
vn 0.6092 -0.6946 -0.3826
vn 0.2524 -0.2877 -0.9239
vn -0.3818 0.0251 -0.9239
vn 0.9219 -0.0604 -0.3826
vn 0.9219 -0.0606 -0.3827
vn 0.7680 -0.5131 0.3833
vn 0.3175 -0.2123 0.9242
vn 0.2873 0.2520 0.9241
vn 0.6945 0.6090 0.3832
vn 0.3181 0.2126 0.9239
vn 0.7682 0.5134 0.3826
vn 0.3432 0.1692 0.9239
vn 0.8287 0.4086 0.3825
vn 0.3623 0.1230 0.9239
vn 0.8748 0.2971 0.3827
vn 0.3753 0.0746 0.9239
vn 0.9062 0.1802 0.3826
vn 0.9219 0.0604 0.3826
vn 0.3818 0.0251 0.9239
vn 0.9219 -0.0604 0.3826
vn 0.3818 -0.0250 0.9239
vn 0.9061 -0.1802 0.3826
vn 0.3753 -0.0747 0.9239
vn 0.8748 -0.2971 0.3827
vn 0.3623 -0.1230 0.9239
vn 0.8286 -0.4087 0.3826
vn 0.3432 -0.1692 0.9239
vn 0.7682 -0.5134 0.3826
vn 0.3182 -0.2126 0.9239
vn 0.2877 -0.2523 0.9239
vn 0.6946 -0.6090 0.3828
vn 0.6091 -0.6946 0.3827
vn 0.2523 -0.2877 0.9239
vn 0.5133 -0.7681 0.3827
vn 0.2126 -0.3182 0.9239
vn 0.4086 -0.8286 0.3827
vn 0.1693 -0.3432 0.9239
vn 0.2970 -0.8748 0.3827
vn 0.1230 -0.3624 0.9239
vn 0.1803 -0.9062 0.3826
vn 0.0747 -0.3753 0.9239
vn 0.0250 -0.3818 0.9239
vn 0.0604 -0.9219 0.3826
vn 0.0604 0.9219 0.3827
vn 0.0250 0.3819 0.9239
vn 0.0747 0.3753 0.9239
vn 0.1802 0.9061 0.3827
vn 0.1230 0.3624 0.9239
vn 0.2970 0.8748 0.3827
vn 0.1692 0.3432 0.9239
vn 0.4086 0.8286 0.3826
vn 0.2126 0.3182 0.9239
vn 0.5133 0.7681 0.3827
vn 0.2523 0.2877 0.9239
vn 0.6092 0.6946 0.3827
vn 0.6947 0.6091 0.3827
vn 0.2877 0.2522 0.9239
vn 0.3182 0.2126 0.9239
vn 0.7681 0.5133 0.3828
vn 0.3431 0.1692 0.9239
vn 0.8286 0.4087 0.3826
vn 0.8749 0.2969 0.3826
vn 0.3623 0.1231 0.9239
vn 0.3753 0.0747 0.9239
vn 0.3818 0.0250 0.9239
vn 0.9219 0.0604 0.3827
vn 0.9219 -0.0604 0.3827
vn 0.9062 -0.1802 0.3826
vn 0.3623 -0.1231 0.9239
vn 0.8749 -0.2969 0.3826
vn 0.8287 -0.4087 0.3825
vn 0.3431 -0.1692 0.9239
vn 0.3819 0.0250 0.9239
vn 0.9219 0.0605 0.3827
vn -0.3819 -0.0251 0.9239
vn -0.9219 -0.0606 0.3828
vn 0.9219 0.0605 0.3826
vn -0.3818 -0.0250 0.9239
vn -0.9219 -0.0605 0.3826
vn -0.2523 -0.2877 0.9239
vn -0.6091 -0.6946 0.3827
vn 0.2524 0.2877 0.9239
vn 0.6092 0.6946 0.3826
vn -0.2877 0.2523 0.9239
vn -0.6947 0.6091 0.3827
vn 0.6946 -0.6092 0.3826
vn 0.2876 -0.2523 0.9239
vn -0.6093 -0.6946 0.3826
vn -0.2524 -0.2878 0.9239
vn 0.9219 0.0602 0.3828
vn -0.3181 0.2126 0.9239
vn -0.7682 0.5132 0.3827
vn -0.6946 0.6092 0.3826
vn -0.2876 0.2523 0.9239
vn -0.2514 -0.2866 0.9245
vn -0.6088 -0.6942 0.3839
vn -0.6946 -0.6092 0.3826
vn -0.2877 -0.2522 0.9239
vn -0.3182 -0.2126 0.9239
vn -0.7681 -0.5133 0.3827
vn -0.8286 -0.4087 0.3827
vn -0.3432 -0.1692 0.9239
vn -0.8748 -0.2969 0.3828
vn -0.3624 -0.1230 0.9239
vn -0.3754 -0.0747 0.9239
vn -0.9061 -0.1802 0.3827
vn -0.9219 -0.0604 0.3827
vn -0.9219 0.0604 0.3827
vn -0.3818 0.0250 0.9239
vn -0.9061 0.1802 0.3827
vn -0.3754 0.0747 0.9239
vn -0.3624 0.1230 0.9239
vn -0.8749 0.2968 0.3828
vn -0.8285 0.4086 0.3828
vn -0.3432 0.1693 0.9239
vn -0.7682 0.5133 0.3826
vn -0.2523 0.2877 0.9239
vn -0.6092 0.6946 0.3827
vn -0.2126 0.3181 0.9239
vn -0.5133 0.7682 0.3827
vn -0.1692 0.3432 0.9239
vn -0.4086 0.8286 0.3826
vn -0.2970 0.8749 0.3827
vn -0.1230 0.3623 0.9239
vn -0.0747 0.3753 0.9239
vn -0.1802 0.9061 0.3827
vn -0.0250 0.3818 0.9239
vn -0.0604 0.9219 0.3826
vn -0.0604 -0.9219 0.3828
vn -0.0250 -0.3818 0.9239
vn -0.1802 -0.9061 0.3826
vn -0.0747 -0.3753 0.9239
vn -0.1230 -0.3623 0.9239
vn -0.2970 -0.8749 0.3826
vn -0.4086 -0.8287 0.3825
vn -0.1692 -0.3431 0.9239
vn -0.5133 -0.7682 0.3826
vn -0.2126 -0.3181 0.9239
vn -0.2522 -0.2877 0.9239
vn -0.6946 -0.6091 0.3828
vn -0.2877 -0.2523 0.9239
vn -0.7682 -0.5132 0.3827
vn -0.3181 -0.2126 0.9239
vn -0.3432 -0.1693 0.9239
vn -0.8286 -0.4086 0.3827
vn -0.8748 -0.2969 0.3827
vn -0.3753 -0.0747 0.9239
vn -0.9061 -0.1802 0.3828
vn -0.9219 -0.0604 0.3826
vn -0.3753 0.0747 0.9239
vn -0.3623 0.1230 0.9239
vn -0.8748 0.2969 0.3828
vn -0.8286 0.4086 0.3827
vn -0.5136 -0.7686 0.3812
vn -0.2134 -0.3193 0.9233
vn 0.6948 -0.6093 0.3820
vn 0.2882 -0.2527 0.9236
vn 0.6092 -0.6946 0.3827
vn 0.2126 -0.3181 0.9239
vn 0.5132 -0.7682 0.3827
vn 0.4086 -0.8287 0.3826
vn 0.1692 -0.3432 0.9239
vn 0.1230 -0.3623 0.9239
vn 0.2970 -0.8749 0.3827
vn 0.1802 -0.9061 0.3827
vn 0.0250 -0.3819 0.9239
vn 0.0604 -0.9219 0.3827
vn -0.0604 -0.9219 0.3827
vn -0.1802 -0.9061 0.3827
vn -0.2970 -0.8749 0.3827
vn -0.1692 -0.3432 0.9239
vn -0.4086 -0.8286 0.3827
vn -0.5133 -0.7681 0.3827
vn -0.7682 -0.5133 0.3827
vn -0.3431 -0.1692 0.9239
vn -0.8286 -0.4087 0.3826
vn -0.8749 -0.2969 0.3826
vn -0.3623 -0.1231 0.9239
vn -0.3753 -0.0746 0.9239
vn -0.9062 -0.1802 0.3826
vn -0.3818 -0.0251 0.9239
vn -0.9219 -0.0605 0.3828
vn 0.3752 -0.0746 0.9239
vn 0.9061 -0.1802 0.3827
vn 0.8748 -0.2970 0.3827
vn 0.8286 -0.4087 0.3827
vn 0.7682 -0.5133 0.3826
vn 0.6946 -0.6092 0.3827
vn 0.5133 -0.7682 0.3827
vn 0.4087 -0.8286 0.3827
vn -0.2970 -0.8748 0.3827
vn -0.1693 -0.3432 0.9239
vn -0.5132 -0.7682 0.3827
vn -0.2126 -0.3182 0.9239
vn -0.6946 -0.6091 0.3827
vn -0.3623 -0.1230 0.9239
vn -0.8749 -0.2970 0.3827
vn -0.3819 0.0250 0.9239
vn -0.9219 0.0605 0.3827
vn -0.8749 0.2970 0.3827
vn -0.3431 0.1692 0.9239
vn -0.7681 0.5133 0.3827
vn -0.3183 0.2126 0.9239
vn 0.6091 -0.6946 0.3828
vn 0.2127 -0.3181 0.9239
vn 0.5133 -0.7682 0.3826
vn 0.4086 -0.8286 0.3826
vn 0.0746 -0.3753 0.9239
vn -0.0604 -0.9219 0.3826
vn -0.1230 -0.3624 0.9239
vn -0.2878 -0.2523 0.9239
vn -0.8749 -0.2969 0.3827
vn -0.3819 -0.0250 0.9239
vn 0.9219 -0.0605 0.3828
vn 0.8286 -0.4086 0.3827
vn 0.7681 -0.5133 0.3827
vn -0.5133 -0.7682 0.3827
vn -0.2524 -0.2877 0.9239
vn -0.6092 -0.6946 0.3827
vn 0.6946 0.6091 0.3827
vn 0.7681 0.5134 0.3826
vn 0.3432 0.1693 0.9239
vn 0.8286 0.4087 0.3827
vn 0.8749 0.2969 0.3827
vn 0.3624 0.1230 0.9239
vn 0.9061 0.1802 0.3827
vn 0.3624 -0.1230 0.9239
vn 0.8749 -0.2970 0.3827
vn 0.3432 -0.1693 0.9239
vn 0.7682 -0.5132 0.3827
vn -0.1803 -0.9061 0.3827
vn -0.8748 0.2970 0.3827
vn -0.8286 0.4086 0.3828
vn -0.3182 0.2126 0.9239
vn -0.6946 0.6092 0.3827
vn -0.2126 0.3182 0.9239
vn -0.4086 0.8286 0.3827
vn -0.1693 0.3432 0.9239
vn -0.1803 0.9061 0.3827
vn -0.0604 0.9219 0.3827
vn 0.0250 0.3818 0.9239
vn 0.2970 0.8749 0.3827
vn 0.1230 0.3623 0.9239
vn 0.4086 0.8286 0.3827
vn 0.5133 0.7682 0.3826
vn 0.6091 0.6946 0.3827
vn -0.8748 -0.2970 0.3827
vn -0.9219 -0.0605 0.3827
vn -0.3753 0.0746 0.9239
vn -0.8749 0.2969 0.3826
vn -0.3432 0.1692 0.9239
vn -0.2970 0.8748 0.3827
vn -0.0746 0.3753 0.9239
vn 0.0746 0.3753 0.9239
vn 0.1693 0.3432 0.9239
vn 0.5133 0.7682 0.3827
vn 0.2877 0.2523 0.9239
vn 0.7682 0.5133 0.3827
vn 0.8286 0.4086 0.3827
vn -0.9219 0.0605 0.3828
vn -0.3752 0.0746 0.9239
vn -0.7682 0.5133 0.3827
vn -0.2524 0.2877 0.9239
vn -0.1230 0.3624 0.9239
vn 0.6946 0.6091 0.3826
vn 0.2876 0.2523 0.9239
vn 0.8748 0.2970 0.3827
vn 0.3752 0.0746 0.9239
vn 0.9219 -0.0605 0.3827
vn 0.3819 -0.0250 0.9239
vn 0.3753 -0.0746 0.9239
vn 0.3181 -0.2126 0.9239
vn -0.6091 0.6946 0.3827
vn -0.2522 0.2876 0.9239
vn -0.2127 0.3182 0.9239
vn 0.4087 0.8286 0.3827
vn 0.6946 0.6092 0.3827
vn 0.7682 0.5132 0.3827
vn 0.8749 0.2970 0.3827
vn -0.9218 0.0605 0.3828
vn -0.3818 0.0251 0.9239
vn -0.9061 0.1803 0.3826
vn -0.3623 0.1231 0.9239
vn -0.8287 0.4087 0.3825
vn -0.7682 0.5134 0.3826
vn -0.2878 0.2522 0.9239
vn -0.6947 0.6090 0.3827
vn -0.5132 0.7683 0.3826
vn -0.4087 0.8286 0.3827
vn -0.6947 -0.6090 0.3829
vn -0.7683 -0.5132 0.3826
vn -0.8286 -0.4087 0.3825
vn -0.8749 -0.2969 0.3825
vn -0.9061 -0.1804 0.3826
vn -0.9220 0.0604 0.3826
vn -0.9062 0.1802 0.3826
vn -0.8749 0.2969 0.3825
vn -0.8287 0.4086 0.3825
vn -0.5133 0.7681 0.3828
vn -0.2969 0.8748 0.3828
vn -0.0250 0.3819 0.9239
vn 0.2969 0.8748 0.3828
vn 0.2126 0.3181 0.9239
vn 0.2525 0.2880 0.9237
vn 0.6093 0.6948 0.3821
vn -0.6948 0.6088 0.3829
vn -0.2877 0.2522 0.9239
vn -0.6091 0.6946 0.3828
vn -0.5134 0.7682 0.3826
vn 0.0604 0.9218 0.3829
vn 0.2523 0.2878 0.9239
vn 0.6946 0.6092 0.3826
vn 0.7682 0.5133 0.3826
vn 0.8285 0.4087 0.3827
vn 0.8748 0.2969 0.3828
vn 0.9061 0.1803 0.3827
vn 0.9219 0.0604 0.3828
vn -0.3817 0.0250 0.9239
vn -0.3752 0.0747 0.9239
vn -0.9061 0.1802 0.3826
vn -0.8286 0.4087 0.3827
vn -0.6946 0.6091 0.3827
vn -0.2878 0.2523 0.9239
vn -0.6091 0.6947 0.3826
vn -0.5132 0.7682 0.3828
vn -0.2970 0.8748 0.3828
vn -0.1802 0.9061 0.3826
vn 0.0604 0.9220 0.3825
vn 0.0250 0.3817 0.9239
vn 0.1802 0.9061 0.3828
vn 0.1692 0.3431 0.9239
vn 0.4086 0.8287 0.3825
vn 0.6947 0.6091 0.3826
vn 0.8287 0.4087 0.3825
vn 0.3431 0.1693 0.9239
vn 0.7682 -0.5133 0.3827
vn 0.6946 -0.6092 0.3825
vn -0.2970 0.8749 0.3826
vn -0.1802 0.9061 0.3828
vn -0.0747 0.3754 0.9239
vn -0.0605 0.9219 0.3826
vn 0.0605 0.9219 0.3826
vn 0.1802 0.9062 0.3826
vn 0.8286 0.4086 0.3826
vn -0.5133 0.7682 0.3826
vn -0.1802 0.9062 0.3826
vn -0.2876 -0.2522 0.9239
vn -0.7682 -0.5133 0.3825
vn -0.8749 -0.2970 0.3826
vn 0.0746 0.3752 0.9239
vn 0.1802 0.9062 0.3825
vn 0.2125 0.3181 0.9239
vn 0.6091 0.6946 0.3828
vn 0.8749 -0.2970 0.3826
vn 0.7682 -0.5132 0.3828
vn 0.6946 -0.6093 0.3826
vn 0.2125 -0.3181 0.9239
vn 0.2970 -0.8749 0.3826
vn 0.1802 -0.9061 0.3826
vn 0.0604 -0.9219 0.3828
vn -0.4087 -0.8286 0.3827
vn -0.5133 -0.7681 0.3828
vn -0.6092 -0.6946 0.3826
vn 0.3754 0.0747 0.9239
vn 0.9219 -0.0605 0.3826
vn 0.6946 -0.6091 0.3828
vn 0.1802 -0.9061 0.3828
vn 0.0604 -0.9218 0.3829
vn -0.0604 -0.9218 0.3829
vn -0.1802 -0.9061 0.3828
vn -0.8286 -0.4086 0.3826
vn -0.3431 -0.1693 0.9239
vn -0.9061 -0.1803 0.3827
vn 0.3817 -0.0250 0.9239
vn 0.3431 -0.1693 0.9239
vn 0.2878 -0.2523 0.9239
vn 0.6092 -0.6946 0.3826
vn -0.8749 0.2969 0.3827
vn -0.8286 0.4086 0.3826
vn 0.1802 -0.9062 0.3826
vn -0.2969 -0.8749 0.3826
vn -0.2125 -0.3181 0.9239
vn -0.6091 -0.6946 0.3828
vn -0.6946 -0.6092 0.3827
vn 0.9061 -0.1803 0.3827
vn 0.8749 -0.2969 0.3827
vn 0.4087 -0.8285 0.3827
vn 0.1692 -0.3431 0.9239
vn 0.2970 0.8749 0.3826
vn 0.5132 0.7682 0.3827
vn 0.7682 0.5132 0.3826
vn 0.8285 0.4086 0.3828
vn 0.9219 0.0602 0.3827
vn 0.3752 -0.0747 0.9239
vn 0.9062 -0.1803 0.3826
vn 0.8748 -0.2969 0.3828
vn 0.8285 -0.4086 0.3828
vn 0.7682 -0.5132 0.3826
vn 0.6092 -0.6945 0.3827
vn -0.0605 -0.9219 0.3827
vn -0.0746 -0.3753 0.9239
vn -0.2878 0.2524 0.9239
vn 0.6946 -0.6091 0.3826
vn 0.9613 0.0947 -0.2589
vn 0.9659 -0.0000 -0.2588
vn 0.7071 -0.0000 -0.7071
vn 0.7037 0.0693 -0.7071
vn 0.8362 0.1659 -0.5227
vn 0.9243 0.2804 -0.2588
vn 0.2576 0.0254 -0.9659
vn 0.2477 0.0751 -0.9659
vn -0.0000 -0.0000 1.0000
vn 0.8519 0.4554 -0.2588
vn 0.2283 0.1220 -0.9659
vn -0.0000 -0.0000 -1.0000
vn 0.7467 0.6128 -0.2589
vn 0.2001 0.1642 -0.9659
vn 0.4487 0.5466 -0.7071
vn 0.6128 0.7467 -0.2589
vn 0.3333 0.6236 -0.7071
vn 0.4553 0.8519 -0.2588
vn 0.0751 0.2477 -0.9659
vn 0.0254 0.2576 -0.9659
vn -0.0645 -0.0000 -0.9979
vn 0.2053 0.6767 -0.7071
vn -0.0000 0.9659 -0.2588
vn 0.0947 0.9613 -0.2588
vn -0.0000 0.2588 -0.9659
vn -0.0693 0.7037 -0.7071
vn -0.0947 0.9613 -0.2588
vn -0.0254 0.2576 -0.9659
vn -0.0751 0.2477 -0.9659
vn -0.2053 0.6767 -0.7071
vn -0.3333 0.6236 -0.7071
vn -0.4485 0.5466 -0.7071
vn -0.6128 0.7467 -0.2588
vn -0.4553 0.8519 -0.2588
vn -0.5466 0.4486 -0.7071
vn -0.7467 0.6127 -0.2588
vn -0.8519 0.4553 -0.2589
vn -0.2001 0.1642 -0.9659
vn -0.2284 0.1220 -0.9659
vn -0.9243 0.2804 -0.2588
vn -0.2477 0.0751 -0.9659
vn -0.7037 0.0693 -0.7071
vn -0.9613 0.0947 -0.2588
vn -0.2576 0.0254 -0.9659
vn -0.7071 -0.0000 -0.7071
vn -0.9659 -0.0000 -0.2588
vn -0.7037 -0.0693 -0.7071
vn -0.9613 -0.0947 -0.2589
vn -0.7901 -0.1567 -0.5926
vn -0.9243 -0.2804 -0.2588
vn -0.2576 -0.0254 -0.9659
vn -0.2477 -0.0751 -0.9659
vn -0.8518 -0.4554 -0.2588
vn -0.2283 -0.1220 -0.9659
vn -0.5466 -0.4486 -0.7071
vn -0.7466 -0.6128 -0.2588
vn -0.2001 -0.1642 -0.9659
vn -0.4486 -0.5466 -0.7071
vn -0.6128 -0.7466 -0.2590
vn -0.3333 -0.6236 -0.7071
vn -0.4553 -0.8519 -0.2588
vn -0.0751 -0.2477 -0.9659
vn -0.0254 -0.2576 -0.9659
vn -0.0693 -0.7037 -0.7072
vn -0.2053 -0.6767 -0.7071
vn -0.0000 -0.7071 -0.7071
vn -0.0000 -0.9659 -0.2589
vn -0.0947 -0.9613 -0.2588
vn -0.0000 -0.2588 -0.9659
vn 0.0693 -0.7037 -0.7071
vn 0.0947 -0.9613 -0.2588
vn 0.0254 -0.2576 -0.9659
vn 0.0751 -0.2477 -0.9659
vn 0.2053 -0.6767 -0.7071
vn 0.3333 -0.6236 -0.7071
vn 0.4486 -0.5466 -0.7071
vn 0.6128 -0.7467 -0.2588
vn 0.4553 -0.8519 -0.2588
vn 0.7467 -0.6127 -0.2589
vn 0.8519 -0.4553 -0.2588
vn 0.2001 -0.1642 -0.9659
vn 0.2283 -0.1220 -0.9659
vn 0.9243 -0.2804 -0.2588
vn 0.2477 -0.0751 -0.9659
vn 0.7037 -0.0693 -0.7071
vn 0.9613 -0.0947 -0.2588
vn 0.2576 -0.0254 -0.9659
vn 0.7036 0.0693 0.7072
vn 0.7071 -0.0000 0.7071
vn 0.9659 -0.0000 0.2588
vn 0.9613 0.0947 0.2589
vn 0.9243 0.2804 0.2588
vn 0.6200 0.1230 0.7749
vn 0.2576 0.0254 0.9659
vn 0.2477 0.0751 0.9659
vn 0.8519 0.4554 0.2588
vn 0.2283 0.1220 0.9659
vn 0.7466 0.6128 0.2589
vn 0.5466 0.4485 0.7071
vn 0.2001 0.1642 0.9659
vn 0.6128 0.7466 0.2589
vn 0.4486 0.5466 0.7071
vn 0.4553 0.8519 0.2588
vn 0.3333 0.6236 0.7071
vn 0.0693 0.7037 0.7071
vn 0.2053 0.6767 0.7071
vn 0.0751 0.2477 0.9659
vn 0.0253 0.2575 0.9659
vn -0.0000 0.9659 0.2588
vn 0.0947 0.9613 0.2588
vn -0.0000 0.7071 0.7071
vn -0.0000 0.2588 0.9659
vn -0.0947 0.9613 0.2588
vn -0.0788 -0.3152 0.9457
vn -0.0254 0.2576 0.9659
vn -0.2053 0.6766 0.7071
vn -0.0751 0.2477 0.9659
vn -0.6127 0.7467 0.2588
vn -0.4553 0.8519 0.2588
vn -0.3333 0.6236 0.7071
vn -0.4486 0.5466 0.7071
vn -0.7466 0.6128 0.2589
vn -0.5466 0.4486 0.7071
vn -0.8519 0.4553 0.2588
vn -0.2001 0.1642 0.9659
vn -0.2283 0.1220 0.9659
vn -0.9243 0.2804 0.2588
vn -0.2476 0.0751 0.9659
vn -0.9613 0.0947 0.2588
vn -0.7037 0.0693 0.7071
vn -0.2576 0.0254 0.9659
vn -0.9659 -0.0000 0.2588
vn -0.7071 -0.0000 0.7071
vn -0.9613 -0.0947 0.2589
vn -0.7036 -0.0693 0.7072
vn -0.9243 -0.2804 0.2588
vn -0.5514 -0.1094 0.8271
vn -0.2575 -0.0254 0.9659
vn -0.2476 -0.0751 0.9659
vn -0.8519 -0.4554 0.2588
vn -0.2282 -0.1220 0.9659
vn -0.7467 -0.6127 0.2588
vn -0.2001 -0.1642 0.9659
vn -0.6128 -0.7467 0.2589
vn -0.4485 -0.5466 0.7071
vn -0.4553 -0.8519 0.2587
vn -0.3333 -0.6236 0.7071
vn -0.0693 -0.7037 0.7071
vn -0.2053 -0.6767 0.7071
vn -0.0751 -0.2477 0.9659
vn -0.0253 -0.2575 0.9659
vn -0.0000 -0.9659 0.2589
vn -0.0947 -0.9613 0.2588
vn -0.0000 -0.7072 0.7071
vn -0.0000 -0.2588 0.9659
vn 0.0947 -0.9613 0.2588
vn 0.0542 0.1239 0.9908
vn 0.0254 -0.2576 0.9659
vn 0.2053 -0.6767 0.7071
vn 0.0751 -0.2477 0.9659
vn 0.6128 -0.7467 0.2588
vn 0.4553 -0.8519 0.2589
vn 0.3333 -0.6236 0.7071
vn 0.4485 -0.5466 0.7071
vn 0.7467 -0.6128 0.2589
vn 0.5466 -0.4486 0.7071
vn 0.8519 -0.4553 0.2589
vn 0.2001 -0.1642 0.9659
vn 0.2283 -0.1220 0.9659
vn 0.9243 -0.2804 0.2588
vn 0.2477 -0.0751 0.9659
vn 0.9613 -0.0947 0.2588
vn 0.7037 -0.0693 0.7071
vn 0.2575 -0.0254 0.9659
vn 0.9979 0.0655 -0.0000
vn 0.9808 0.1951 -0.0000
vn 0.9979 -0.0654 -0.0000
vn 0.9469 0.3215 -0.0000
vn 0.9808 -0.1951 -0.0000
vn 0.9470 -0.3213 -0.0000
vn 0.8969 0.4423 -0.0000
vn 0.8969 -0.4423 -0.0000
vn 0.8315 0.5555 -0.0000
vn 0.8315 -0.5556 -0.0000
vn 0.8314 -0.5556 -0.0000
vn 0.7519 0.6593 -0.0000
vn 0.7518 -0.6594 -0.0000
vn 0.6594 0.7518 -0.0000
vn 0.6593 -0.7519 -0.0000
vn 0.6593 0.7518 -0.0000
vn 0.5556 0.8315 -0.0000
vn 0.5556 -0.8315 -0.0000
vn 0.4423 -0.8969 -0.0000
vn 0.4423 0.8969 -0.0000
vn 0.3215 0.9469 -0.0000
vn 0.3215 -0.9469 -0.0000
vn 0.1951 0.9808 -0.0000
vn 0.1951 -0.9808 -0.0000
vn 0.0654 -0.9979 -0.0000
vn -0.0654 -0.9979 -0.0000
vn 0.0654 0.9979 -0.0000
vn -0.0654 0.9979 -0.0000
vn -0.1951 -0.9808 -0.0000
vn -0.1951 0.9808 -0.0000
vn -0.3215 0.9469 -0.0000
vn -0.3214 -0.9469 -0.0000
vn -0.4423 0.8969 -0.0000
vn -0.4423 -0.8969 -0.0000
vn -0.5555 0.8315 -0.0000
vn -0.5556 -0.8314 -0.0000
vn -0.6594 -0.7518 -0.0000
vn -0.6594 0.7518 -0.0000
vn -0.6593 0.7518 -0.0000
vn -0.7519 0.6593 -0.0000
vn -0.7518 -0.6594 -0.0000
vn -0.8314 0.5556 -0.0000
vn -0.8315 -0.5556 -0.0000
vn -0.8314 -0.5556 -0.0000
vn -0.8969 0.4423 -0.0000
vn -0.9470 0.3213 -0.0000
vn -0.9469 -0.3215 -0.0000
vn -0.8969 -0.4423 -0.0000
vn -0.9979 -0.0655 -0.0000
vn -0.9808 -0.1951 -0.0000
vn 0.9979 0.0654 -0.0000
vn -0.9979 0.0655 -0.0000
vn -0.9979 0.0654 -0.0000
vn -0.9979 -0.0653 -0.0000
vn -0.9808 0.1951 -0.0000
vn 0.9469 0.3214 -0.0000
vn 0.9469 -0.3215 -0.0000
vn 0.8315 0.5556 -0.0000
vn 0.7518 0.6593 -0.0000
vn 0.6593 -0.7518 -0.0000
vn 0.3214 0.9469 -0.0000
vn 0.3214 -0.9469 -0.0000
vn -0.5556 0.8315 -0.0000
vn -0.3214 0.9469 -0.0000
vn -0.5556 -0.8315 -0.0000
vn -0.6593 0.7519 -0.0000
vn -0.8315 0.5556 -0.0000
vn -0.9808 -0.1950 -0.0000
vn -0.9469 -0.3214 -0.0000
vn -0.9469 0.3215 -0.0000
vn -0.9979 -0.0654 -0.0000
vn 0.9469 -0.3214 -0.0000
vn 0.6594 -0.7518 -0.0000
vn 0.7518 -0.6593 -0.0000
vn 0.7518 0.6594 -0.0000
vn -0.7518 0.6594 -0.0000
vn -0.7518 -0.6593 -0.0000
vn -0.9469 0.3214 -0.0000
vn 0.6593 0.7519 -0.0000
vn -0.6593 -0.7518 -0.0000
vn -0.9808 0.1950 -0.0000
vn -0.7518 0.6593 -0.0000
vn 0.7519 -0.6593 -0.0000
vn 0.9979 -0.0652 -0.0000
vn 0.9808 -0.1952 -0.0000
vn 0.9979 -0.0653 -0.0000
vn 0.9979 0.0652 -0.0000
vn 0.8314 0.5556 -0.0000
vn 0.5556 0.8314 -0.0000
vn -0.0001 -0.0000 -1.0000
vn -0.5556 0.8314 -0.0000
vn -0.6593 -0.7519 -0.0000
vn -0.7519 -0.6593 -0.0000
vn -0.9470 -0.3213 -0.0000
vn 0.2804 -0.9243 -0.2589
vn -0.2804 -0.9243 -0.2588
vn -0.2589 -0.0000 -0.9659
vn -0.2804 0.9243 -0.2589
vn 0.2804 0.9243 -0.2588
vn 0.2589 -0.0000 0.9659
vn 0.2804 0.9243 0.2588
vn -0.2804 0.9243 0.2589
vn -0.2588 -0.0000 0.9659
vn -0.2804 -0.9243 0.2588
vn 0.2804 -0.9243 0.2589
vn 0.8017 -0.0789 -0.5925
vn 0.5669 -0.1720 -0.8056
vn 0.8765 -0.2659 -0.4014
vn 0.3541 -0.1892 -0.9159
vn 0.5225 -0.2792 -0.8056
vn 0.7104 -0.3798 -0.5925
vn 0.8077 -0.4318 -0.4015
vn 0.7080 -0.5810 -0.4014
vn 0.5110 -0.6227 -0.5926
vn 0.5811 -0.7080 -0.4013
vn 0.0393 -0.3995 -0.9159
vn 0.0581 -0.5896 -0.8056
vn -0.0000 -0.9159 -0.4013
vn -0.0581 -0.5897 -0.8056
vn -0.5111 -0.6227 -0.5925
vn -0.5810 -0.7080 -0.4015
vn -0.7081 -0.5810 -0.4013
vn -0.3540 -0.1892 -0.9159
vn -0.5225 -0.2793 -0.8056
vn -0.7105 -0.3798 -0.5924
vn -0.8078 -0.4317 -0.4014
vn -0.7709 -0.2338 -0.5925
vn -0.8017 0.0790 -0.5926
vn -0.9115 0.0898 -0.4014
vn -0.3841 0.1165 -0.9159
vn -0.5669 0.1720 -0.8056
vn -0.7709 0.2339 -0.5925
vn -0.3541 0.1892 -0.9159
vn -0.7104 0.3798 -0.5925
vn -0.8078 0.4317 -0.4014
vn -0.6227 0.5111 -0.5925
vn -0.7080 0.5810 -0.4014
vn -0.5111 0.6227 -0.5925
vn -0.5811 0.7080 -0.4013
vn 0.0393 0.3995 -0.9159
vn 0.5110 0.6227 -0.5925
vn 0.6227 0.5110 -0.5925
vn 0.7081 0.5810 -0.4013
vn 0.3540 0.1892 -0.9159
vn 0.7105 0.3798 -0.5924
vn 0.8077 0.4318 -0.4014
vn 0.3843 0.1165 -0.9158
vn 0.8765 0.2658 -0.4014
vn 0.8017 0.0790 -0.5925
vn 0.9115 0.0898 -0.4013
vn 0.9115 0.0898 0.4013
vn 0.8017 0.0790 0.5925
vn 0.8765 0.2658 0.4014
vn 0.5670 0.1720 0.8056
vn 0.8077 0.4318 0.4014
vn 0.7105 0.3798 0.5924
vn 0.5225 0.2793 0.8056
vn 0.3539 0.1892 0.9159
vn 0.6227 0.5110 0.5925
vn 0.5810 0.7080 0.4014
vn 0.0393 0.3995 0.9159
vn -0.0394 0.3995 0.9159
vn -0.5811 0.7080 0.4014
vn -0.5111 0.6227 0.5925
vn -0.7080 0.5810 0.4014
vn -0.6228 0.5111 0.5924
vn -0.8078 0.4317 0.4014
vn -0.7104 0.3798 0.5925
vn -0.5226 0.2793 0.8056
vn -0.3541 0.1892 0.9159
vn -0.8765 0.2659 0.4013
vn -0.9115 0.0898 0.4014
vn -0.9115 -0.0898 0.4013
vn -0.8017 -0.0789 0.5925
vn -0.8765 -0.2659 0.4014
vn -0.7709 -0.2338 0.5925
vn -0.5670 -0.1720 0.8056
vn -0.8077 -0.4318 0.4014
vn -0.7105 -0.3798 0.5924
vn -0.3540 -0.1892 0.9159
vn -0.7081 -0.5811 0.4013
vn -0.6227 -0.5110 0.5925
vn -0.5810 -0.7080 0.4014
vn -0.5111 -0.6227 0.5925
vn -0.0394 -0.3995 0.9159
vn -0.0000 -0.9158 0.4015
vn -0.0000 -0.8057 0.5924
vn 0.5811 -0.7081 0.4012
vn 0.5111 -0.6227 0.5925
vn 0.7080 -0.5810 0.4015
vn 0.6227 -0.5111 0.5925
vn 0.7104 -0.3798 0.5925
vn 0.3541 -0.1892 0.9159
vn 0.8765 -0.2659 0.4013
vn 0.9115 -0.0898 0.4014
vn 0.8017 -0.0789 0.5925
vn -0.6087 0.6941 -0.3843
vn -0.6947 0.6092 -0.3825
vn -0.3431 0.1693 -0.9239
vn -0.8749 0.2969 -0.3827
vn -0.9219 -0.0603 -0.3827
vn -0.8285 -0.4087 -0.3827
vn -0.7681 -0.5133 -0.3827
vn -0.6091 -0.6947 -0.3827
vn -0.0250 -0.3819 -0.9239
vn -0.0251 0.3818 -0.9239
vn -0.1803 0.9061 -0.3827
vn -0.6091 0.6947 -0.3827
vn -0.7682 0.5132 -0.3828
vn -0.8286 0.4086 -0.3828
vn -0.8749 0.2968 -0.3826
vn -0.3623 0.1229 -0.9239
vn -0.9061 0.1804 -0.3826
vn -0.9061 -0.1803 -0.3826
vn -0.3623 -0.1229 -0.9239
vn -0.7681 -0.5134 -0.3827
vn 0.2874 -0.2520 -0.9241
vn 0.3181 -0.2125 -0.9239
vn 0.7681 -0.5134 -0.3826
vn 0.8286 -0.4085 -0.3828
vn 0.9061 -0.1801 -0.3827
vn 0.3818 -0.0251 -0.9239
vn 0.9219 0.0604 -0.3826
vn 0.3819 0.0251 -0.9239
vn 0.8286 0.4085 -0.3828
vn 0.6947 0.6091 -0.3827
vn 0.2877 0.2522 -0.9239
vn 0.2125 0.3181 -0.9239
vn 0.6946 -0.6090 -0.3828
vn 0.3182 -0.2125 -0.9239
vn 0.7682 -0.5132 -0.3826
vn 0.3431 -0.1692 -0.9239
vn 0.8287 -0.4086 -0.3826
vn 0.3622 -0.1231 -0.9239
vn 0.9061 -0.1801 -0.3828
vn 0.8749 0.2969 -0.3825
vn 0.3623 0.1231 -0.9239
vn 0.7679 0.5131 -0.3834
vn -0.2877 -0.2524 -0.9239
vn 0.0251 -0.3818 -0.9239
vn 0.2877 -0.2522 -0.9239
vn 0.6947 -0.6090 -0.3827
vn 0.7682 -0.5132 -0.3827
vn 0.8285 -0.4088 -0.3827
vn 0.8749 -0.2968 -0.3826
vn 0.3623 -0.1229 -0.9239
vn 0.9062 -0.1803 -0.3826
vn 0.9219 -0.0604 -0.3828
vn -0.3754 -0.0746 -0.9239
vn -0.8286 -0.4087 -0.3827
vn -0.2522 -0.2877 -0.9239
vn -0.2127 -0.3182 -0.9239
vn 0.8286 -0.4087 -0.3827
vn -0.6091 -0.6946 -0.3828
vn -0.3433 -0.1692 -0.9239
vn -0.4087 -0.8286 -0.3827
vn 0.8286 0.4086 -0.3826
vn 0.4087 0.8286 -0.3827
vn 0.3431 -0.1693 -0.9239
vn 0.8748 -0.2969 -0.3827
vn -0.4086 0.8286 -0.3828
vn -0.3754 0.0746 -0.9239
vn 0.9061 0.1802 -0.3826
vn 0.2127 0.3182 -0.9239
vn -0.3753 0.0746 -0.9239
vn -0.2127 0.3182 -0.9239
vn -0.2522 0.2877 -0.9239
vn -0.7681 0.5133 -0.3828
vn 0.9219 0.0603 -0.3827
vn 0.3623 0.1229 -0.9239
vn 0.8285 0.4088 -0.3827
vn 0.6092 0.6945 -0.3827
vn 0.0604 0.9219 -0.3826
vn 0.4086 -0.8287 -0.3825
vn 0.5132 -0.7682 -0.3826
vn 0.2878 -0.2523 -0.9239
vn 0.3625 -0.1230 -0.9238
vn 0.9061 -0.1802 -0.3828
vn 0.9219 -0.0602 -0.3827
vn 0.9219 0.0602 -0.3827
vn 0.2523 0.2878 -0.9239
vn 0.1802 0.9062 -0.3826
vn 0.0250 0.3817 -0.9239
vn -0.0604 0.9220 -0.3825
vn -0.5136 0.7686 -0.3813
vn -0.2134 0.3193 -0.9233
vn 0.6949 0.6092 -0.3820
vn 0.2882 0.2528 -0.9236
vn 0.6090 0.6946 -0.3829
vn 0.5133 0.7682 -0.3826
vn 0.2125 0.3182 -0.9239
vn 0.0604 0.9220 -0.3826
vn -0.0746 0.3752 -0.9239
vn -0.5132 0.7682 -0.3828
vn -0.6948 0.6090 -0.3826
vn -0.8286 0.4086 -0.3826
vn -0.8748 0.2971 -0.3827
vn -0.9061 0.1801 -0.3827
vn 0.2524 0.2877 -0.9239
vn 0.1692 0.3431 -0.9239
vn 0.4087 0.8287 -0.3825
vn 0.0746 0.3752 -0.9239
vn 0.1802 0.9062 -0.3825
vn -0.1802 0.9061 -0.3829
vn -0.3183 -0.2126 -0.9239
vn -0.2876 -0.2523 -0.9239
vn 0.6092 0.6946 -0.3828
vn -0.0605 0.9219 -0.3827
vn -0.2524 0.2877 -0.9239
vn 0.3431 0.1693 -0.9239
vn 0.1693 0.3431 -0.9239
vn -0.1803 0.9061 -0.3826
vn -0.6091 0.6947 -0.3826
vn 0.0251 -0.3819 -0.9239
vn 0.2969 -0.8749 -0.3827
vn 0.4087 -0.8286 -0.3827
vn -0.6946 -0.6091 -0.3828
vn -0.1802 -0.9061 -0.3828
vn 0.3819 -0.0250 -0.9238
vn 0.7682 -0.5132 -0.3828
vn -0.3818 -0.0251 -0.9239
vn -0.9218 -0.0605 -0.3828
vn -0.9061 -0.1801 -0.3827
vn -0.8748 -0.2971 -0.3827
vn -0.8287 -0.4086 -0.3826
vn -0.7682 -0.5134 -0.3826
vn -0.2523 -0.2878 -0.9239
vn -0.1802 -0.9062 -0.3825
vn -0.5133 0.7681 -0.3827
vn -0.7681 0.5132 -0.3829
vn -0.3182 0.2127 -0.9239
vn -0.8286 0.4085 -0.3828
vn -0.9219 -0.0604 -0.3826
vn -0.3819 -0.0251 -0.9239
vn -0.8286 -0.4085 -0.3828
vn -0.3182 -0.2127 -0.9239
vn -0.7681 -0.5133 -0.3828
vn -0.6947 -0.6091 -0.3827
vn -0.5132 -0.7682 -0.3826
vn 0.6093 -0.6947 -0.3822
vn 0.3820 -0.0250 -0.9238
vn -0.9219 0.0606 -0.3828
vn 0.6947 0.6092 -0.3826
vn 0.2877 0.2524 -0.9239
vn 0.9219 -0.0602 -0.3828
vn 0.7679 -0.5131 0.3834
vn 0.3177 -0.2122 0.9242
vn 0.2874 0.2520 0.9241
vn 0.6945 0.6090 0.3831
vn 0.8749 0.2969 0.3825
vn 0.9061 0.1801 0.3827
vn 0.3818 -0.0251 0.9239
vn 0.9061 -0.1801 0.3828
vn 0.3754 -0.0746 0.9239
vn 0.8749 -0.2969 0.3825
vn 0.8287 -0.4086 0.3826
vn 0.7683 -0.5132 0.3826
vn 0.3181 -0.2125 0.9239
vn 0.6947 -0.6091 0.3826
vn 0.3433 0.1693 0.9239
vn 0.8286 0.4085 0.3828
vn 0.9061 -0.1801 0.3827
vn -0.9218 -0.0606 0.3828
vn -0.6947 0.6091 0.3826
vn -0.3820 -0.0251 0.9238
vn 0.9220 0.0604 0.3826
vn 0.9219 0.0606 0.3827
vn -0.3181 0.2125 0.9239
vn -0.2513 -0.2866 0.9245
vn -0.6088 -0.6942 0.3841
vn -0.7683 -0.5132 0.3827
vn -0.8285 -0.4086 0.3828
vn -0.8749 -0.2968 0.3826
vn -0.3623 -0.1229 0.9239
vn -0.3752 -0.0747 0.9239
vn -0.9219 -0.0603 0.3827
vn -0.9219 0.0603 0.3827
vn -0.9061 0.1804 0.3826
vn -0.3623 0.1229 0.9239
vn -0.7682 0.5132 0.3828
vn -0.6091 0.6947 0.3827
vn -0.4086 0.8287 0.3826
vn -0.0250 -0.3819 0.9239
vn -0.7682 -0.5133 0.3826
vn -0.8285 -0.4087 0.3827
vn -0.3625 0.1230 0.9238
vn -0.5136 -0.7687 0.3812
vn -0.2133 -0.3193 0.9233
vn 0.6948 -0.6093 0.3821
vn 0.2883 -0.2528 0.9236
vn 0.6091 -0.6947 0.3827
vn -0.5132 -0.7683 0.3826
vn -0.6947 -0.6091 0.3827
vn -0.7681 -0.5133 0.3828
vn -0.3182 -0.2127 0.9239
vn -0.3433 -0.1692 0.9239
vn -0.8286 -0.4085 0.3828
vn -0.8748 -0.2971 0.3827
vn -0.9061 -0.1801 0.3827
vn 0.2125 -0.3182 0.9239
vn -0.8286 -0.4086 0.3828
vn -0.8748 0.2969 0.3827
vn 0.2523 -0.2876 0.9239
vn 0.6946 -0.6091 0.3827
vn -0.4086 -0.8286 0.3826
vn 0.6947 -0.6091 0.3827
vn 0.2522 0.2877 0.9239
vn -0.2876 -0.2523 0.9239
vn -0.9061 -0.1802 0.3826
vn -0.3817 -0.0250 0.9239
vn -0.5133 0.7682 0.3828
vn 0.4086 0.8286 0.3828
vn 0.2878 0.2523 0.9239
vn -0.4086 0.8286 0.3828
vn -0.6092 0.6946 0.3828
vn 0.2125 0.3182 0.9239
vn 0.9061 0.1802 0.3826
vn -0.9061 0.1801 0.3827
vn -0.8748 0.2971 0.3827
vn -0.8286 0.4085 0.3828
vn -0.3433 0.1692 0.9239
vn -0.3182 0.2127 0.9239
vn -0.6945 0.6093 0.3826
vn -0.5133 0.7681 0.3827
vn -0.0604 -0.9218 0.3828
vn -0.1802 -0.9062 0.3825
vn -0.4086 -0.8286 0.3828
vn -0.7682 -0.5134 0.3826
vn -0.3183 -0.2126 0.9239
vn -0.8287 -0.4086 0.3826
vn -0.3754 -0.0746 0.9239
vn -0.9061 -0.1800 0.3828
vn -0.3431 0.1693 0.9239
vn -0.6948 0.6090 0.3826
vn -0.2876 0.2522 0.9239
vn -0.5132 0.7682 0.3826
vn -0.4087 0.8286 0.3826
vn -0.0746 0.3752 0.9239
vn -0.0604 0.9220 0.3826
vn 0.2526 0.2880 0.9237
vn 0.6093 0.6947 0.3823
vn -0.6946 0.6093 0.3826
vn -0.2877 0.2524 0.9239
vn -0.2523 0.2876 0.9239
vn -0.2125 0.3181 0.9239
vn 0.4086 0.8287 0.3826
vn 0.2522 0.2876 0.9239
vn 0.3625 0.1230 0.9238
vn -0.1692 0.3431 0.9239
vn -0.0250 0.3817 0.9239
vn 0.0604 0.9219 0.3828
vn 0.1802 0.9061 0.3826
vn 0.4087 0.8285 0.3828
vn 0.5132 0.7682 0.3828
vn 0.9219 -0.0604 0.3828
vn 0.3433 -0.1693 0.9239
vn 0.0747 0.3754 0.9239
vn -0.6092 0.6946 0.3826
vn -0.0605 0.9219 0.3827
vn -0.2878 -0.2522 0.9239
vn -0.8748 -0.2970 0.3828
vn -0.1803 0.9062 0.3826
vn 0.1802 0.9060 0.3829
vn 0.6092 0.6947 0.3826
vn 0.6946 0.6092 0.3828
vn 0.8749 0.2970 0.3826
vn 0.4087 -0.8286 0.3826
vn 0.2969 -0.8749 0.3827
vn -0.2969 -0.8749 0.3827
vn -0.4087 -0.8286 0.3826
vn 0.6945 0.6092 0.3828
vn 0.3433 0.1692 0.9239
vn 0.0604 -0.9220 0.3826
vn -0.0604 -0.9220 0.3826
vn -0.0747 -0.3752 0.9239
vn 0.8286 -0.4086 0.3826
vn 0.6091 -0.6947 0.3826
vn -0.2125 -0.3182 0.9239
vn 0.9219 -0.0603 0.3827
vn 0.8748 -0.2969 0.3827
vn 0.8285 -0.4088 0.3827
vn 0.4086 -0.8287 0.3825
vn 0.1692 -0.3433 0.9239
vn 0.0747 -0.3754 0.9239
vn 0.0604 0.9219 0.3826
vn 0.2878 0.2522 0.9239
vn 0.8285 0.4088 0.3827
vn 0.8749 0.2968 0.3826
vn 0.3623 0.1229 0.9239
vn 0.3752 0.0747 0.9239
vn 0.9062 0.1803 0.3826
vn 0.9219 -0.0602 0.3827
vn 0.3754 -0.0747 0.9239
vn 0.3623 -0.1229 0.9239
vn 0.8749 -0.2968 0.3826
vn 0.2877 -0.2522 0.9239
vn 0.9613 0.0947 -0.2588
vn 0.9659 -0.0000 -0.2589
vn 0.9659 0.0003 -0.2588
vn -0.0000 0.5333 -0.8459
vn 0.2576 0.0253 -0.9659
vn 0.8782 -0.0000 -0.4784
vn 0.8519 0.4553 -0.2589
vn 0.2282 0.1220 -0.9659
vn 0.5466 0.4486 -0.7071
vn 0.2000 0.1642 -0.9659
vn 0.4485 0.5466 -0.7071
vn 0.6128 0.7467 -0.2588
vn 0.4554 0.8518 -0.2589
vn 0.4553 0.8519 -0.2589
vn 0.0750 0.2477 -0.9659
vn 0.0693 0.7037 -0.7071
vn 0.2053 0.6766 -0.7071
vn 0.2054 0.6765 -0.7072
vn -0.0000 0.7071 -0.7071
vn -0.0002 0.2587 -0.9660
vn -0.0253 0.2575 -0.9659
vn -0.0752 0.2477 -0.9659
vn -0.2054 0.6766 -0.7071
vn -0.2053 0.6766 -0.7071
vn -0.3333 0.6237 -0.7070
vn -0.4486 0.5466 -0.7071
vn -0.6128 0.7467 -0.2589
vn -0.4553 0.8519 -0.2589
vn -0.7466 0.6128 -0.2589
vn -0.8519 0.4554 -0.2588
vn -0.2000 0.1642 -0.9659
vn -0.2282 0.1220 -0.9659
vn -0.6134 0.1217 -0.7804
vn -0.0000 -0.8000 -0.6000
vn -0.9613 0.0947 -0.2589
vn -0.2575 0.0254 -0.9659
vn -0.9659 -0.0003 -0.2589
vn -0.9659 -0.0000 -0.2589
vn -0.0000 0.0395 -0.9992
vn -0.9613 -0.0947 -0.2588
vn -0.2576 -0.0253 -0.9659
vn -0.8519 -0.4553 -0.2588
vn -0.2282 -0.1220 -0.9659
vn -0.7467 -0.6127 -0.2589
vn -0.2000 -0.1642 -0.9659
vn -0.6128 -0.7467 -0.2588
vn -0.4554 -0.8518 -0.2589
vn -0.4553 -0.8518 -0.2589
vn -0.0750 -0.2477 -0.9659
vn -0.0254 -0.2575 -0.9659
vn -0.0010 -0.0000 -1.0000
vn -0.0693 -0.7038 -0.7070
vn -0.2053 -0.6766 -0.7071
vn -0.2054 -0.6766 -0.7071
vn -0.0000 -0.9659 -0.2587
vn -0.0947 -0.9613 -0.2589
vn 0.0002 -0.2588 -0.9659
vn 0.0947 -0.9613 -0.2587
vn 0.0253 -0.2575 -0.9659
vn 0.2055 -0.6765 -0.7072
vn 0.3332 -0.6237 -0.7071
vn 0.4553 -0.8518 -0.2589
vn 0.4554 -0.8518 -0.2588
vn 0.5466 -0.4486 -0.7071
vn 0.7466 -0.6128 -0.2588
vn 0.8518 -0.4554 -0.2588
vn 0.2000 -0.1642 -0.9659
vn 0.2001 -0.1643 -0.9659
vn 0.5542 -0.1099 -0.8251
vn 0.9613 -0.0947 -0.2589
vn 0.2575 -0.0254 -0.9659
vn 0.7037 0.0693 0.7071
vn 0.9659 -0.0003 0.2589
vn 0.9659 -0.0000 0.2589
vn 0.9613 0.0947 0.2588
vn 0.2576 0.0253 0.9659
vn 0.2476 0.0751 0.9659
vn 0.8519 0.4553 0.2588
vn 0.2282 0.1220 0.9659
vn 0.7467 0.6128 0.2589
vn 0.5466 0.4486 0.7071
vn 0.2002 0.1643 0.9659
vn 0.6127 0.7467 0.2588
vn 0.4553 0.8519 0.2589
vn 0.3331 0.6237 0.7071
vn 0.2053 0.6765 0.7072
vn 0.0752 0.2477 0.9659
vn 0.0751 0.2476 0.9659
vn 0.0254 0.2576 0.9659
vn 0.0002 0.2588 0.9659
vn -0.0693 0.7037 0.7071
vn -0.2053 0.6767 0.7071
vn -0.0752 0.2477 0.9659
vn -0.6128 0.7467 0.2588
vn -0.4553 0.8519 0.2589
vn -0.4554 0.8518 0.2588
vn -0.3332 0.6237 0.7071
vn -0.7467 0.6127 0.2589
vn -0.4472 -0.0000 0.8944
vn -0.8519 0.4554 0.2588
vn -0.2001 0.1643 0.9659
vn -0.2282 0.1220 0.9659
vn -0.8322 0.1651 0.5294
vn -0.2477 0.0751 0.9659
vn -0.9613 0.0947 0.2589
vn -0.5863 0.0791 0.8062
vn -0.2577 0.0253 0.9659
vn -0.9659 -0.0000 0.2589
vn -0.9659 0.0003 0.2588
vn -0.9613 -0.0947 0.2588
vn -0.7037 -0.0693 0.7071
vn -0.0000 0.8944 0.4472
vn -0.2576 -0.0254 0.9659
vn -0.2576 -0.0253 0.9659
vn -0.2477 -0.0751 0.9659
vn -0.8519 -0.4553 0.2589
vn -0.2283 -0.1220 0.9659
vn -0.7467 -0.6128 0.2589
vn -0.5466 -0.4486 0.7071
vn -0.5466 -0.4485 0.7071
vn -0.2002 -0.1642 0.9659
vn -0.6128 -0.7467 0.2588
vn -0.4486 -0.5466 0.7071
vn -0.4553 -0.8518 0.2590
vn -0.4553 -0.8518 0.2589
vn -0.3332 -0.6237 0.7071
vn -0.4869 -0.0000 0.8734
vn -0.2053 -0.6766 0.7071
vn -0.0752 -0.2477 0.9659
vn -0.0751 -0.2476 0.9659
vn -0.0254 -0.2576 0.9659
vn -0.0000 -0.9659 0.2588
vn -0.0947 -0.9613 0.2589
vn -0.0947 -0.9613 0.2587
vn -0.0000 -0.7071 0.7071
vn -0.0002 -0.2587 0.9660
vn 0.0947 -0.9613 0.2589
vn 0.0693 -0.7038 0.7070
vn 0.0693 -0.7037 0.7071
vn 0.2053 -0.6766 0.7071
vn 0.0751 -0.2478 0.9659
vn 0.0752 -0.2477 0.9659
vn 0.6127 -0.7467 0.2589
vn 0.4555 -0.8518 0.2589
vn 0.3332 -0.6237 0.7071
vn 0.4486 -0.5466 0.7071
vn 0.7467 -0.6128 0.2588
vn 0.8519 -0.4554 0.2588
vn 0.2001 -0.1643 0.9659
vn 0.2282 -0.1220 0.9659
vn 0.7922 -0.1571 0.5897
vn 0.2476 -0.0751 0.9659
vn 0.9613 -0.0947 0.2589
vn 0.6225 -0.0840 0.7781
vn 0.2576 -0.0253 0.9659
vn 0.2576 -0.0254 0.9659
vn -0.0005 -0.0000 -1.0000
vn 0.0001 -0.0000 -1.0000
vn 0.9979 -0.0655 -0.0000
vn 0.9470 0.3213 -0.0000
vn 0.8315 -0.5555 -0.0000
vn 0.0002 -0.0000 -1.0000
vn -0.0006 -0.0000 -1.0000
vn -0.0002 -0.0000 -1.0000
vn -0.0003 -0.0000 -1.0000
vn 0.0526 -0.0000 -0.9986
vn 0.0016 -0.0000 -1.0000
vn -0.3215 -0.9469 -0.0000
vn -0.5555 -0.8315 -0.0000
vn -0.9979 0.0653 -0.0000
vn 0.9808 0.1950 -0.0000
vn 0.9808 -0.1950 -0.0000
vn 0.9979 0.0653 -0.0000
vn 0.9808 0.1952 -0.0000
vn 0.4422 0.8969 -0.0000
vn -0.7520 -0.6591 -0.0000
vn -0.7521 0.6591 -0.0000
vn -0.0001 -0.0000 1.0000
vn 0.0002 -0.0000 1.0000
vn 0.0001 -0.0000 1.0000
vn -0.0002 -0.0000 1.0000
vn 0.0071 -0.0000 1.0000
vn 0.0004 -0.0000 1.0000
vn 0.0003 -0.0000 1.0000
vt 0.000000 0.000000
vt 0.604169 0.656250
vt 0.625000 0.661103
vt 0.625000 0.656250
vt 0.645834 0.656250
vt 0.645834 0.661103
vt 0.666667 0.661103
vt 0.687500 0.656250
vt 0.687500 0.661103
vt 0.708334 0.661103
vt 0.708334 0.656250
vt 0.729167 0.661103
vt 0.729167 0.656250
vt 0.750000 0.661103
vt 0.750000 0.656250
vt 0.770833 0.661103
vt 0.791667 0.656250
vt 0.770834 0.656250
vt 0.812500 0.661103
vt 0.812500 0.656250
vt 0.833333 0.661103
vt 0.833333 0.656250
vt 0.854167 0.661103
vt 0.854167 0.656250
vt 0.875000 0.656250
vt 0.875000 0.661103
vt 0.895833 0.661103
vt 0.895833 0.656250
vt 0.916667 0.661103
vt 0.916667 0.656250
vt 0.937500 0.661103
vt 0.937500 0.656250
vt 0.958333 0.656250
vt 0.958333 0.661103
vt 0.979167 0.661103
vt 0.979167 0.656250
vt 1.000000 0.661103
vt 1.000000 0.656250
vt 0.500000 0.661103
vt 0.520834 0.656250
vt 0.500000 0.656250
vt 0.541667 0.661103
vt 0.520834 0.661103
vt 0.541667 0.656250
vt 0.562500 0.661103
vt 0.562500 0.656250
vt 0.583334 0.656250
vt 0.604167 0.661103
vt 0.583334 0.661103
vt 0.604167 0.656250
vt 0.666667 0.656250
vt 0.868484 0.656250
vt 0.868490 0.661103
vt 0.145834 0.661103
vt 0.125000 0.656250
vt 0.125000 0.661103
vt 0.166667 0.656250
vt 0.166667 0.661103
vt 0.187500 0.656250
vt 0.187500 0.661103
vt 0.208334 0.661103
vt 0.208334 0.656250
vt 0.229167 0.661103
vt 0.229167 0.656250
vt 0.250000 0.661103
vt 0.250000 0.656250
vt 0.270834 0.656250
vt 0.270834 0.661103
vt 0.291667 0.656250
vt 0.312500 0.656250
vt 0.291667 0.661103
vt 0.312500 0.661103
vt 0.333334 0.661103
vt 0.354167 0.656250
vt 0.333334 0.656250
vt 0.375000 0.661103
vt 0.354167 0.661103
vt 0.395834 0.656250
vt 0.375000 0.656250
vt 0.416667 0.661103
vt 0.395834 0.661103
vt 0.437500 0.661103
vt 0.416667 0.656250
vt 0.458334 0.661103
vt 0.437500 0.656250
vt 0.479167 0.656250
vt 0.458334 0.656250
vt 0.000000 0.656250
vt 0.020834 0.661103
vt 0.020834 0.656250
vt 0.041667 0.661103
vt 0.041667 0.656250
vt 0.062500 0.661103
vt 0.062500 0.656250
vt 0.083334 0.656250
vt 0.083334 0.661103
vt 0.104167 0.661103
vt 0.104167 0.656250
vt 0.145834 0.656250
vt 0.020834 0.661103
vt 0.000000 0.661103
vt 0.243490 0.661103
vt 0.791667 0.661103
vt 0.000000 0.661103
vt 0.368490 0.661103
vt 0.368599 0.656250
vt 0.875000 0.661103
vt 0.958333 0.661103
vt 0.243490 0.661103
vt 0.243614 0.656250
vt 0.118490 0.661103
vt 0.118612 0.656250
vt 0.854167 0.661103
vt 0.479167 0.661103
vt 0.618490 0.661103
vt 0.562500 0.661103
vt 0.743490 0.661103
vt 0.743614 0.656250
vt 0.868490 0.661103
vt 0.868612 0.656250
vt 0.743490 0.661103
vt 0.743597 0.656250
vt 0.416667 0.661103
vt 0.458334 0.661103
vt 0.743490 0.661103
vt 0.743597 0.656250
vt 0.750000 0.661103
vt 0.868490 0.661103
vt 0.868599 0.656250
vt 0.743614 0.656250
vt 0.375000 0.661103
vt 0.618490 0.661103
vt 0.618612 0.656250
vt 0.118490 0.661103
vt 0.243490 0.661103
vt 0.243614 0.656250
vt 0.243490 0.661103
vt 0.243596 0.656250
vt 0.118599 0.656250
vt 0.368612 0.656250
vt 0.618598 0.656250
vt 0.243597 0.656250
vt 0.166667 0.838897
vt 0.145834 0.843750
vt 0.166667 0.843750
vt 0.375000 0.843750
vt 0.354167 0.838897
vt 0.354167 0.843750
vt 0.333334 0.843750
vt 0.333334 0.838897
vt 0.312500 0.843750
vt 0.312500 0.838897
vt 0.291667 0.838897
vt 0.291667 0.843750
vt 0.270834 0.838897
vt 0.270834 0.843750
vt 0.250000 0.838897
vt 0.229167 0.838897
vt 0.250000 0.843750
vt 0.208334 0.838897
vt 0.229167 0.843750
vt 0.187500 0.843750
vt 0.208334 0.843750
vt 0.187500 0.838897
vt 0.145834 0.838897
vt 0.125000 0.843750
vt 0.125000 0.838897
vt 0.104167 0.838897
vt 0.083334 0.843750
vt 0.104167 0.843750
vt 0.062500 0.838897
vt 0.083334 0.838897
vt 0.041667 0.843750
vt 0.062500 0.843750
vt 0.041667 0.838897
vt 0.020834 0.843750
vt 0.000000 0.843750
vt 0.020834 0.838897
vt 0.000000 0.838897
vt 0.479167 0.838897
vt 0.500000 0.843750
vt 0.500000 0.838897
vt 0.479167 0.843750
vt 0.458334 0.838897
vt 0.458334 0.843750
vt 0.437500 0.843750
vt 0.437500 0.838897
vt 0.416667 0.838897
vt 0.416667 0.843750
vt 0.395834 0.843750
vt 0.395834 0.838897
vt 0.375000 0.838897
vt 0.256404 0.843750
vt 0.756404 0.843750
vt 0.750000 0.838897
vt 0.750000 0.843750
vt 0.256386 0.843750
vt 0.756386 0.843750
vt 0.881389 0.843750
vt 0.875000 0.838897
vt 0.875000 0.843750
vt 0.381402 0.843750
vt 0.631402 0.843750
vt 0.625000 0.838897
vt 0.625000 0.843750
vt 0.131389 0.843750
vt 0.131511 0.838897
vt 0.381389 0.843750
vt 0.875000 0.838897
vt 0.881402 0.843750
vt 0.881510 0.838897
vt 0.756386 0.843750
vt 0.256386 0.843750
vt 0.256404 0.843750
vt 0.256511 0.838897
vt 0.756404 0.843750
vt 0.666667 0.843750
vt 0.645834 0.838897
vt 0.645834 0.843750
vt 0.631516 0.843750
vt 0.895831 0.843750
vt 0.854167 0.843750
vt 0.833333 0.838897
vt 0.833333 0.843750
vt 0.812500 0.843750
vt 0.791667 0.838897
vt 0.812500 0.838897
vt 0.791667 0.843750
vt 0.770834 0.838897
vt 0.770834 0.843750
vt 0.729167 0.838897
vt 0.708334 0.843750
vt 0.729167 0.843750
vt 0.687500 0.838897
vt 0.687500 0.843750
vt 0.666667 0.838897
vt 0.604167 0.838897
vt 0.604167 0.843750
vt 0.583334 0.838897
vt 0.583334 0.843750
vt 0.562500 0.838897
vt 0.562500 0.843750
vt 0.541667 0.843750
vt 0.520834 0.843750
vt 0.541667 0.838897
vt 0.520834 0.838897
vt 1.000000 0.838897
vt 0.979167 0.843750
vt 1.000000 0.843750
vt 0.979167 0.838897
vt 0.958333 0.843750
vt 0.937500 0.838897
vt 0.937500 0.843750
vt 0.916667 0.843750
vt 0.916667 0.838897
vt 0.895833 0.843750
vt 0.895833 0.838897
vt 0.854167 0.838897
vt 0.770833 0.838897
vt 0.770833 0.843750
vt 0.708334 0.838897
vt 0.958333 0.838897
vt 0.756511 0.838897
vt 0.104167 0.843750
vt 0.631511 0.838897
vt 0.937500 0.838897
vt 0.756510 0.838897
vt 0.020834 0.838897
vt 0.958333 0.838897
vt 0.881511 0.838897
vt 0.381511 0.838897
vt 0.729167 0.838897
vt 0.729167 0.843750
vt 0.416667 0.838897
vt 0.375000 0.838897
vt 0.256511 0.838897
vt 0.229167 0.838897
vt 0.256511 0.838897
vt 0.395834 0.843750
vt 0.631511 0.838897
vt 0.395834 0.838897
vt 0.131511 0.838897
vt 0.131402 0.843750
vt 0.256511 0.838897
vt 0.381511 0.838897
vt 0.187500 0.843750
vt 0.187500 0.838897
vt 0.854167 0.838897
vt 0.631389 0.843750
vt 0.756511 0.838897
s 0
usemtl Mat_OMX_Plate
f 96/1/1 1/1/1 3/1/1
f 83/1/2 87/1/2 84/1/2
f 83/1/3 81/1/3 79/1/3
f 77/1/4 78/1/4 75/1/4
f 70/1/5 64/1/5 66/1/5
f 62/1/6 67/1/6 63/1/6
f 62/1/7 60/1/7 59/1/7
f 50/1/8 48/1/8 47/1/8
f 38/1/9 36/1/9 35/1/9
f 35/1/10 33/1/10 31/1/10
f 29/1/11 30/1/11 27/1/11
f 22/1/12 16/1/12 18/1/12
f 14/1/13 19/1/13 15/1/13
f 14/1/14 12/1/14 11/1/14
f 190/1/15 99/1/15 98/1/15
f 108/1/16 110/1/16 107/1/16
f 115/1/17 110/1/17 111/1/17
f 112/1/18 118/1/18 114/1/18
f 126/1/19 125/1/19 123/1/19
f 129/1/20 131/1/20 127/1/20
f 135/1/21 131/1/21 132/1/21
f 147/1/22 143/1/22 144/1/22
f 159/1/23 155/1/23 156/1/23
f 159/1/24 161/1/24 158/1/24
f 164/1/25 162/1/25 160/1/25
f 174/1/26 173/1/26 171/1/26
f 177/1/27 179/1/27 175/1/27
f 183/1/28 179/1/28 180/1/28
f 2/1/29 191/1/29 94/1/29
f 4/1/30 97/1/30 2/1/30
f 6/1/31 100/1/31 4/1/31
f 8/1/32 102/1/32 6/1/32
f 10/1/33 104/1/33 8/1/33
f 13/1/34 106/1/34 10/1/34
f 16/1/35 109/1/35 13/1/35
f 20/1/36 112/1/36 16/1/36
f 23/1/37 116/1/37 20/1/37
f 25/1/38 119/1/38 23/1/38
f 27/1/39 121/1/39 25/1/39
f 30/1/40 123/1/40 27/1/40
f 34/1/41 126/1/41 30/1/41
f 37/1/42 130/1/42 34/1/42
f 40/1/43 133/1/43 37/1/43
f 42/1/44 136/1/44 40/1/44
f 44/1/45 138/1/45 42/1/45
f 46/1/46 140/1/46 44/1/46
f 49/1/47 142/1/47 46/1/47
f 52/1/48 145/1/48 49/1/48
f 54/1/49 148/1/49 52/1/49
f 56/1/50 150/1/50 54/1/50
f 58/1/51 152/1/51 56/1/51
f 61/1/52 154/1/52 58/1/52
f 64/1/53 157/1/53 61/1/53
f 68/1/54 160/1/54 64/1/54
f 71/1/55 164/1/55 68/1/55
f 73/1/56 167/1/56 71/1/56
f 75/1/57 169/1/57 73/1/57
f 78/1/58 171/1/58 75/1/58
f 82/1/59 174/1/59 78/1/59
f 85/1/60 178/1/60 82/1/60
f 88/1/61 181/1/61 85/1/61
f 90/1/62 184/1/62 88/1/62
f 92/1/63 186/1/63 90/1/63
f 94/1/64 188/1/64 92/1/64
f 193/1/65 196/1/65 195/1/65
f 196/1/66 194/1/66 195/1/66
f 200/1/67 203/1/67 202/1/67
f 203/1/68 201/1/68 202/1/68
f 213/1/69 216/1/69 215/1/69
f 216/1/70 214/1/70 215/1/70
f 220/1/71 223/1/71 222/1/71
f 223/1/72 221/1/72 222/1/72
f 224/1/73 227/1/73 226/1/73
f 227/1/74 225/1/74 226/1/74
f 228/1/75 231/1/75 230/1/75
f 231/1/76 229/1/76 230/1/76
f 232/1/77 235/1/77 234/1/77
f 235/1/78 233/1/78 234/1/78
f 236/1/79 239/1/79 238/1/79
f 239/1/80 237/1/80 238/1/80
f 240/1/81 243/1/81 242/1/81
f 243/1/82 241/1/82 242/1/82
f 244/1/83 247/1/83 246/1/83
f 247/1/84 245/1/84 246/1/84
f 248/1/85 251/1/85 250/1/85
f 251/1/86 249/1/86 250/1/86
f 258/1/87 261/1/87 260/1/87
f 261/1/88 259/1/88 260/1/88
f 271/1/89 274/1/89 273/1/89
f 274/1/90 272/1/90 273/1/90
f 275/1/91 278/1/91 277/1/91
f 278/1/92 276/1/92 277/1/92
f 279/1/93 282/1/93 281/1/93
f 282/1/94 280/1/94 281/1/94
f 286/1/95 289/1/95 288/1/95
f 289/1/96 287/1/96 288/1/96
f 299/1/97 302/1/97 301/1/97
f 302/1/98 300/1/98 301/1/98
f 306/1/99 309/1/99 308/1/99
f 309/1/100 307/1/100 308/1/100
f 310/1/101 313/1/101 312/1/101
f 313/1/102 311/1/102 312/1/102
f 314/1/103 317/1/103 316/1/103
f 317/1/104 315/1/104 316/1/104
f 318/1/105 321/1/105 320/1/105
f 321/1/106 319/1/106 320/1/106
f 322/1/107 325/1/107 324/1/107
f 325/1/108 323/1/108 324/1/108
f 326/1/109 329/1/109 328/1/109
f 329/1/110 327/1/110 328/1/110
f 330/1/111 333/1/111 332/1/111
f 333/1/112 331/1/112 332/1/112
f 334/1/113 337/1/113 336/1/113
f 337/1/114 335/1/114 336/1/114
f 344/1/115 347/1/115 346/1/115
f 347/1/116 345/1/116 346/1/116
f 357/1/117 360/1/117 359/1/117
f 360/1/118 358/1/118 359/1/118
f 361/1/119 364/1/119 363/1/119
f 364/1/120 362/1/120 363/1/120
f 365/1/121 368/1/121 367/1/121
f 368/1/122 366/1/122 367/1/122
f 372/1/123 375/1/123 374/1/123
f 375/1/124 373/1/124 374/1/124
f 385/1/125 388/1/125 387/1/125
f 388/1/126 386/1/126 387/1/126
f 392/1/127 395/1/127 394/1/127
f 395/1/128 393/1/128 394/1/128
f 396/1/129 399/1/129 398/1/129
f 399/1/130 397/1/130 398/1/130
f 400/1/131 403/1/131 402/1/131
f 403/1/132 401/1/132 402/1/132
f 404/1/133 407/1/133 406/1/133
f 407/1/134 405/1/134 406/1/134
f 408/1/135 411/1/135 410/1/135
f 411/1/136 409/1/136 410/1/136
f 412/1/137 415/1/137 414/1/137
f 415/1/138 413/1/138 414/1/138
f 416/1/139 419/1/139 418/1/139
f 419/1/140 417/1/140 418/1/140
f 420/1/141 423/1/141 422/1/141
f 423/1/142 421/1/142 422/1/142
f 430/1/143 433/1/143 432/1/143
f 433/1/144 431/1/144 432/1/144
f 443/1/145 446/1/145 445/1/145
f 446/1/146 444/1/146 445/1/146
f 447/1/147 450/1/147 449/1/147
f 450/1/148 448/1/148 449/1/148
f 451/1/149 454/1/149 453/1/149
f 454/1/150 452/1/150 453/1/150
f 458/1/151 461/1/151 460/1/151
f 461/1/152 459/1/152 460/1/152
f 471/1/153 474/1/153 473/1/153
f 474/1/154 472/1/154 473/1/154
f 478/1/155 481/1/155 480/1/155
f 481/1/156 479/1/156 480/1/156
f 482/1/157 485/1/157 484/1/157
f 485/1/158 483/1/158 484/1/158
f 486/1/159 489/1/159 488/1/159
f 489/1/160 487/1/160 488/1/160
f 490/1/161 493/1/161 492/1/161
f 493/1/162 491/1/162 492/1/162
f 494/1/163 497/1/163 496/1/163
f 497/1/164 495/1/164 496/1/164
f 498/1/165 501/1/165 500/1/165
f 501/1/166 499/1/166 500/1/166
f 502/1/167 505/1/167 504/1/167
f 505/1/168 503/1/168 504/1/168
f 506/1/169 509/1/169 508/1/169
f 509/1/170 507/1/170 508/1/170
f 516/1/171 519/1/171 518/1/171
f 519/1/172 517/1/172 518/1/172
f 529/1/173 532/1/173 531/1/173
f 532/1/174 530/1/174 531/1/174
f 533/1/175 536/1/175 535/1/175
f 536/1/176 534/1/176 535/1/176
f 355/1/177 364/1/177 356/1/177
f 356/1/178 361/1/178 354/1/178
f 352/1/179 360/1/179 353/1/179
f 353/1/180 357/1/180 351/1/180
f 349/1/181 356/1/181 350/1/181
f 350/1/182 354/1/182 348/1/182
f 352/1/183 347/1/183 344/1/183
f 353/1/184 345/1/184 347/1/184
f 342/1/185 350/1/185 343/1/185
f 350/1/186 341/1/186 343/1/186
f 339/1/187 343/1/187 340/1/187
f 343/1/188 338/1/188 340/1/188
f 339/1/189 337/1/189 334/1/189
f 337/1/190 338/1/190 335/1/190
f 331/1/191 329/1/191 326/1/191
f 333/1/192 327/1/192 329/1/192
f 323/1/193 317/1/193 314/1/193
f 317/1/194 322/1/194 315/1/194
f 310/1/195 321/1/195 313/1/195
f 313/1/196 318/1/196 311/1/196
f 304/1/197 309/1/197 305/1/197
f 305/1/198 306/1/198 303/1/198
f 304/1/199 298/1/199 297/1/199
f 298/1/200 303/1/200 296/1/200
f 294/1/201 302/1/201 295/1/201
f 295/1/202 299/1/202 293/1/202
f 291/1/203 298/1/203 292/1/203
f 292/1/204 296/1/204 290/1/204
f 294/1/205 289/1/205 286/1/205
f 295/1/206 287/1/206 289/1/206
f 291/1/207 285/1/207 284/1/207
f 292/1/208 283/1/208 285/1/208
f 284/1/209 282/1/209 279/1/209
f 285/1/210 280/1/210 282/1/210
f 269/1/211 278/1/211 270/1/211
f 270/1/212 275/1/212 268/1/212
f 266/1/213 274/1/213 267/1/213
f 267/1/214 271/1/214 265/1/214
f 263/1/215 270/1/215 264/1/215
f 264/1/216 268/1/216 262/1/216
f 266/1/217 261/1/217 258/1/217
f 267/1/218 259/1/218 261/1/218
f 263/1/219 257/1/219 256/1/219
f 264/1/220 255/1/220 257/1/220
f 256/1/221 254/1/221 253/1/221
f 254/1/222 255/1/222 252/1/222
f 253/1/223 251/1/223 248/1/223
f 251/1/224 252/1/224 249/1/224
f 245/1/225 243/1/225 240/1/225
f 247/1/226 241/1/226 243/1/226
f 228/1/227 239/1/227 231/1/227
f 231/1/228 236/1/228 229/1/228
f 224/1/229 235/1/229 227/1/229
f 227/1/230 232/1/230 225/1/230
f 218/1/231 223/1/231 219/1/231
f 223/1/232 217/1/232 219/1/232
f 218/1/233 212/1/233 211/1/233
f 219/1/234 210/1/234 212/1/234
f 208/1/235 216/1/235 209/1/235
f 209/1/236 213/1/236 207/1/236
f 211/1/237 206/1/237 205/1/237
f 206/1/238 210/1/238 204/1/238
f 208/1/239 203/1/239 200/1/239
f 209/1/240 201/1/240 203/1/240
f 205/1/241 199/1/241 198/1/241
f 206/1/242 197/1/242 199/1/242
f 198/1/243 196/1/243 193/1/243
f 199/1/244 194/1/244 196/1/244
f 365/1/245 371/1/245 368/1/245
f 368/1/246 370/1/246 366/1/246
f 369/1/247 378/1/247 371/1/247
f 371/1/248 377/1/248 370/1/248
f 372/1/249 381/1/249 375/1/249
f 375/1/250 380/1/250 373/1/250
f 382/1/251 378/1/251 376/1/251
f 384/1/252 377/1/252 378/1/252
f 386/1/253 381/1/253 379/1/253
f 388/1/254 380/1/254 381/1/254
f 382/1/255 391/1/255 384/1/255
f 384/1/256 390/1/256 383/1/256
f 389/1/257 395/1/257 391/1/257
f 395/1/258 390/1/258 391/1/258
f 405/1/259 399/1/259 396/1/259
f 407/1/260 397/1/260 399/1/260
f 400/1/261 411/1/261 403/1/261
f 411/1/262 401/1/262 403/1/262
f 412/1/263 419/1/263 415/1/263
f 415/1/264 416/1/264 413/1/264
f 424/1/265 423/1/265 420/1/265
f 423/1/266 425/1/266 421/1/266
f 427/1/267 426/1/267 424/1/267
f 426/1/268 428/1/268 425/1/268
f 427/1/269 436/1/269 429/1/269
f 429/1/270 435/1/270 428/1/270
f 430/1/271 439/1/271 433/1/271
f 433/1/272 438/1/272 431/1/272
f 440/1/273 436/1/273 434/1/273
f 442/1/274 435/1/274 436/1/274
f 444/1/275 439/1/275 437/1/275
f 446/1/276 438/1/276 439/1/276
f 448/1/277 442/1/277 440/1/277
f 450/1/278 441/1/278 442/1/278
f 451/1/279 457/1/279 454/1/279
f 454/1/280 456/1/280 452/1/280
f 455/1/281 464/1/281 457/1/281
f 457/1/282 463/1/282 456/1/282
f 458/1/283 467/1/283 461/1/283
f 461/1/284 466/1/284 459/1/284
f 468/1/285 464/1/285 462/1/285
f 464/1/286 469/1/286 463/1/286
f 472/1/287 467/1/287 465/1/287
f 474/1/288 466/1/288 467/1/288
f 475/1/289 470/1/289 468/1/289
f 470/1/290 476/1/290 469/1/290
f 475/1/291 481/1/291 477/1/291
f 481/1/292 476/1/292 477/1/292
f 491/1/293 485/1/293 482/1/293
f 493/1/294 483/1/294 485/1/294
f 486/1/295 497/1/295 489/1/295
f 497/1/296 487/1/296 489/1/296
f 498/1/297 505/1/297 501/1/297
f 501/1/298 502/1/298 499/1/298
f 506/1/299 512/1/299 509/1/299
f 509/1/300 511/1/300 507/1/300
f 510/1/301 515/1/301 512/1/301
f 515/1/302 511/1/302 512/1/302
f 513/1/303 522/1/303 515/1/303
f 522/1/304 514/1/304 515/1/304
f 516/1/305 525/1/305 519/1/305
f 519/1/306 524/1/306 517/1/306
f 526/1/307 522/1/307 520/1/307
f 528/1/308 521/1/308 522/1/308
f 523/1/309 532/1/309 525/1/309
f 532/1/310 524/1/310 525/1/310
f 534/1/311 528/1/311 526/1/311
f 536/1/312 527/1/312 528/1/312
f 2244/1/313 2240/1/313 2239/1/313
f 2246/2/314 2238/3/314 2240/4/314
f 2230/1/315 2240/1/315 2231/1/315
f 2231/5/316 2238/3/316 2229/6/316
f 2292/7/317 2231/5/317 2229/6/317
f 2231/1/318 2293/1/318 2230/1/318
f 2254/1/319 2294/1/319 2255/1/319
f 2255/8/320 2292/7/320 2253/9/320
f 2295/10/321 2255/8/321 2253/9/321
f 2297/1/322 2254/1/322 2255/1/322
f 2296/1/323 2279/1/323 2278/1/323
f 2297/11/324 2277/12/324 2279/13/324
f 2269/1/325 2279/1/325 2270/1/325
f 2279/13/326 2268/14/326 2270/15/326
f 2280/16/327 2270/15/327 2268/14/327
f 2282/1/328 2269/1/328 2270/1/328
f 2280/16/329 2285/17/329 2282/18/329
f 2282/1/330 2284/1/330 2281/1/330
f 2257/1/331 2285/1/331 2258/1/331
f 2285/17/332 2256/19/332 2258/20/332
f 2298/21/333 2258/20/333 2256/19/333
f 2300/1/334 2257/1/334 2258/1/334
f 2299/1/335 2234/1/335 2233/1/335
f 2300/22/336 2232/23/336 2234/24/336
f 2221/1/337 2234/1/337 2222/1/337
f 2222/25/338 2232/23/338 2220/26/338
f 2209/1/339 2222/1/339 2210/1/339
f 2222/25/340 2208/27/340 2210/28/340
f 2200/1/341 2210/1/341 2201/1/341
f 2210/28/342 2199/29/342 2201/30/342
f 2173/1/343 2201/1/343 2174/1/343
f 2201/30/344 2172/31/344 2174/32/344
f 2173/1/345 2171/1/345 2170/1/345
f 2171/33/346 2172/31/346 2169/34/346
f 2170/1/347 2168/1/347 2167/1/347
f 2171/33/348 2166/35/348 2168/36/348
f 2167/1/349 2156/1/349 2155/1/349
f 2168/36/350 2154/37/350 2156/38/350
f 2152/39/351 2165/40/351 2153/41/351
f 2153/1/352 2164/1/352 2151/1/352
f 2178/42/353 2165/40/353 2163/43/353
f 2180/1/354 2164/1/354 2165/1/354
f 2179/1/355 2177/1/355 2176/1/355
f 2180/44/356 2175/45/356 2177/46/356
f 2175/45/357 2204/47/357 2177/46/357
f 2177/1/358 2203/1/358 2176/1/358
f 2205/48/359 2204/47/359 2202/49/359
f 2207/1/360 2203/1/360 2204/1/360
f 2205/48/361 2219/4/361 2207/50/361
f 2207/1/362 2218/1/362 2206/1/362
f 2235/6/363 2219/4/363 2217/3/363
f 2219/1/364 2236/1/364 2218/1/364
f 2235/6/365 2252/51/365 2237/5/365
f 2237/1/318 2251/1/318 2236/1/318
f 2250/7/366 2261/8/366 2252/51/366
f 2252/1/367 2260/1/367 2251/1/367
f 2286/10/321 2261/8/321 2259/9/321
f 2288/1/368 2260/1/368 2261/1/368
f 2287/1/369 2273/1/369 2272/1/369
f 2288/11/324 2271/12/324 2273/13/324
f 2266/1/325 2273/1/325 2267/1/325
f 2267/15/370 2271/12/370 2265/14/370
f 2274/16/327 2267/15/327 2265/14/327
f 2276/1/328 2266/1/328 2267/1/328
f 2274/16/371 2291/17/371 2276/18/371
f 2276/1/372 2290/1/372 2275/1/372
f 2263/1/373 2291/1/373 2264/1/373
f 2291/17/374 2262/19/374 2264/20/374
f 2301/21/375 2264/20/375 2262/19/375
f 2303/1/334 2263/1/334 2264/1/334
f 2302/1/335 2243/1/335 2242/1/335
f 2243/24/376 2301/21/376 2241/23/376
f 2224/1/377 2243/1/377 2225/1/377
f 2225/52/378 2241/23/378 2223/53/378
f 609/54/379 605/55/379 604/56/379
f 611/1/380 603/1/380 605/1/380
f 589/1/381 611/1/381 590/1/381
f 590/57/382 609/54/382 588/58/382
f 571/1/383 590/1/383 572/1/383
f 572/59/384 588/58/384 570/60/384
f 585/61/385 572/59/385 570/60/385
f 587/1/386 571/1/386 572/1/386
f 559/1/387 587/1/387 560/1/387
f 587/62/388 558/63/388 560/64/388
f 559/1/389 545/1/389 544/1/389
f 560/64/390 543/65/390 545/66/390
f 543/65/391 557/67/391 545/66/391
f 545/1/392 556/1/392 544/1/392
f 555/68/393 584/69/393 557/67/393
f 557/1/394 583/1/394 556/1/394
f 568/1/395 584/1/395 569/1/395
f 569/70/396 582/71/396 567/72/396
f 579/73/397 569/70/397 567/72/397
f 581/1/398 568/1/398 569/1/398
f 579/73/399 593/74/399 581/75/399
f 593/1/400 580/1/400 581/1/400
f 597/76/401 593/74/401 591/77/401
f 593/1/402 598/1/402 592/1/402
f 597/76/403 617/78/403 599/79/403
f 617/1/404 598/1/404 599/1/404
f 624/80/405 617/78/405 615/81/405
f 617/1/406 625/1/406 616/1/406
f 639/82/407 626/83/407 624/80/407
f 626/1/408 640/1/408 625/1/408
f 645/84/409 641/85/409 639/82/409
f 647/1/410 640/1/410 641/1/410
f 645/84/411 668/86/411 647/87/411
f 668/1/412 646/1/412 647/1/412
f 667/1/413 665/1/413 664/1/413
f 668/86/414 663/39/414 665/41/414
f 652/1/415 662/1/415 653/1/415
f 662/88/416 651/89/416 653/90/416
f 649/1/417 653/1/417 650/1/417
f 653/90/418 648/91/418 650/92/418
f 643/1/419 650/1/419 644/1/419
f 650/92/420 642/93/420 644/94/420
f 643/1/421 623/1/421 622/1/421
f 623/95/422 642/93/422 621/96/422
f 622/1/423 620/1/423 619/1/423
f 623/95/424 618/97/424 620/98/424
f 601/1/425 620/1/425 602/1/425
f 620/98/426 600/56/426 602/55/426
f 595/1/427 602/1/427 596/1/427
f 602/55/428 594/54/428 596/99/428
f 577/1/429 596/1/429 578/1/429
f 578/57/430 594/54/430 576/58/430
f 577/1/431 566/1/431 565/1/431
f 566/59/432 576/58/432 564/60/432
f 565/1/433 554/1/433 553/1/433
f 566/59/434 552/61/434 554/62/434
f 553/1/435 551/1/435 550/1/435
f 551/64/388 552/61/388 549/63/388
f 550/1/436 542/1/436 541/1/436
f 542/66/390 549/63/390 540/65/390
f 538/1/437 542/1/437 539/1/437
f 542/66/438 537/68/438 539/67/438
f 537/68/393 548/69/393 539/67/393
f 548/1/439 538/1/439 539/1/439
f 546/71/440 563/70/440 548/69/440
f 548/1/441 562/1/441 547/1/441
f 573/73/442 563/70/442 561/72/442
f 575/1/443 562/1/443 563/1/443
f 573/73/444 608/74/444 575/75/444
f 575/1/445 607/1/445 574/1/445
f 2226/26/446 2225/52/446 2223/53/446
f 2228/1/447 2224/1/447 2225/1/447
f 2247/27/448 2228/25/448 2226/26/448
f 2249/1/339 2227/1/339 2228/1/339
f 2215/1/449 2249/1/449 2216/1/449
f 2249/28/450 2214/29/450 2216/30/450
f 2304/31/451 2216/30/451 2214/29/451
f 2216/1/452 2305/1/452 2215/1/452
f 2305/1/345 2186/1/345 2185/1/345
f 2306/32/346 2184/34/346 2186/33/346
f 2184/34/348 2192/36/348 2186/33/348
f 2186/1/453 2191/1/453 2185/1/453
f 2191/1/349 2162/1/349 2161/1/349
f 2192/36/454 2160/37/454 2162/38/454
f 2196/100/455 2162/88/455 2160/101/455
f 2162/1/456 2197/1/456 2161/1/456
f 2137/1/457 2198/1/457 2138/1/457
f 2198/90/458 2136/91/458 2138/92/458
f 2122/1/459 2138/1/459 2123/1/459
f 2123/94/460 2136/91/460 2121/93/460
f 2121/93/461 2144/95/461 2123/94/461
f 2144/1/462 2122/1/462 2123/1/462
f 2143/1/423 2114/1/423 2113/1/423
f 2144/95/463 2112/97/463 2114/98/463
f 2112/97/464 2315/55/464 2114/98/464
f 2114/1/465 2314/1/465 2113/1/465
f 2314/1/466 2069/1/466 2068/1/466
f 2315/55/428 2067/54/428 2069/99/428
f 2079/58/467 2069/99/467 2067/54/467
f 2069/1/381 2080/1/381 2068/1/381
f 2050/1/468 2081/1/468 2051/1/468
f 2051/59/469 2079/58/469 2049/60/469
f 2088/61/470 2051/59/470 2049/60/470
f 2090/1/471 2050/1/471 2051/1/471
f 2089/1/472 2015/1/472 2014/1/472
f 2090/62/473 2013/63/473 2015/64/473
f 2016/102/390 2015/64/390 2013/63/390
f 2018/1/389 2014/1/389 2015/1/389
f 2028/16/474 2003/15/474 2002/14/474
f 2030/1/328 2001/1/328 2003/1/328
f 1987/1/475 2030/1/475 1988/1/475
f 1988/17/371 2028/16/371 1986/103/371
f 1992/19/476 1988/17/476 1986/103/476
f 1994/1/331 1987/1/331 1988/1/331
f 1992/19/333 2000/22/333 1994/20/333
f 1994/1/334 1999/1/334 1993/1/334
f 1984/1/477 2000/1/477 1985/1/477
f 1985/24/478 1998/21/478 1983/23/478
f 1983/23/479 2096/25/479 1985/24/479
f 2096/1/377 1984/1/377 1985/1/377
f 1960/1/339 2096/1/339 1961/1/339
f 1961/28/480 2094/26/480 1959/27/480
f 1959/27/450 1967/30/450 1961/28/450
f 1961/1/449 1966/1/449 1960/1/449
f 1966/1/343 1955/1/343 1954/1/343
f 1967/30/481 1953/31/481 1955/32/481
f 1953/31/482 1973/33/482 1955/32/482
f 1955/1/345 1972/1/345 1954/1/345
f 1933/1/347 1973/1/347 1934/1/347
f 1934/36/483 1971/34/483 1932/35/483
f 1938/37/454 1934/36/454 1932/35/454
f 1940/1/349 1933/1/349 1934/1/349
f 1938/104/455 1946/90/455 1940/88/455
f 1940/1/456 1945/1/456 1939/1/456
f 1945/1/457 1931/1/457 1930/1/457
f 1931/92/484 1944/100/484 1929/91/484
f 1929/91/420 1979/94/420 1931/92/420
f 1931/1/459 1978/1/459 1930/1/459
f 1912/1/462 1979/1/462 1913/1/462
f 1913/95/422 1977/93/422 1911/96/422
f 1917/97/424 1913/95/424 1911/96/424
f 1919/1/485 1912/1/485 1913/1/485
f 1918/1/486 1907/1/486 1906/1/486
f 1919/98/487 1905/56/487 1907/55/487
f 1905/56/488 1925/99/488 1907/55/488
f 1907/1/427 1924/1/427 1906/1/427
f 1924/1/381 1883/1/381 1882/1/381
f 1925/99/467 1881/58/467 1883/57/467
f 1881/58/489 1889/59/489 1883/57/489
f 1889/1/431 1882/1/431 1883/1/431
f 1887/60/490 1895/62/490 1889/59/490
f 1889/1/471 1894/1/471 1888/1/471
f 1879/1/387 1895/1/387 1880/1/387
f 1880/64/491 1893/61/491 1878/63/491
f 1879/1/389 1874/1/389 1873/1/389
f 1880/64/390 1872/65/390 1874/66/390
f 1872/65/391 1877/67/391 1874/66/391
f 1874/1/392 1876/1/392 1873/1/392
f 1890/71/492 1877/67/492 1875/68/492
f 1892/1/439 1876/1/439 1877/1/439
f 1891/1/441 1886/1/441 1885/1/441
f 1892/69/493 1884/72/493 1886/70/493
f 1920/73/494 1886/70/494 1884/72/494
f 1886/1/495 1921/1/495 1885/1/495
f 1903/1/400 1922/1/400 1904/1/400
f 1904/74/496 1920/73/496 1902/77/496
f 1903/1/402 1898/1/402 1897/1/402
f 1904/74/401 1896/105/401 1898/106/401
f 1818/27/480 1814/25/480 1813/107/480
f 1820/1/497 1812/1/497 1814/1/497
f 1804/1/341 1820/1/341 1805/1/341
f 1805/30/450 1818/27/450 1803/29/450
f 1803/29/498 1859/32/498 1805/30/498
f 1805/1/343 1858/1/343 1804/1/343
f 1858/1/499 1787/1/499 1786/1/499
f 1859/32/346 1785/108/346 1787/33/346
f 1791/35/483 1787/33/483 1785/108/483
f 1793/1/347 1786/1/347 1787/1/347
f 1792/1/349 1772/1/349 1771/1/349
f 1793/36/454 1770/37/454 1772/38/454
f 1776/100/500 1772/88/500 1770/101/500
f 1772/1/456 1777/1/456 1771/1/456
f 1776/100/484 1799/92/484 1778/90/484
f 1778/1/457 1798/1/457 1777/1/457
f 1762/1/419 1799/1/419 1763/1/419
f 1763/94/420 1797/91/420 1761/93/420
f 1767/96/422 1763/94/422 1761/93/422
f 1769/1/462 1762/1/462 1763/1/462
f 1768/1/423 1757/1/423 1756/1/423
f 1757/98/424 1767/96/424 1755/97/424
f 1866/56/487 1757/98/487 1755/97/487
f 1757/1/465 1867/1/465 1756/1/465
f 1867/1/427 1739/1/427 1738/1/427
f 1868/55/488 1737/54/488 1739/99/488
f 1737/54/467 1745/57/467 1739/99/467
f 1745/1/429 1738/1/429 1739/1/429
f 1744/1/383 1724/1/383 1723/1/383
f 1724/59/489 1743/58/489 1722/60/489
f 1722/60/490 1730/62/490 1724/59/490
f 1730/1/471 1723/1/471 1724/1/471
f 1711/1/501 1730/1/501 1712/1/501
f 1712/64/491 1728/61/491 1710/63/491
f 1711/1/389 1706/1/389 1705/1/389
f 1712/64/502 1704/109/502 1706/110/502
f 1713/16/503 1703/15/503 1702/14/503
f 1715/1/504 1701/1/504 1703/1/504
f 1696/1/475 1715/1/475 1697/1/475
f 1697/17/371 1713/16/371 1695/103/371
f 1749/19/505 1697/17/505 1695/103/505
f 1697/1/331 1750/1/331 1696/1/331
f 1678/1/506 1751/1/506 1679/1/506
f 1751/20/333 1677/21/333 1679/22/333
f 1683/23/507 1679/22/507 1677/21/507
f 1679/1/477 1684/1/477 1678/1/477
f 1663/1/377 1685/1/377 1664/1/377
f 1685/24/378 1662/26/378 1664/25/378
f 1668/27/480 1664/25/480 1662/26/480
f 1670/1/339 1663/1/339 1664/1/339
f 1689/29/342 1670/28/342 1668/27/342
f 1670/1/449 1690/1/449 1669/1/449
f 1654/1/343 1691/1/343 1655/1/343
f 1655/32/481 1689/29/481 1653/31/481
f 1659/34/482 1655/32/482 1653/31/482
f 1661/1/499 1654/1/499 1655/1/499
f 1660/1/453 1649/1/453 1648/1/453
f 1661/33/483 1647/35/483 1649/36/483
f 1869/37/508 1649/36/508 1647/35/508
f 1871/1/509 1648/1/509 1649/1/509
f 1618/1/456 1871/1/456 1619/1/456
f 1871/88/455 1617/89/455 1619/90/455
f 1617/89/484 1625/92/484 1619/90/484
f 1619/1/457 1624/1/457 1618/1/457
f 1603/1/459 1625/1/459 1604/1/459
f 1604/94/420 1623/91/420 1602/93/420
f 1608/96/422 1604/94/422 1602/93/422
f 1610/1/462 1603/1/462 1604/1/462
f 1608/96/510 1631/98/510 1610/95/510
f 1610/1/511 1630/1/511 1609/1/511
f 1630/1/465 1592/1/465 1591/1/465
f 1631/98/512 1590/111/512 1592/112/512
f 1638/1/513 1535/1/513 1534/1/513
f 1640/4/514 1533/6/514 1535/5/514
f 1533/6/365 1547/51/365 1535/5/365
f 1535/1/318 1546/1/318 1534/1/318
f 1546/1/319 1541/1/319 1540/1/319
f 1547/51/320 1539/9/320 1541/8/320
f 1539/9/515 1577/11/515 1541/8/515
f 1541/1/368 1576/1/368 1540/1/368
f 1555/1/516 1577/1/516 1556/1/516
f 1577/11/324 1554/12/324 1556/13/324
f 1555/1/325 1553/1/325 1552/1/325
f 1556/13/370 1551/14/370 1553/15/370
f 1551/14/327 1559/18/327 1553/15/327
f 1553/1/328 1558/1/328 1552/1/328
f 1578/103/371 1559/18/371 1557/16/371
f 1580/1/330 1558/1/330 1559/1/330
f 1579/1/373 1544/1/373 1543/1/373
f 1580/17/517 1542/19/517 1544/20/517
f 1542/19/333 1550/22/333 1544/20/333
f 1544/1/334 1549/1/334 1543/1/334
f 1537/1/477 1550/1/477 1538/1/477
f 1538/24/478 1548/21/478 1536/113/478
f 1536/113/479 1643/25/479 1538/24/479
f 1643/1/377 1537/1/377 1538/1/377
f 1513/1/339 1643/1/339 1514/1/339
f 1514/28/480 1641/26/480 1512/27/480
f 1512/27/450 1520/30/450 1514/28/450
f 1514/1/449 1519/1/449 1513/1/449
f 1519/1/343 1496/1/343 1495/1/343
f 1520/30/481 1494/31/481 1496/32/481
f 1494/31/482 1502/33/482 1496/32/482
f 1496/1/345 1501/1/345 1495/1/345
f 1524/35/483 1502/33/483 1500/34/483
f 1502/1/453 1525/1/453 1501/1/453
f 1525/1/349 1487/1/349 1486/1/349
f 1526/36/454 1485/37/454 1487/38/454
f 1485/104/455 1493/90/455 1487/88/455
f 1487/1/456 1492/1/456 1486/1/456
f 1492/1/457 1481/1/457 1480/1/457
f 1481/92/484 1491/100/484 1479/91/484
f 1479/91/420 1532/94/420 1481/92/420
f 1481/1/459 1531/1/459 1480/1/459
f 1468/1/421 1532/1/421 1469/1/421
f 1469/95/461 1530/93/461 1467/96/461
f 1467/96/518 1475/98/518 1469/95/518
f 1475/1/511 1468/1/511 1469/1/511
f 1453/1/465 1475/1/465 1454/1/465
f 1454/55/487 1473/97/487 1452/56/487
f 1458/54/519 1454/55/519 1452/56/519
f 1460/1/427 1453/1/427 1454/1/427
f 1450/1/429 1460/1/429 1451/1/429
f 1451/57/520 1458/54/520 1449/58/520
f 1450/1/431 1442/1/431 1441/1/431
f 1451/57/489 1440/60/489 1442/59/489
f 1446/61/521 1442/59/521 1440/60/521
f 1448/1/433 1441/1/433 1442/1/433
f 1435/1/387 1448/1/387 1436/1/387
f 1448/62/491 1434/63/491 1436/64/491
f 1435/1/389 1427/1/389 1426/1/389
f 1436/64/390 1425/65/390 1427/66/390
f 1425/65/391 1433/67/391 1427/66/391
f 1427/1/392 1432/1/392 1426/1/392
f 1432/1/394 1430/1/394 1429/1/394
f 1433/67/522 1428/71/522 1430/69/522
f 1428/71/493 1439/70/493 1430/69/493
f 1430/1/441 1438/1/441 1429/1/441
f 1437/72/523 1445/75/523 1439/70/523
f 1439/1/398 1444/1/398 1438/1/398
f 1455/77/524 1445/75/524 1443/73/524
f 1457/1/525 1444/1/525 1445/1/525
f 1455/77/526 1472/79/526 1457/74/526
f 1457/1/402 1471/1/402 1456/1/402
f 1471/1/404 1466/1/404 1465/1/404
f 1472/79/527 1464/81/527 1466/78/527
f 1462/1/406 1466/1/406 1463/1/406
f 1466/78/528 1461/80/528 1463/83/528
f 1527/82/407 1463/83/407 1461/80/407
f 1529/1/529 1462/1/529 1463/1/529
f 1477/1/530 1529/1/530 1478/1/530
f 1529/85/409 1476/84/409 1478/87/409
f 1488/114/531 1478/87/531 1476/84/531
f 1490/1/412 1477/1/412 1478/1/412
f 1489/1/532 1484/1/532 1483/1/532
f 1490/86/414 1482/39/414 1484/41/414
f 1482/39/533 1523/40/533 1484/41/533
f 1484/1/352 1522/1/352 1483/1/352
f 1522/1/354 1499/1/354 1498/1/354
f 1499/44/353 1521/43/353 1497/42/353
f 1515/45/534 1499/44/534 1497/42/534
f 1517/1/355 1498/1/355 1499/1/355
f 1510/1/358 1517/1/358 1511/1/358
f 1511/47/535 1515/45/535 1509/49/535
f 1504/1/536 1511/1/536 1505/1/536
f 1505/50/537 1509/49/537 1503/48/537
f 1506/115/538 1505/50/538 1503/48/538
f 1508/1/362 1504/1/362 1505/1/362
f 1599/54/488 1595/55/488 1594/56/488
f 1601/1/466 1593/1/466 1595/1/466
f 1585/1/381 1601/1/381 1586/1/381
f 1586/57/467 1599/54/467 1584/58/467
f 1584/58/489 1637/59/489 1586/57/489
f 1637/1/383 1585/1/383 1586/1/383
f 1636/1/433 1568/1/433 1567/1/433
f 1568/62/539 1635/60/539 1566/61/539
f 1566/61/491 1574/64/491 1568/62/491
f 1568/1/540 1573/1/540 1567/1/540
f 1573/1/389 1571/1/389 1570/1/389
f 1574/64/541 1569/65/541 1571/66/541
f 1564/1/542 1571/1/542 1565/1/542
f 1565/67/438 1569/65/438 1563/68/438
f 1564/1/543 1562/1/543 1561/1/543
f 1565/67/492 1560/71/492 1562/69/492
f 1632/72/544 1562/69/544 1560/71/544
f 1562/1/545 1633/1/545 1561/1/545
f 1633/1/398 1583/1/398 1582/1/398
f 1634/70/523 1581/73/523 1583/75/523
f 1596/77/546 1583/75/546 1581/73/546
f 1598/1/400 1582/1/400 1583/1/400
f 1588/1/402 1598/1/402 1589/1/402
f 1589/79/526 1596/77/526 1587/76/526
f 1626/81/527 1589/79/527 1587/76/527
f 1628/1/404 1588/1/404 1589/1/404
f 1627/1/406 1607/1/406 1606/1/406
f 1628/78/547 1605/80/547 1607/83/547
f 1620/82/548 1607/83/548 1605/80/548
f 1622/1/529 1606/1/529 1607/1/529
f 1621/1/410 1616/1/410 1615/1/410
f 1622/85/549 1614/84/549 1616/87/549
f 1612/1/412 1616/1/412 1613/1/412
f 1616/87/531 1611/114/531 1613/86/531
f 1860/39/414 1613/86/414 1611/114/414
f 1862/1/550 1612/1/550 1613/1/550
f 1861/1/551 1646/1/551 1645/1/551
f 1646/40/533 1860/39/533 1644/43/533
f 1644/43/353 1658/44/353 1646/40/353
f 1658/1/354 1645/1/354 1646/1/354
f 1657/1/552 1652/1/552 1651/1/552
f 1652/46/534 1656/42/534 1650/116/534
f 1650/116/535 1688/47/535 1652/46/535
f 1688/1/553 1651/1/553 1652/1/553
f 1666/1/554 1688/1/554 1667/1/554
f 1688/47/359 1665/48/359 1667/50/359
f 1680/3/361 1667/50/361 1665/48/361
f 1682/1/362 1666/1/362 1667/1/362
f 1681/1/364 1676/1/364 1675/1/364
f 1676/5/514 1680/3/514 1674/6/514
f 1675/1/555 1673/1/555 1672/1/555
f 1676/5/556 1671/7/556 1673/51/556
f 1671/7/320 1748/8/320 1673/51/320
f 1748/1/367 1672/1/367 1673/1/367
f 1747/1/557 1694/1/557 1693/1/557
f 1694/11/558 1746/9/558 1692/10/558
f 1692/10/559 1718/13/559 1694/11/559
f 1694/1/323 1717/1/323 1693/1/323
f 1717/1/325 1700/1/325 1699/1/325
f 1718/13/560 1698/117/560 1700/118/560
f 1719/68/561 1709/66/561 1708/65/561
f 1721/1/562 1707/1/562 1709/1/562
f 1719/68/492 1727/69/492 1721/67/492
f 1721/1/439 1726/1/439 1720/1/439
f 1740/72/563 1727/69/563 1725/71/563
f 1742/1/441 1726/1/441 1727/1/441
f 1735/1/398 1742/1/398 1736/1/398
f 1742/70/523 1734/73/523 1736/75/523
f 1732/1/400 1736/1/400 1733/1/400
f 1736/75/546 1731/77/546 1733/74/546
f 1863/76/526 1733/74/526 1731/77/526
f 1733/1/402 1864/1/402 1732/1/402
f 1753/1/404 1865/1/404 1754/1/404
f 1754/78/564 1863/76/564 1752/81/564
f 1764/80/547 1754/78/547 1752/81/547
f 1766/1/406 1753/1/406 1754/1/406
f 1765/1/408 1760/1/408 1759/1/408
f 1766/83/548 1758/82/548 1760/85/548
f 1794/84/409 1760/85/409 1758/82/409
f 1760/1/410 1795/1/410 1759/1/410
f 1774/1/412 1796/1/412 1775/1/412
f 1775/86/531 1794/84/531 1773/114/531
f 1773/114/414 1790/41/414 1775/86/414
f 1775/1/413 1789/1/413 1774/1/413
f 1789/1/551 1784/1/551 1783/1/551
f 1790/41/533 1782/43/533 1784/40/533
f 1783/1/565 1781/1/565 1780/1/565
f 1781/44/353 1782/43/353 1779/42/353
f 1779/42/566 1856/46/566 1781/44/566
f 1781/1/355 1855/1/355 1780/1/355
f 1855/1/553 1802/1/553 1801/1/553
f 1802/47/535 1854/116/535 1800/49/535
f 1800/49/359 1817/50/359 1802/47/359
f 1802/1/360 1816/1/360 1801/1/360
f 1807/1/362 1817/1/362 1808/1/362
f 1817/50/361 1806/3/361 1808/4/361
f 1848/6/567 1808/4/567 1806/3/567
f 1850/1/364 1807/1/364 1808/1/364
f 1849/1/555 1826/1/555 1825/1/555
f 1826/51/556 1848/6/556 1824/7/556
f 1824/7/320 1844/8/320 1826/51/320
f 1826/1/367 1843/1/367 1825/1/367
f 1843/1/368 1832/1/368 1831/1/368
f 1832/11/558 1842/9/558 1830/10/558
f 1836/12/568 1832/11/568 1830/10/568
f 1832/1/323 1837/1/323 1831/1/323
f 1837/1/325 1835/1/325 1834/1/325
f 1838/13/569 1833/14/569 1835/15/569
f 1833/14/474 1841/18/474 1835/15/474
f 1835/1/328 1840/1/328 1834/1/328
f 1845/103/371 1841/18/371 1839/16/371
f 1847/1/570 1840/1/570 1841/1/570
f 1822/1/373 1847/1/373 1823/1/373
f 1847/17/571 1821/19/571 1823/20/571
f 1827/21/333 1823/20/333 1821/19/333
f 1823/1/572 1828/1/572 1822/1/572
f 1827/21/507 1853/24/507 1829/22/507
f 1829/1/477 1852/1/477 1828/1/477
f 1852/1/377 1811/1/377 1810/1/377
f 1853/24/479 1809/119/479 1811/120/479
f 1914/81/564 1901/79/564 1900/76/564
f 1916/1/404 1899/1/404 1901/1/404
f 1909/1/406 1916/1/406 1910/1/406
f 1910/83/547 1914/81/547 1908/80/547
f 1974/82/548 1910/83/548 1908/80/548
f 1976/1/529 1909/1/529 1910/1/529
f 1927/1/530 1976/1/530 1928/1/530
f 1976/85/409 1926/84/409 1928/87/409
f 1941/114/531 1928/87/531 1926/84/531
f 1928/1/412 1942/1/412 1927/1/412
f 1942/1/532 1937/1/532 1936/1/532
f 1943/86/414 1935/39/414 1937/41/414
f 1935/39/533 1970/40/533 1937/41/533
f 1937/1/352 1969/1/352 1936/1/352
f 1969/1/354 1952/1/354 1951/1/354
f 1970/40/353 1950/42/353 1952/44/353
f 1948/1/355 1952/1/355 1949/1/355
f 1952/44/534 1947/45/534 1949/46/534
f 1947/45/535 1964/47/535 1949/46/535
f 1949/1/553 1963/1/553 1948/1/553
f 1963/1/554 1958/1/554 1957/1/554
f 1964/47/573 1956/48/573 1958/50/573
f 2091/3/361 1958/50/361 1956/48/361
f 2093/1/362 1957/1/362 1958/1/362
f 1981/1/364 2093/1/364 1982/1/364
f 2093/4/514 1980/6/514 1982/5/514
f 1995/7/317 1982/5/317 1980/6/317
f 1997/1/318 1981/1/318 1982/1/318
f 1996/1/319 1991/1/319 1990/1/319
f 1997/51/320 1989/9/320 1991/8/320
f 1989/9/515 2033/11/515 1991/8/515
f 1991/1/368 2032/1/368 1990/1/368
f 2011/1/516 2033/1/516 2012/1/516
f 2012/13/324 2031/10/324 2010/12/324
f 2011/1/325 2006/1/325 2005/1/325
f 2012/13/560 2004/121/560 2006/122/560
f 2025/68/574 2009/66/574 2008/65/574
f 2027/1/392 2007/1/392 2009/1/392
f 2025/68/522 2048/69/522 2027/67/522
f 2027/1/439 2047/1/439 2026/1/439
f 2038/1/441 2048/1/441 2039/1/441
f 2039/70/575 2046/71/575 2037/72/575
f 2076/73/576 2039/70/576 2037/72/576
f 2078/1/495 2038/1/495 2039/1/495
f 2053/1/525 2078/1/525 2054/1/525
f 2054/74/546 2076/73/546 2052/77/546
f 2052/77/401 2063/79/401 2054/74/401
f 2054/1/577 2062/1/577 2053/1/577
f 2100/81/403 2063/79/403 2061/76/403
f 2102/1/404 2062/1/404 2063/1/404
f 2100/81/547 2105/83/547 2102/78/547
f 2105/1/406 2101/1/406 2102/1/406
f 2115/82/548 2105/83/548 2103/123/548
f 2117/1/408 2104/1/408 2105/1/408
f 2127/84/578 2117/85/578 2115/82/578
f 2129/1/530 2116/1/530 2117/1/530
f 2127/84/411 2150/86/411 2129/87/411
f 2150/1/412 2128/1/412 2129/1/412
f 2152/39/414 2150/86/414 2148/114/414
f 2153/1/550 2149/1/550 2150/1/550
f 2146/1/456 2156/1/456 2147/1/456
f 2156/88/416 2145/100/416 2147/90/416
f 2146/1/579 2132/1/579 2131/1/579
f 2132/92/580 2145/100/580 2130/91/580
f 2119/1/459 2132/1/459 2120/1/459
f 2132/92/460 2118/93/460 2120/94/460
f 2119/1/421 2108/1/421 2107/1/421
f 2108/95/581 2118/93/581 2106/96/581
f 2107/1/423 2099/1/423 2098/1/423
f 2108/95/510 2097/97/510 2099/98/510
f 2098/1/465 2060/1/465 2059/1/465
f 2060/55/582 2097/97/582 2058/56/582
f 2059/1/427 2057/1/427 2056/1/427
f 2057/99/428 2058/56/428 2055/54/428
f 2055/54/520 2075/57/520 2057/99/520
f 2075/1/429 2056/1/429 2057/1/429
f 2044/1/468 2075/1/468 2045/1/468
f 2045/59/489 2073/58/489 2043/60/489
f 2085/61/470 2045/59/470 2043/60/470
f 2087/1/471 2044/1/471 2045/1/471
f 2086/1/435 2024/1/435 2023/1/435
f 2024/64/491 2085/61/491 2022/63/491
f 2020/1/389 2024/1/389 2021/1/389
f 2021/66/541 2022/63/541 2019/65/541
f 2082/68/574 2021/66/574 2019/65/574
f 2084/1/392 2020/1/392 2021/1/392
f 2035/1/394 2084/1/394 2036/1/394
f 2036/69/583 2082/68/583 2034/71/583
f 2034/71/563 2042/70/563 2036/69/563
f 2036/1/441 2041/1/441 2035/1/441
f 2040/72/584 2072/75/584 2042/70/584
f 2072/1/495 2041/1/495 2042/1/495
f 2071/1/400 2066/1/400 2065/1/400
f 2072/75/524 2064/77/524 2066/74/524
f 2310/76/401 2066/74/401 2064/77/401
f 2066/1/402 2311/1/402 2065/1/402
f 2311/1/585 2111/1/585 2110/1/585
f 2111/78/586 2310/76/586 2109/81/586
f 2139/80/587 2111/78/587 2109/81/587
f 2111/1/406 2140/1/406 2110/1/406
f 2140/1/529 2135/1/529 2134/1/529
f 2141/83/588 2133/82/588 2135/85/588
f 2125/1/530 2135/1/530 2126/1/530
f 2135/85/409 2124/124/409 2126/87/409
f 2124/124/411 2195/86/411 2126/87/411
f 2195/1/412 2125/1/412 2126/1/412
f 2194/1/413 2159/1/413 2158/1/413
f 2195/86/414 2157/39/414 2159/41/414
f 2187/43/589 2159/41/589 2157/39/589
f 2159/1/551 2188/1/551 2158/1/551
f 2188/1/354 2183/1/354 2182/1/354
f 2189/40/353 2181/42/353 2183/44/353
f 2307/45/534 2183/44/534 2181/42/534
f 2309/1/355 2182/1/355 2183/1/355
f 2212/1/358 2309/1/358 2213/1/358
f 2213/47/357 2307/45/357 2211/49/357
f 2245/48/590 2213/47/590 2211/49/590
f 2246/1/591 2212/1/591 2213/1/591
f 606/77/592 635/79/592 608/74/592
f 608/1/593 634/1/593 607/1/593
f 634/1/404 614/1/404 613/1/404
f 635/79/594 612/81/594 614/78/594
f 612/81/595 629/83/595 614/78/595
f 614/1/596 628/1/596 613/1/596
f 741/82/588 629/83/588 627/123/588
f 629/1/529 742/1/529 628/1/529
f 742/1/410 656/1/410 655/1/410
f 743/85/597 654/84/597 656/87/597
f 681/114/531 656/87/531 654/84/531
f 683/1/412 655/1/412 656/1/412
f 682/1/413 677/1/413 676/1/413
f 683/86/414 675/39/414 677/41/414
f 675/39/533 737/40/533 677/41/533
f 677/1/551 736/1/551 676/1/551
f 703/1/565 737/1/565 704/1/565
f 704/44/353 735/43/353 702/42/353
f 702/42/598 731/46/598 704/44/598
f 704/1/552 730/1/552 703/1/552
f 730/1/358 710/1/358 709/1/358
f 731/46/599 708/49/599 710/47/599
f 723/48/537 710/47/537 708/49/537
f 725/1/554 709/1/554 710/1/554
f 723/48/600 968/4/600 725/50/600
f 725/1/601 967/1/601 724/1/601
f 754/1/364 968/1/364 755/1/364
f 755/5/316 966/3/316 753/6/316
f 777/7/556 755/5/556 753/6/556
f 779/1/555 754/1/555 755/1/555
f 766/1/367 779/1/367 767/1/367
f 767/8/602 777/7/602 765/9/602
f 846/10/603 767/8/603 765/9/603
f 848/1/604 766/1/604 767/1/604
f 847/1/516 809/1/516 808/1/516
f 848/11/605 807/12/605 809/13/605
f 808/1/606 800/1/606 799/1/606
f 809/13/607 798/125/607 800/126/607
f 810/68/391 797/66/391 796/65/391
f 812/1/392 795/1/392 797/1/392
f 810/68/492 821/69/492 812/67/492
f 812/1/608 820/1/608 811/1/608
f 834/72/544 821/69/544 819/71/544
f 821/1/441 835/1/441 820/1/441
f 835/1/398 830/1/398 829/1/398
f 836/70/523 828/73/523 830/75/523
f 843/77/546 830/75/546 828/73/546
f 845/1/400 829/1/400 830/1/400
f 843/77/609 863/79/609 845/74/609
f 845/1/577 862/1/577 844/1/577
f 862/1/404 860/1/404 859/1/404
f 863/79/610 858/81/610 860/78/610
f 858/81/611 875/83/611 860/78/611
f 860/1/406 874/1/406 859/1/406
f 874/1/408 869/1/408 868/1/408
f 875/83/612 867/82/612 869/85/612
f 900/84/409 869/85/409 867/82/409
f 902/1/530 868/1/530 869/1/530
f 880/1/613 902/1/613 881/1/613
f 902/87/614 879/114/614 881/86/614
f 894/39/615 881/86/615 879/114/615
f 896/1/532 880/1/532 881/1/532
f 895/1/352 890/1/352 889/1/352
f 896/41/351 888/43/351 890/40/351
f 960/42/616 890/40/616 888/43/616
f 962/1/565 889/1/565 890/1/565
f 910/1/355 962/1/355 911/1/355
f 962/44/356 909/45/356 911/46/356
f 907/1/617 911/1/617 908/1/617
f 911/46/357 906/49/357 908/47/357
f 924/48/537 908/47/537 906/49/537
f 926/1/618 907/1/618 908/1/618
f 916/1/362 926/1/362 917/1/362
f 926/50/619 915/3/619 917/4/619
f 954/6/514 917/4/514 915/3/514
f 917/1/364 955/1/364 916/1/364
f 955/1/555 932/1/555 931/1/555
f 956/5/365 930/7/365 932/51/365
f 948/9/620 932/51/620 930/7/620
f 950/1/621 931/1/621 932/1/621
f 949/1/557 944/1/557 943/1/557
f 944/11/622 948/9/622 942/10/622
f 940/1/516 944/1/516 941/1/516
f 944/11/559 939/12/559 941/13/559
f 1077/127/569 941/13/569 939/12/569
f 1079/1/623 940/1/623 941/1/623
f 946/1/328 1079/1/328 947/1/328
f 947/18/474 1077/127/474 945/16/474
f 937/1/330 947/1/330 938/1/330
f 938/17/371 945/16/371 936/103/371
f 951/19/476 938/17/476 936/103/476
f 953/1/331 937/1/331 938/1/331
f 934/1/506 953/1/506 935/1/506
f 953/20/624 933/21/624 935/22/624
f 933/21/625 959/24/625 935/22/625
f 935/1/477 958/1/477 934/1/477
f 958/1/337 920/1/337 919/1/337
f 959/24/626 918/128/626 920/129/626
f 1017/1/404 1013/1/404 1012/1/404
f 1019/79/586 1011/81/586 1013/78/586
f 1009/1/406 1013/1/406 1010/1/406
f 1010/83/587 1011/81/587 1008/80/587
f 1008/80/627 1082/85/627 1010/83/627
f 1010/1/529 1081/1/529 1009/1/529
f 1081/1/410 1031/1/410 1030/1/410
f 1082/85/578 1029/84/578 1031/87/578
f 1029/84/628 1043/86/628 1031/87/628
f 1043/1/613 1030/1/613 1031/1/613
f 1042/1/532 1037/1/532 1036/1/532
f 1037/41/414 1041/114/414 1035/39/414
f 1071/43/533 1037/41/533 1035/39/533
f 1037/1/352 1072/1/352 1036/1/352
f 1051/1/629 1073/1/629 1052/1/629
f 1073/40/630 1050/42/630 1052/44/630
f 1050/42/631 1067/46/631 1052/44/631
f 1052/1/552 1066/1/552 1051/1/552
f 1066/1/553 1061/1/553 1060/1/553
f 1061/47/535 1065/116/535 1059/49/535
f 1060/1/360 1058/1/360 1057/1/360
f 1061/47/359 1056/48/359 1058/50/359
f 1056/48/538 1190/4/538 1058/50/538
f 1058/1/362 1189/1/362 1057/1/362
f 1087/1/315 1190/1/315 1088/1/315
f 1190/4/567 1086/6/567 1088/5/567
f 1098/7/556 1088/5/556 1086/6/556
f 1100/1/318 1087/1/318 1088/1/318
f 1099/1/621 1094/1/621 1093/1/621
f 1094/8/320 1098/7/320 1092/9/320
f 1092/9/632 1136/11/632 1094/8/632
f 1094/1/557 1135/1/557 1093/1/557
f 1117/1/516 1136/1/516 1118/1/516
f 1118/13/324 1134/10/324 1116/12/324
f 1117/1/623 1115/1/623 1114/1/623
f 1118/13/560 1113/121/560 1115/130/560
f 1125/68/561 1109/66/561 1108/65/561
f 1127/1/633 1107/1/633 1109/1/633
f 1123/1/394 1127/1/394 1124/1/394
f 1124/69/492 1125/68/492 1122/71/492
f 1191/72/563 1124/69/563 1122/71/563
f 1124/1/634 1192/1/634 1123/1/634
f 1192/1/443 1142/1/443 1141/1/443
f 1193/70/523 1140/73/523 1142/75/523
f 1152/77/546 1142/75/546 1140/73/546
f 1154/1/525 1141/1/525 1142/1/525
f 1147/1/577 1154/1/577 1148/1/577
f 1154/74/401 1146/131/401 1148/79/401
f 1182/81/586 1148/79/586 1146/131/586
f 1184/1/404 1147/1/404 1148/1/404
f 1162/1/596 1184/1/596 1163/1/596
f 1163/83/587 1182/81/587 1161/80/587
f 1161/80/627 1178/85/627 1163/83/627
f 1163/1/408 1177/1/408 1162/1/408
f 1177/1/410 1169/1/410 1168/1/410
f 1178/85/549 1167/84/549 1169/87/549
f 1167/84/628 1172/86/628 1169/87/628
f 1172/1/613 1168/1/613 1169/1/613
f 1170/114/635 1421/41/635 1172/86/635
f 1421/1/532 1171/1/532 1172/1/532
f 1201/1/352 1421/1/352 1202/1/352
f 1421/41/351 1200/43/351 1202/40/351
f 1215/42/636 1202/40/636 1200/43/636
f 1202/1/565 1216/1/565 1201/1/565
f 1210/1/355 1217/1/355 1211/1/355
f 1211/46/534 1215/42/534 1209/116/534
f 1245/49/535 1211/46/535 1209/116/535
f 1247/1/358 1210/1/358 1211/1/358
f 1228/1/360 1247/1/360 1229/1/360
f 1229/50/359 1245/49/359 1227/48/359
f 1228/1/362 1223/1/362 1222/1/362
f 1229/50/619 1221/132/619 1223/133/619
f 1416/1/466 1286/1/466 1285/1/466
f 1418/55/488 1284/54/488 1286/99/488
f 1284/54/637 1292/57/637 1286/99/637
f 1286/1/381 1291/1/381 1285/1/381
f 1279/1/431 1292/1/431 1280/1/431
f 1292/57/638 1278/60/638 1280/59/638
f 1296/61/521 1280/59/521 1278/60/521
f 1280/1/433 1297/1/433 1279/1/433
f 1297/1/639 1262/1/639 1261/1/639
f 1262/64/491 1296/61/491 1260/63/491
f 1263/65/541 1262/64/541 1260/63/541
f 1265/1/389 1261/1/389 1262/1/389
f 1263/65/391 1295/67/391 1265/66/391
f 1265/1/392 1294/1/392 1264/1/392
f 1294/1/394 1277/1/394 1276/1/394
f 1295/67/522 1275/71/522 1277/69/522
f 1273/1/441 1277/1/441 1274/1/441
f 1277/69/493 1272/72/493 1274/70/493
f 1287/73/523 1274/70/523 1272/72/523
f 1289/1/495 1273/1/495 1274/1/495
f 1288/1/525 1283/1/525 1282/1/525
f 1283/74/546 1287/73/546 1281/77/546
f 1413/76/640 1283/74/640 1281/77/640
f 1283/1/577 1414/1/577 1282/1/577
f 1306/1/404 1415/1/404 1307/1/404
f 1307/78/586 1413/76/586 1305/81/586
f 1305/81/611 1325/83/611 1307/78/611
f 1307/1/406 1324/1/406 1306/1/406
f 1318/1/408 1325/1/408 1319/1/408
f 1325/83/612 1317/82/612 1319/85/612
f 1350/84/409 1319/85/409 1317/82/409
f 1352/1/530 1318/1/530 1319/1/530
f 1333/1/641 1352/1/641 1334/1/641
f 1352/87/628 1332/114/628 1334/86/628
f 1333/1/532 1331/1/532 1330/1/532
f 1334/86/642 1329/39/642 1331/41/642
f 1344/43/533 1331/41/533 1329/39/533
f 1346/1/643 1330/1/643 1331/1/643
f 1345/1/354 1340/1/354 1339/1/354
f 1346/40/630 1338/42/630 1340/44/630
f 1338/42/631 1409/46/631 1340/44/631
f 1340/1/355 1408/1/355 1339/1/355
f 1408/1/644 1358/1/644 1357/1/644
f 1409/46/357 1356/49/357 1358/47/357
f 1371/48/537 1358/47/537 1356/49/537
f 1358/1/618 1372/1/618 1357/1/618
f 1366/1/362 1373/1/362 1367/1/362
f 1367/4/645 1371/48/645 1365/3/645
f 1404/6/514 1367/4/514 1365/3/514
f 1406/1/646 1366/1/646 1367/1/646
f 1405/1/555 1382/1/555 1381/1/555
f 1406/5/365 1380/7/365 1382/51/365
f 1381/1/647 1379/1/647 1378/1/647
f 1379/8/320 1380/7/320 1377/9/320
f 1377/9/515 1394/11/515 1379/8/515
f 1394/1/368 1378/1/368 1379/1/368
f 1395/12/324 1394/11/324 1392/10/324
f 1394/1/369 1396/1/369 1393/1/369
f 1396/1/325 1388/1/325 1387/1/325
f 1397/13/370 1386/14/370 1388/15/370
f 1386/14/327 1391/18/327 1388/15/327
f 1388/1/648 1390/1/648 1387/1/648
f 1398/103/371 1391/18/371 1389/16/371
f 1400/1/330 1390/1/330 1391/1/330
f 1384/1/331 1400/1/331 1385/1/331
f 1400/17/517 1383/19/517 1385/20/517
f 1383/19/333 1403/22/333 1385/20/333
f 1385/1/572 1402/1/572 1384/1/572
f 1363/1/335 1403/1/335 1364/1/335
f 1403/22/625 1362/113/625 1364/24/625
f 1362/113/378 1370/25/378 1364/24/378
f 1364/1/377 1369/1/377 1363/1/377
f 1374/27/340 1370/25/340 1368/26/340
f 1370/1/339 1375/1/339 1369/1/339
f 1360/1/649 1376/1/649 1361/1/649
f 1361/30/650 1374/27/650 1359/29/650
f 1410/31/481 1361/30/481 1359/29/481
f 1412/1/343 1360/1/343 1361/1/343
f 1342/1/345 1412/1/345 1343/1/345
f 1343/33/651 1410/31/651 1341/108/651
f 1341/108/348 1349/36/348 1343/33/348
f 1343/1/453 1348/1/453 1342/1/453
f 1348/1/349 1337/1/349 1336/1/349
f 1337/38/454 1347/35/454 1335/37/454
f 1335/104/416 1355/90/416 1337/88/416
f 1337/1/456 1354/1/456 1336/1/456
f 1315/1/417 1355/1/417 1316/1/417
f 1316/92/652 1353/89/652 1314/91/652
f 1320/93/460 1316/92/460 1314/91/460
f 1316/1/459 1321/1/459 1315/1/459
f 1320/93/653 1328/95/653 1322/94/653
f 1322/1/462 1327/1/462 1321/1/462
f 1309/1/423 1328/1/423 1310/1/423
f 1310/98/654 1326/96/654 1308/97/654
f 1311/134/487 1310/98/487 1308/97/487
f 1313/1/465 1309/1/465 1310/1/465
f 1239/6/567 1226/4/567 1225/3/567
f 1241/1/364 1224/1/364 1226/1/364
f 1234/1/318 1241/1/318 1235/1/318
f 1235/51/365 1239/6/365 1233/7/365
f 1299/9/320 1235/51/320 1233/7/320
f 1301/1/367 1234/1/367 1235/1/367
f 1300/1/557 1253/1/557 1252/1/557
f 1253/11/622 1299/9/622 1251/10/622
f 1251/10/324 1268/13/324 1253/11/324
f 1253/1/516 1267/1/516 1252/1/516
f 1258/1/325 1268/1/325 1259/1/325
f 1268/13/569 1257/14/569 1259/15/569
f 1269/16/474 1259/15/474 1257/14/474
f 1259/1/328 1270/1/328 1258/1/328
f 1270/1/330 1256/1/330 1255/1/330
f 1256/17/371 1269/16/371 1254/103/371
f 1254/103/517 1304/20/517 1256/17/517
f 1256/1/373 1303/1/373 1255/1/373
f 1303/1/506 1238/1/506 1237/1/506
f 1304/20/655 1236/21/655 1238/22/655
f 1242/113/507 1238/22/507 1236/21/507
f 1238/1/477 1243/1/477 1237/1/477
f 1243/1/377 1232/1/377 1231/1/377
f 1244/24/479 1230/26/479 1232/25/479
f 1248/27/480 1232/25/480 1230/26/480
f 1232/1/339 1249/1/339 1231/1/339
f 1249/1/449 1208/1/449 1207/1/449
f 1208/30/650 1248/27/650 1206/29/650
f 1206/29/481 1214/32/481 1208/30/481
f 1208/1/343 1213/1/343 1207/1/343
f 1218/34/346 1214/32/346 1212/31/346
f 1220/1/499 1213/1/499 1214/1/499
f 1204/1/453 1220/1/453 1205/1/453
f 1220/33/483 1203/35/483 1205/36/483
f 1422/37/656 1205/36/656 1203/35/656
f 1424/1/349 1204/1/349 1205/1/349
f 1174/1/456 1424/1/456 1175/1/456
f 1175/90/657 1422/101/657 1173/89/657
f 1179/91/484 1175/90/484 1173/89/484
f 1181/1/457 1174/1/457 1175/1/457
f 1180/1/419 1160/1/419 1159/1/419
f 1181/92/420 1158/93/420 1160/94/420
f 1164/96/422 1160/94/422 1158/93/422
f 1160/1/421 1165/1/421 1159/1/421
f 1164/96/658 1187/98/658 1166/95/658
f 1166/1/511 1186/1/511 1165/1/511
f 1186/1/465 1151/1/465 1150/1/465
f 1187/98/659 1149/56/659 1151/55/659
f 1155/54/519 1151/55/519 1149/56/519
f 1157/1/427 1150/1/427 1151/1/427
f 1144/1/429 1157/1/429 1145/1/429
f 1145/57/467 1155/54/467 1143/58/467
f 1143/58/489 1196/59/489 1145/57/489
f 1196/1/383 1144/1/383 1145/1/383
f 1129/1/471 1196/1/471 1130/1/471
f 1196/59/521 1128/61/521 1130/62/521
f 1128/61/491 1133/64/491 1130/62/491
f 1130/1/387 1132/1/387 1129/1/387
f 1132/1/436 1112/1/436 1111/1/436
f 1133/64/502 1110/135/502 1112/136/502
f 1119/16/503 1106/15/503 1105/14/503
f 1121/1/660 1104/1/660 1106/1/660
f 1119/16/371 1139/17/371 1121/18/371
f 1121/1/570 1138/1/570 1120/1/570
f 1096/1/373 1139/1/373 1097/1/373
f 1097/20/505 1137/103/505 1095/19/505
f 1101/21/655 1097/20/655 1095/19/655
f 1097/1/334 1102/1/334 1096/1/334
f 1102/1/477 1091/1/477 1090/1/477
f 1103/22/507 1089/113/507 1091/24/507
f 1197/26/479 1091/24/479 1089/113/479
f 1199/1/377 1090/1/377 1091/1/377
f 1063/1/339 1199/1/339 1064/1/339
f 1199/25/480 1062/27/480 1064/28/480
f 1062/27/450 1070/30/450 1064/28/450
f 1070/1/449 1063/1/449 1064/1/449
f 1069/1/343 1049/1/343 1048/1/343
f 1049/32/481 1068/29/481 1047/31/481
f 1053/34/651 1049/32/651 1047/31/651
f 1049/1/345 1054/1/345 1048/1/345
f 1074/35/483 1055/33/483 1053/34/483
f 1055/1/661 1075/1/661 1054/1/661
f 1039/1/349 1076/1/349 1040/1/349
f 1076/36/662 1038/37/662 1040/38/662
f 1038/101/663 1046/90/663 1040/88/663
f 1040/1/415 1045/1/415 1039/1/415
f 1045/1/417 1034/1/417 1033/1/417
f 1046/90/484 1032/91/484 1034/92/484
f 1032/91/420 1085/94/420 1034/92/420
f 1085/1/459 1033/1/459 1034/1/459
f 1084/1/462 1016/1/462 1015/1/462
f 1085/94/422 1014/96/422 1016/95/422
f 1020/97/463 1016/95/463 1014/96/463
f 1022/1/423 1015/1/423 1016/1/423
f 997/1/465 1022/1/465 998/1/465
f 1022/98/659 996/56/659 998/55/659
f 996/56/664 1007/99/664 998/55/664
f 1007/1/427 997/1/427 998/1/427
f 1005/54/520 1028/57/520 1007/99/520
f 1007/1/381 1027/1/381 1006/1/381
f 988/1/431 1028/1/431 989/1/431
f 1028/57/638 987/60/638 989/59/638
f 993/61/665 989/59/665 987/60/665
f 995/1/471 988/1/471 989/1/471
f 994/1/387 983/1/387 982/1/387
f 983/64/491 993/61/491 981/63/491
f 982/1/389 977/1/389 976/1/389
f 983/64/541 975/65/541 977/66/541
f 978/68/438 977/66/438 975/65/438
f 980/1/542 976/1/542 977/1/542
f 990/71/393 980/67/393 978/68/393
f 980/1/608 991/1/608 979/1/608
f 985/1/441 992/1/441 986/1/441
f 992/69/493 984/72/493 986/70/493
f 1023/73/523 986/70/523 984/72/523
f 986/1/666 1024/1/666 985/1/666
f 1000/1/400 1025/1/400 1001/1/400
f 1001/74/524 1023/73/524 999/77/524
f 1002/105/401 1001/74/401 999/77/401
f 1004/1/402 1000/1/402 1001/1/402
f 927/27/340 923/25/340 922/26/340
f 929/1/497 921/1/497 923/1/497
f 913/1/449 929/1/449 914/1/449
f 914/30/650 927/27/650 912/29/650
f 963/31/481 914/30/481 912/29/481
f 965/1/343 913/1/343 914/1/343
f 886/1/345 965/1/345 887/1/345
f 887/33/651 963/31/651 885/108/651
f 885/108/348 893/36/348 887/33/348
f 893/1/347 886/1/347 887/1/347
f 897/37/454 893/36/454 891/35/454
f 899/1/349 892/1/349 893/1/349
f 883/1/415 899/1/415 884/1/415
f 884/90/455 897/104/455 882/89/455
f 903/91/667 884/90/667 882/89/667
f 905/1/417 883/1/417 884/1/417
f 904/1/459 872/1/459 871/1/459
f 905/92/668 870/93/668 872/94/668
f 870/93/653 878/95/653 872/94/653
f 878/1/462 871/1/462 872/1/462
f 865/1/669 878/1/669 866/1/669
f 878/95/424 864/97/424 866/98/424
f 864/97/426 971/55/426 866/98/426
f 971/1/465 865/1/465 866/1/465
f 970/1/427 827/1/427 826/1/427
f 971/55/428 825/54/428 827/99/428
f 831/58/467 827/99/467 825/54/467
f 827/1/429 832/1/429 826/1/429
f 831/58/489 839/59/489 833/57/489
f 839/1/468 832/1/468 833/1/468
f 823/1/433 839/1/433 824/1/433
f 839/59/490 822/61/490 824/62/490
f 822/61/491 842/64/491 824/62/491
f 824/1/387 841/1/387 823/1/387
f 841/1/436 794/1/436 793/1/436
f 842/64/390 792/137/390 794/138/390
f 790/1/328 803/1/328 791/1/328
f 791/18/327 802/14/327 789/16/327
f 789/16/670 851/17/670 791/18/670
f 791/1/671 850/1/671 790/1/671
f 769/1/672 851/1/672 770/1/672
f 770/20/673 849/103/673 768/19/673
f 780/21/674 770/20/674 768/19/674
f 782/1/572 769/1/572 770/1/572
f 781/1/477 758/1/477 757/1/477
f 782/22/336 756/23/336 758/24/336
f 757/1/377 752/1/377 751/1/377
f 758/24/675 750/26/675 752/25/675
f 751/1/339 719/1/339 718/1/339
f 719/28/676 750/26/676 717/27/676
f 718/1/449 716/1/449 715/1/449
f 716/30/677 717/27/677 714/29/677
f 697/1/343 716/1/343 698/1/343
f 716/30/481 696/31/481 698/32/481
f 691/1/345 698/1/345 692/1/345
f 698/32/346 690/108/346 692/33/346
f 691/1/347 671/1/347 670/1/347
f 692/33/348 669/35/348 671/36/348
f 670/1/349 662/1/349 660/1/349
f 671/36/350 661/37/350 662/38/350
f 672/43/533 665/41/533 663/39/533
f 665/1/352 673/1/352 664/1/352
f 687/42/353 674/40/353 672/43/353
f 674/1/354 688/1/354 673/1/354
f 687/42/356 695/46/356 689/44/356
f 695/1/355 688/1/355 689/1/355
f 693/45/535 713/47/535 695/46/535
f 713/1/553 694/1/553 695/1/553
f 711/49/678 722/50/678 713/47/678
f 722/1/554 712/1/554 713/1/554
f 747/3/361 722/50/361 720/48/361
f 722/1/362 748/1/362 721/1/362
f 747/3/679 761/5/679 749/4/679
f 761/1/680 748/1/680 749/1/680
f 759/6/365 785/51/365 761/5/365
f 785/1/555 760/1/555 761/1/555
f 772/1/647 785/1/647 773/1/647
f 773/8/620 783/7/620 771/9/620
f 852/10/603 773/8/603 771/9/603
f 854/1/604 772/1/604 773/1/604
f 853/1/516 815/1/516 814/1/516
f 854/11/605 813/12/605 815/13/605
f 814/1/325 806/1/325 805/1/325
f 815/13/370 804/14/370 806/15/370
f 804/14/327 818/18/327 806/15/327
f 806/1/328 817/1/328 805/1/328
f 816/16/681 857/17/681 818/18/681
f 857/1/570 817/1/570 818/1/570
f 775/1/672 857/1/672 776/1/672
f 776/20/682 855/103/682 774/19/682
f 786/21/624 776/20/624 774/19/624
f 788/1/506 775/1/506 776/1/506
f 763/1/335 788/1/335 764/1/335
f 764/24/336 786/21/336 762/23/336
f 762/23/378 974/25/378 764/24/378
f 974/1/377 763/1/377 764/1/377
f 973/1/339 728/1/339 727/1/339
f 974/25/480 726/27/480 728/28/480
f 732/29/683 728/28/683 726/27/683
f 728/1/341 733/1/341 727/1/341
f 700/1/452 734/1/452 701/1/452
f 734/30/481 699/31/481 701/32/481
f 705/34/482 701/32/482 699/31/482
f 701/1/499 706/1/499 700/1/499
f 738/35/483 707/33/483 705/34/483
f 707/1/453 739/1/453 706/1/453
f 739/1/349 680/1/349 679/1/349
f 740/36/454 678/37/454 680/38/454
f 678/104/455 686/90/455 680/88/455
f 680/1/415 685/1/415 679/1/415
f 685/1/457 659/1/457 658/1/457
f 686/90/458 657/91/458 659/92/458
f 657/91/420 746/94/420 659/92/420
f 659/1/459 745/1/459 658/1/459
f 745/1/421 632/1/421 631/1/421
f 632/95/461 744/93/461 630/96/461
f 630/96/424 638/98/424 632/95/424
f 632/1/684 637/1/684 631/1/684
f 637/1/685 605/1/685 603/1/685
f 638/98/686 604/56/686 605/55/686
f 796/65/541 794/138/541 792/137/541
f 797/1/687 793/1/687 794/1/687
f 802/14/688 800/126/688 798/125/688
f 803/1/623 799/1/623 800/1/623
f 1111/1/436 1109/1/436 1107/1/436
f 1112/136/502 1108/65/502 1109/66/502
f 1114/1/623 1106/1/623 1104/1/623
f 1115/130/689 1105/14/689 1106/15/689
f 1225/3/619 1223/133/619 1221/132/619
f 1226/1/362 1222/1/362 1223/1/362
f 1417/56/690 1313/139/690 1311/134/690
f 1418/1/486 1312/1/486 1313/1/486
f 922/26/691 920/129/691 918/128/691
f 923/1/377 919/1/377 920/1/377
f 1018/76/526 1004/140/526 1002/105/526
f 1019/1/402 1003/1/402 1004/1/402
f 1594/56/692 1592/112/692 1590/111/692
f 1595/1/693 1591/1/693 1592/1/693
f 1639/3/361 1508/141/361 1506/115/361
f 1640/1/362 1507/1/362 1508/1/362
f 1702/14/689 1700/118/689 1698/117/689
f 1703/1/694 1699/1/694 1700/1/694
f 1708/65/695 1706/110/695 1704/109/695
f 1709/1/389 1705/1/389 1706/1/389
f 2005/1/325 2003/1/325 2001/1/325
f 2006/122/569 2002/14/569 2003/15/569
f 2017/1/389 2009/1/389 2007/1/389
f 2018/142/696 2008/65/696 2009/66/696
f 1813/107/691 1811/120/691 1809/119/691
f 1814/1/377 1810/1/377 1811/1/377
f 1900/76/401 1898/106/401 1896/105/401
f 1901/1/402 1897/1/402 1898/1/402
f 2368/143/697 2390/144/697 2369/145/697
f 2369/1/698 2389/1/698 2367/1/698
f 2379/1/699 2372/1/699 2371/1/699
f 2381/146/700 2370/147/700 2372/148/700
f 2353/1/701 2372/1/701 2354/1/701
f 2354/149/702 2370/147/702 2352/150/702
f 2341/1/703 2354/1/703 2342/1/703
f 2342/151/704 2352/150/704 2340/152/704
f 2341/1/705 2327/1/705 2326/1/705
f 2342/151/706 2325/153/706 2327/154/706
f 2317/1/707 2327/1/707 2318/1/707
f 2327/154/708 2316/155/708 2318/156/708
f 2319/157/709 2318/156/709 2316/155/709
f 2321/1/710 2317/1/710 2318/1/710
f 2328/158/711 2321/159/711 2319/157/711
f 2321/1/712 2329/1/712 2320/1/712
f 2331/160/713 2330/161/713 2328/158/713
f 2330/1/714 2332/1/714 2329/1/714
f 2331/160/715 2345/162/715 2333/163/715
f 2333/1/716 2344/1/716 2332/1/716
f 2355/143/717 2345/162/717 2343/164/717
f 2345/1/718 2356/1/718 2344/1/718
f 2382/165/719 2357/145/719 2355/143/719
f 2384/1/720 2356/1/720 2357/1/720
f 2383/1/721 2378/1/721 2377/1/721
f 2378/166/722 2382/165/722 2376/167/722
f 2391/168/723 2378/166/723 2376/167/723
f 2393/1/724 2377/1/724 2378/1/724
f 2391/168/725 2399/169/725 2393/170/725
f 2393/1/726 2398/1/726 2392/1/726
f 2418/171/727 2399/169/727 2397/172/727
f 2399/1/728 2419/1/728 2398/1/728
f 2418/171/729 2426/173/729 2420/174/729
f 2426/1/730 2419/1/730 2420/1/730
f 2424/175/731 2459/176/731 2426/173/731
f 2459/1/732 2425/1/732 2426/1/732
f 2458/1/733 2438/1/733 2437/1/733
f 2438/177/734 2457/178/734 2436/179/734
f 2460/180/735 2441/181/735 2440/182/735
f 2441/1/736 2461/1/736 2439/1/736
f 2428/1/737 2462/1/737 2429/1/737
f 2462/183/738 2427/184/738 2429/185/738
f 2422/1/739 2429/1/739 2423/1/739
f 2423/186/740 2427/184/740 2421/187/740
f 2422/1/741 2402/1/741 2401/1/741
f 2423/186/742 2400/188/742 2402/189/742
f 2401/1/743 2396/1/743 2395/1/743
f 2396/190/744 2400/188/744 2394/191/744
f 2374/1/745 2396/1/745 2375/1/745
f 2396/190/746 2373/192/746 2375/146/746
f 2373/192/747 2387/148/747 2375/146/747
f 2387/1/748 2374/1/748 2375/1/748
f 2359/1/749 2387/1/749 2360/1/749
f 2387/148/750 2358/150/750 2360/149/750
f 2347/1/751 2360/1/751 2348/1/751
f 2348/151/752 2358/150/752 2346/152/752
f 2361/153/753 2348/151/753 2346/152/753
f 2363/1/754 2347/1/754 2348/1/754
f 2362/1/755 2336/1/755 2335/1/755
f 2363/154/708 2334/155/708 2336/156/708
f 2335/1/756 2324/1/756 2323/1/756
f 2336/156/757 2322/157/757 2324/159/757
f 2322/157/758 2339/161/758 2324/159/758
f 2324/1/712 2338/1/712 2323/1/712
f 2337/158/759 2366/163/759 2339/161/759
f 2339/1/714 2365/1/714 2338/1/714
f 2350/1/760 2366/1/760 2351/1/760
f 2351/162/761 2364/160/761 2349/164/761
f 2368/143/762 2351/162/762 2349/164/762
f 2369/1/763 2350/1/763 2351/1/763
f 2578/1/764 2573/1/764 2572/1/764
f 2579/193/765 2571/157/765 2573/159/765
f 2584/1/766 2576/1/766 2575/1/766
f 2585/194/767 2574/195/767 2576/196/767
f 2890/1/764 2885/1/764 2884/1/764
f 2891/197/768 2883/157/768 2885/159/768
f 2893/1/769 2888/1/769 2887/1/769
f 2894/198/770 2886/195/770 2888/196/770
f 3007/1/771 3005/1/771 3004/1/771
f 3008/199/772 3003/200/772 3005/201/772
f 3094/1/773 3089/1/773 3088/1/773
f 3095/202/774 3087/192/774 3089/146/774
f 2698/1/775 2696/1/775 2695/1/775
f 2699/203/776 2694/204/776 2696/205/776
f 2799/167/777 2786/206/777 2784/207/777
f 2801/1/778 2785/1/778 2786/1/778
f 3370/1/745 3368/1/745 3367/1/745
f 3371/208/774 3366/192/774 3368/146/774
f 3411/209/779 3284/210/779 3282/211/779
f 3413/1/780 3283/1/780 3284/1/780
f 3481/1/769 3479/1/769 3478/1/769
f 3482/212/770 3477/195/770 3479/196/770
f 3487/1/764 3485/1/764 3484/1/764
f 3488/213/765 3483/157/765 3485/159/765
f 3783/157/781 3782/214/781 3780/215/781
f 3785/1/764 3781/1/764 3782/1/764
f 3790/1/769 3788/1/769 3787/1/769
f 3791/216/770 3786/195/770 3788/196/770
f 4071/1/782 4016/1/782 4015/1/782
f 4073/217/783 4014/218/783 4016/219/783
f 4014/218/784 4019/220/784 4016/219/784
f 4016/1/785 4018/1/785 4015/1/785
f 4026/1/786 4022/1/786 4021/1/786
f 4028/221/787 4020/209/787 4022/201/787
f 4020/209/788 4085/222/788 4022/201/788
f 4022/1/789 4084/1/789 4021/1/789
f 4030/1/790 4085/1/790 4031/1/790
f 4085/222/791 4029/223/791 4031/224/791
f 4029/223/792 4043/225/792 4031/224/792
f 4031/1/793 4042/1/793 4030/1/793
f 4068/226/794 4043/225/794 4041/227/794
f 4070/1/795 4042/1/795 4043/1/795
f 4069/1/796 4055/1/796 4054/1/796
f 4070/228/797 4053/229/797 4055/230/797
f 4045/1/769 4055/1/769 4046/1/769
f 4046/196/798 4053/229/798 4044/195/798
f 4050/231/799 4046/196/799 4044/195/799
f 4052/1/800 4045/1/800 4046/1/800
f 4050/231/801 4067/232/801 4052/233/801
f 4052/1/802 4066/1/802 4051/1/802
f 4039/1/803 4067/1/803 4040/1/803
f 4067/232/804 4038/234/804 4040/235/804
f 4080/236/805 4040/235/805 4038/234/805
f 4082/1/806 4039/1/806 4040/1/806
f 4081/1/782 4013/1/782 4012/1/782
f 4082/217/807 4011/218/807 4013/219/807
f 4012/1/775 4004/1/775 4003/1/775
f 4004/205/776 4011/218/776 4002/204/776
f 4003/1/808 3995/1/808 3994/1/808
f 4004/205/809 3993/237/809 3995/238/809
f 3994/1/810 3986/1/810 3985/1/810
f 3995/238/811 3984/239/811 3986/240/811
f 3985/1/812 3956/1/812 3955/1/812
f 3986/240/813 3954/241/813 3956/242/813
f 3954/241/814 3965/243/814 3956/242/814
f 3956/1/815 3964/1/815 3955/1/815
f 3949/1/816 3965/1/816 3950/1/816
f 3950/244/817 3963/245/817 3948/246/817
f 3949/1/818 3938/1/818 3937/1/818
f 3950/244/819 3936/182/819 3938/181/819
f 3934/247/820 3947/248/820 3935/249/820
f 3935/1/821 3946/1/821 3933/1/821
f 3945/250/822 3962/251/822 3947/248/822
f 3947/1/823 3961/1/823 3946/1/823
f 3952/1/824 3962/1/824 3953/1/824
f 3962/251/825 3951/252/825 3953/253/825
f 3951/252/826 3983/254/826 3953/253/826
f 3983/1/827 3952/1/827 3953/1/827
f 3981/255/828 3992/256/828 3983/254/828
f 3992/1/829 3982/1/829 3983/1/829
f 3990/257/772 4007/201/772 3992/256/772
f 4007/1/830 3991/1/830 3992/1/830
f 4008/258/831 4007/201/831 4005/209/831
f 4010/1/832 4006/1/832 4007/1/832
f 4077/223/833 4010/222/833 4008/258/833
f 4010/1/834 4078/1/834 4009/1/834
f 4036/1/835 4079/1/835 4037/1/835
f 4037/225/836 4077/223/836 4035/227/836
f 4035/227/837 4064/228/837 4037/225/837
f 4064/1/795 4036/1/795 4037/1/795
f 4063/1/838 4061/1/838 4060/1/838
f 4064/228/839 4059/259/839 4061/260/839
f 4048/1/769 4061/1/769 4049/1/769
f 4049/196/840 4059/259/840 4047/195/840
f 4056/231/799 4049/196/799 4047/195/799
f 4058/1/800 4048/1/800 4049/1/800
f 4056/231/801 4076/232/801 4058/233/801
f 4058/1/841 4075/1/841 4057/1/841
f 4033/1/842 4076/1/842 4034/1/842
f 4034/235/843 4074/261/843 4032/234/843
f 4072/236/844 4034/235/844 4032/234/844
f 4073/1/806 4033/1/806 4034/1/806
f 4027/257/845 4001/254/845 4000/255/845
f 4028/1/846 3999/1/846 4001/1/846
f 2388/165/847 2417/166/847 2390/144/847
f 2390/1/848 2416/1/848 2389/1/848
f 2416/1/724 2411/1/724 2410/1/724
f 2417/166/849 2409/168/849 2411/170/849
f 2404/1/850 2411/1/850 2405/1/850
f 2411/170/851 2403/172/851 2405/169/851
f 2523/171/852 2405/169/852 2403/172/852
f 2405/1/853 2524/1/853 2404/1/853
f 2524/1/854 2435/1/854 2434/1/854
f 2525/174/855 2433/175/855 2435/173/855
f 2463/178/856 2435/173/856 2433/175/856
f 2465/1/732 2434/1/732 2435/1/732
f 2464/1/857 2453/1/857 2452/1/857
f 2465/176/858 2451/179/858 2453/177/858
f 2451/247/859 2519/248/859 2453/249/859
f 2453/1/821 2518/1/821 2452/1/821
f 2518/1/823 2486/1/823 2485/1/823
f 2519/248/860 2484/262/860 2486/251/860
f 2484/262/861 2513/253/861 2486/251/861
f 2513/1/824 2485/1/824 2486/1/824
f 2512/1/862 2507/1/862 2506/1/862
f 2507/254/863 2511/252/863 2505/255/863
f 2506/1/829 2501/1/829 2500/1/829
f 2501/256/864 2505/255/864 2499/257/864
f 2748/209/772 2501/256/772 2499/257/772
f 2501/1/771 2749/1/771 2500/1/771
f 2542/1/832 2750/1/832 2543/1/832
f 2750/201/788 2541/258/788 2543/222/788
f 2565/223/865 2543/222/865 2541/258/865
f 2567/1/834 2542/1/834 2543/1/834
f 2554/1/866 2567/1/866 2555/1/866
f 2555/225/867 2565/223/867 2553/227/867
f 2631/226/868 2555/225/868 2553/227/868
f 2633/1/869 2554/1/869 2555/1/869
f 2596/1/870 2633/1/870 2597/1/870
f 2633/228/871 2595/259/871 2597/230/871
f 2596/1/872 2585/1/872 2584/1/872
f 2597/230/873 2583/263/873 2585/194/873
f 2619/158/758 2573/159/758 2571/157/758
f 2621/1/712 2572/1/712 2573/1/712
f 2602/1/874 2621/1/874 2603/1/874
f 2603/163/875 2619/158/875 2601/160/875
f 2601/160/876 2618/162/876 2603/163/876
f 2618/1/716 2602/1/716 2603/1/716
f 2611/1/718 2618/1/718 2612/1/718
f 2612/145/877 2616/164/877 2610/143/877
f 2634/165/878 2612/145/878 2610/143/878
f 2636/1/720 2611/1/720 2612/1/720
f 2634/165/879 2645/166/879 2636/144/879
f 2636/1/721 2644/1/721 2635/1/721
f 2644/1/724 2639/1/724 2638/1/724
f 2645/166/723 2637/168/723 2639/264/723
f 2655/172/880 2639/264/880 2637/168/880
f 2639/1/726 2656/1/726 2638/1/726
f 2656/1/853 2651/1/853 2650/1/853
f 2657/169/881 2649/171/881 2651/174/881
f 2682/175/729 2651/174/729 2649/171/729
f 2684/1/730 2650/1/730 2651/1/730
f 2662/1/732 2684/1/732 2663/1/732
f 2684/173/856 2661/178/856 2663/176/856
f 2676/179/858 2663/176/858 2661/178/858
f 2678/1/733 2662/1/733 2663/1/733
f 2671/1/821 2678/1/821 2672/1/821
f 2672/248/859 2676/247/859 2670/250/859
f 2670/250/860 2744/251/860 2672/248/860
f 2744/1/823 2671/1/823 2672/1/823
f 2743/1/824 2693/1/824 2692/1/824
f 2744/251/882 2691/252/882 2693/253/882
f 2686/1/883 2693/1/883 2687/1/883
f 2687/254/863 2691/252/863 2685/255/863
f 2706/257/884 2687/254/884 2685/255/884
f 2708/1/885 2686/1/885 2687/1/885
f 2707/1/771 2702/1/771 2701/1/771
f 2708/256/772 2700/209/772 2702/201/772
f 2736/258/886 2702/201/886 2700/209/886
f 2702/1/832 2737/1/832 2701/1/832
f 2737/1/790 2714/1/790 2713/1/790
f 2738/222/865 2712/223/865 2714/224/865
f 2730/227/836 2714/224/836 2712/223/836
f 2732/1/793 2713/1/793 2714/1/793
f 2725/1/887 2732/1/887 2726/1/887
f 2726/228/888 2730/227/888 2724/226/888
f 2719/1/838 2726/1/838 2720/1/838
f 2726/228/797 2718/229/797 2720/230/797
f 2862/195/798 2720/230/798 2718/229/798
f 2864/1/769 2719/1/769 2720/1/769
f 2722/1/889 2864/1/889 2723/1/889
f 2723/233/890 2862/195/890 2721/231/890
f 2722/1/841 2717/1/841 2716/1/841
f 2717/232/801 2721/231/801 2715/261/801
f 2727/234/891 2717/232/891 2715/261/891
f 2729/1/842 2716/1/842 2717/1/842
f 2710/1/892 2729/1/892 2711/1/892
f 2711/217/844 2727/234/844 2709/236/844
f 2709/236/893 2735/219/893 2711/217/893
f 2711/1/894 2734/1/894 2710/1/894
f 2734/1/775 2699/1/775 2698/1/775
f 2735/219/784 2697/265/784 2699/203/784
f 2800/1/724 2795/1/724 2794/1/724
f 2801/166/895 2793/168/895 2795/264/895
f 2788/1/896 2795/1/896 2789/1/896
f 2789/169/897 2793/168/897 2787/172/897
f 2787/172/898 2861/174/898 2789/169/898
f 2789/1/853 2860/1/853 2788/1/853
f 2860/1/854 2813/1/854 2812/1/854
f 2861/174/729 2811/175/729 2813/173/729
f 2823/178/856 2813/173/856 2811/175/856
f 2825/1/899 2812/1/899 2813/1/899
f 2824/1/733 2819/1/733 2818/1/733
f 2825/176/858 2817/179/858 2819/177/858
f 2853/250/900 2819/249/900 2817/247/900
f 2819/1/821 2854/1/821 2818/1/821
f 2833/1/823 2855/1/823 2834/1/823
f 2834/251/860 2853/250/860 2832/262/860
f 2832/262/882 2849/253/882 2834/251/882
f 2834/1/901 2848/1/901 2833/1/901
f 2848/1/883 2843/1/883 2842/1/883
f 2843/254/863 2847/266/863 2841/255/863
f 2842/1/885 2837/1/885 2836/1/885
f 2837/256/828 2841/255/828 2835/257/828
f 2835/257/772 2978/201/772 2837/256/772
f 2837/1/771 2977/1/771 2836/1/771
f 2977/1/902 2870/1/902 2869/1/902
f 2870/222/886 2976/209/886 2868/258/886
f 2868/258/865 2882/224/865 2870/222/865
f 2882/1/790 2869/1/790 2870/1/790
f 2881/1/793 2876/1/793 2875/1/793
f 2876/225/836 2880/223/836 2874/227/836
f 2874/227/903 2918/228/903 2876/225/903
f 2918/1/795 2875/1/795 2876/1/795
f 2899/1/838 2918/1/838 2900/1/838
f 2900/230/797 2916/226/797 2898/259/797
f 2899/1/904 2894/1/904 2893/1/904
f 2900/230/840 2892/267/840 2894/198/840
f 2907/158/905 2885/159/905 2883/157/905
f 2909/1/712 2884/1/712 2885/1/712
f 2902/1/714 2909/1/714 2903/1/714
f 2903/163/713 2907/158/713 2901/160/713
f 2973/164/761 2903/163/761 2901/160/761
f 2903/1/716 2974/1/716 2902/1/716
f 2923/1/718 2975/1/718 2924/1/718
f 2975/162/906 2922/143/906 2924/145/906
f 2934/165/907 2924/145/907 2922/143/907
f 2924/1/720 2935/1/720 2923/1/720
f 2929/1/721 2936/1/721 2930/1/721
f 2930/166/879 2934/165/879 2928/167/879
f 2964/168/849 2930/166/849 2928/167/849
f 2966/1/724 2929/1/724 2930/1/724
f 2944/1/850 2966/1/850 2945/1/850
f 2966/264/880 2943/172/880 2945/169/880
f 2943/172/727 2960/174/727 2945/169/727
f 2945/1/853 2959/1/853 2944/1/853
f 2959/1/730 2948/1/730 2947/1/730
f 2960/174/729 2946/175/729 2948/173/729
f 2952/268/856 2948/173/856 2946/175/856
f 2954/1/899 2947/1/899 2948/1/899
f 3090/179/734 2954/176/734 2952/268/734
f 3092/1/733 2953/1/733 2954/1/733
f 2986/1/821 3092/1/821 2987/1/821
f 2987/248/900 3090/247/900 2985/250/900
f 2985/250/860 3002/251/860 2987/248/860
f 2987/1/823 3001/1/823 2986/1/823
f 2995/1/824 3002/1/824 2996/1/824
f 2996/253/882 3000/269/882 2994/252/882
f 3030/255/863 2996/253/863 2994/252/863
f 3032/1/862 2995/1/862 2996/1/862
f 3013/1/885 3032/1/885 3014/1/885
f 3014/256/908 3030/255/908 3012/257/908
f 3013/1/909 3008/1/909 3007/1/909
f 3014/256/910 3006/270/910 3008/199/910
f 3088/1/748 3065/1/748 3064/1/748
f 3089/146/911 3063/147/911 3065/148/911
f 3063/147/912 3071/149/912 3065/148/912
f 3065/1/749 3070/1/749 3064/1/749
f 3070/1/913 3059/1/913 3058/1/913
f 3059/151/914 3069/150/914 3057/152/914
f 3057/152/915 3077/154/915 3059/151/915
f 3059/1/916 3076/1/916 3058/1/916
f 3043/1/707 3077/1/707 3044/1/707
f 3044/156/917 3075/153/917 3042/155/917
f 3045/157/757 3044/156/757 3042/155/757
f 3047/1/756 3043/1/756 3044/1/756
f 3045/157/758 3080/161/758 3047/159/758
f 3047/1/712 3079/1/712 3046/1/712
f 3079/1/714 3062/1/714 3061/1/714
f 3080/161/875 3060/160/875 3062/163/875
f 3061/1/918 3056/1/918 3055/1/918
f 3062/163/919 3054/164/919 3056/162/919
f 3072/143/877 3056/162/877 3054/164/877
f 3056/1/920 3073/1/920 3055/1/920
f 3067/1/720 3074/1/720 3068/1/720
f 3068/144/921 3072/143/921 3066/165/921
f 3201/167/879 3068/144/879 3066/165/879
f 3203/1/721 3067/1/721 3068/1/721
f 3100/1/724 3203/1/724 3101/1/724
f 3203/166/723 3099/168/723 3101/170/723
f 3114/172/880 3101/170/880 3099/168/880
f 3101/1/726 3115/1/726 3100/1/726
f 3115/1/853 3110/1/853 3109/1/853
f 3116/169/727 3108/171/727 3110/174/727
f 3141/175/729 3110/174/729 3108/171/729
f 3110/1/854 3142/1/854 3109/1/854
f 3124/1/732 3143/1/732 3125/1/732
f 3143/173/856 3123/178/856 3125/176/856
f 3124/1/733 3119/1/733 3118/1/733
f 3125/176/858 3117/179/858 3119/177/858
f 3117/247/859 3137/248/859 3119/249/859
f 3119/1/821 3136/1/821 3118/1/821
f 3136/1/823 3131/1/823 3130/1/823
f 3137/248/922 3129/262/922 3131/251/922
f 3195/252/882 3131/251/882 3129/262/882
f 3197/1/824 3130/1/824 3131/1/824
f 3148/1/883 3197/1/883 3149/1/883
f 3149/254/863 3195/252/863 3147/255/863
f 3162/257/908 3149/254/908 3147/255/908
f 3164/1/885 3148/1/885 3149/1/885
f 3163/1/771 3158/1/771 3157/1/771
f 3164/256/772 3156/209/772 3158/201/772
f 3192/258/886 3158/201/886 3156/209/886
f 3158/1/832 3193/1/832 3157/1/832
f 3193/1/790 3173/1/790 3172/1/790
f 3194/222/865 3171/223/865 3173/224/865
f 3172/1/835 3167/1/835 3166/1/835
f 3173/224/836 3165/227/836 3167/225/836
f 3165/227/837 3188/228/837 3167/225/837
f 3167/1/795 3187/1/795 3166/1/795
f 3178/1/838 3188/1/838 3179/1/838
f 3188/228/797 3177/229/797 3179/230/797
f 3178/1/769 3176/1/769 3175/1/769
f 3179/230/798 3174/195/798 3176/196/798
f 3174/195/799 3185/233/799 3176/196/799
f 3176/1/800 3184/1/800 3175/1/800
f 3184/1/841 3182/1/841 3181/1/841
f 3185/233/801 3180/261/801 3182/232/801
f 3181/1/803 3170/1/803 3169/1/803
f 3182/232/923 3168/234/923 3170/235/923
f 3168/234/924 3191/217/924 3170/235/924
f 3170/1/806 3190/1/806 3169/1/806
f 3151/1/925 3191/1/925 3152/1/925
f 3152/219/783 3189/236/783 3150/218/783
f 3153/204/926 3152/219/926 3150/218/926
f 3155/1/775 3151/1/775 3152/1/775
f 3153/204/809 3161/238/809 3155/205/809
f 3155/1/808 3160/1/808 3154/1/808
f 3145/1/927 3161/1/927 3146/1/927
f 3146/240/811 3159/237/811 3144/239/811
f 3198/241/928 3146/240/928 3144/239/928
f 3200/1/929 3145/1/929 3146/1/929
f 3199/1/815 3128/1/815 3127/1/815
f 3200/242/814 3126/245/814 3128/243/814
f 3126/245/930 3134/244/930 3128/243/930
f 3128/1/816 3133/1/816 3127/1/816
f 3133/1/818 3122/1/818 3121/1/818
f 3134/244/931 3120/182/931 3122/181/931
f 3120/182/735 3140/183/735 3122/181/735
f 3122/1/932 3139/1/932 3121/1/932
f 3139/1/737 3104/1/737 3103/1/737
f 3104/185/738 3138/180/738 3102/184/738
f 3102/184/933 3107/186/933 3104/185/933
f 3107/1/934 3103/1/934 3104/1/934
f 3105/187/935 3113/189/935 3107/186/935
f 3107/1/741 3112/1/741 3106/1/741
f 3097/1/743 3113/1/743 3098/1/743
f 3098/190/936 3111/188/936 3096/191/936
f 3097/1/745 3095/1/745 3094/1/745
f 3098/190/937 3093/271/937 3095/202/937
f 3024/258/886 3005/201/886 3003/200/886
f 3026/1/832 3004/1/832 3005/1/832
f 3019/1/834 3026/1/834 3020/1/834
f 3020/224/791 3024/258/791 3018/223/791
f 3018/223/836 3086/225/836 3020/224/836
f 3086/1/793 3019/1/793 3020/1/793
f 3085/1/795 3038/1/795 3037/1/795
f 3086/225/938 3036/226/938 3038/228/938
f 3036/226/797 3053/230/797 3038/228/797
f 3038/1/838 3052/1/838 3037/1/838
f 3052/1/904 3041/1/904 3040/1/904
f 3053/230/939 3039/195/939 3041/196/939
f 3048/272/890 3041/196/890 3039/195/890
f 3041/1/889 3049/1/889 3040/1/889
f 3049/1/940 3035/1/940 3034/1/940
f 3050/273/801 3033/261/801 3035/232/801
f 3081/234/941 3035/232/941 3033/261/941
f 3035/1/803 3082/1/803 3034/1/803
f 3082/1/942 3017/1/942 3016/1/942
f 3083/235/844 3015/236/844 3017/217/844
f 3021/218/893 3017/217/893 3015/236/893
f 3023/1/925 3016/1/925 3017/1/925
f 3010/1/775 3023/1/775 3011/1/775
f 3011/205/784 3021/218/784 3009/204/784
f 3027/237/809 3011/205/809 3009/204/809
f 3029/1/808 3010/1/808 3011/1/808
f 3028/1/927 2990/1/927 2989/1/927
f 3029/238/811 2988/239/811 2990/240/811
f 2991/241/928 2990/240/928 2988/239/928
f 2993/1/812 2989/1/812 2990/1/812
f 2997/245/943 2993/242/943 2991/241/943
f 2999/1/815 2992/1/815 2993/1/815
f 2983/1/944 2999/1/944 2984/1/944
f 2999/243/817 2982/246/817 2984/244/817
f 2980/1/818 2984/1/818 2981/1/818
f 2981/181/931 2982/246/931 2979/182/931
f 2980/1/736 2951/1/736 2950/1/736
f 2951/183/735 2979/182/735 2949/180/735
f 2955/184/738 2951/183/738 2949/180/738
f 2957/1/945 2950/1/945 2951/1/945
f 2956/1/739 2939/1/739 2938/1/739
f 2957/185/740 2937/187/740 2939/186/740
f 2937/187/935 2942/189/935 2939/186/935
f 2942/1/946 2938/1/946 2939/1/946
f 2940/274/947 2963/190/947 2942/189/947
f 2942/1/743 2962/1/743 2941/1/743
f 2962/1/745 2927/1/745 2926/1/745
f 2963/190/746 2925/275/746 2927/146/746
f 2925/275/911 2933/148/911 2927/146/911
f 2933/1/948 2926/1/948 2927/1/948
f 2932/1/749 2921/1/749 2920/1/749
f 2933/148/949 2919/150/949 2921/149/949
f 2970/152/950 2921/149/950 2919/150/950
f 2972/1/703 2920/1/703 2921/1/703
f 2971/1/705 2906/1/705 2905/1/705
f 2906/154/753 2970/152/753 2904/153/753
f 2904/153/917 2912/156/917 2906/154/917
f 2906/1/755 2911/1/755 2905/1/755
f 2911/1/764 2891/1/764 2890/1/764
f 2912/156/768 2889/276/768 2891/197/768
f 2895/272/951 2888/196/951 2886/195/951
f 2897/1/800 2887/1/800 2888/1/800
f 2895/272/801 2915/232/801 2897/273/801
f 2897/1/952 2914/1/952 2896/1/952
f 2872/1/842 2915/1/842 2873/1/842
f 2915/232/923 2871/234/923 2873/235/923
f 2877/236/844 2873/235/844 2871/234/844
f 2873/1/942 2878/1/942 2872/1/942
f 2866/1/782 2879/1/782 2867/1/782
f 2879/217/953 2865/218/953 2867/219/953
f 2967/204/926 2867/219/926 2865/218/926
f 2969/1/775 2866/1/775 2867/1/775
f 2839/1/954 2969/1/954 2840/1/954
f 2840/238/809 2967/204/809 2838/237/809
f 2838/237/811 2846/240/811 2840/238/811
f 2846/1/927 2839/1/927 2840/1/927
f 2845/1/812 2828/1/812 2827/1/812
f 2846/240/928 2826/241/928 2828/242/928
f 2829/245/943 2828/242/943 2826/241/943
f 2828/1/955 2830/1/955 2827/1/955
f 2850/246/817 2831/243/817 2829/245/817
f 2831/1/816 2851/1/816 2830/1/816
f 2815/1/818 2852/1/818 2816/1/818
f 2816/181/931 2850/246/931 2814/182/931
f 2814/182/735 2822/183/735 2816/181/735
f 2816/1/932 2821/1/932 2815/1/932
f 2821/1/737 2810/1/737 2809/1/737
f 2810/185/738 2820/180/738 2808/184/738
f 2808/184/740 2858/186/740 2810/185/740
f 2858/1/934 2809/1/934 2810/1/934
f 2791/1/946 2858/1/946 2792/1/946
f 2792/189/935 2856/187/935 2790/274/935
f 2790/274/947 2798/190/947 2792/189/947
f 2792/1/743 2797/1/743 2791/1/743
f 2776/1/745 2798/1/745 2777/1/745
f 2777/146/746 2796/191/746 2775/275/746
f 2778/147/956 2777/146/956 2775/275/956
f 2780/1/957 2776/1/957 2777/1/957
f 2802/150/949 2780/148/949 2778/147/949
f 2804/1/749 2779/1/749 2780/1/749
f 2764/1/703 2804/1/703 2765/1/703
f 2765/151/950 2802/150/950 2763/152/950
f 2763/152/958 2771/154/958 2765/151/958
f 2771/1/916 2764/1/916 2765/1/916
f 2770/1/959 2759/1/959 2758/1/959
f 2771/154/917 2757/155/917 2759/156/917
f 2758/1/764 2756/1/764 2755/1/764
f 2759/156/765 2754/157/765 2756/159/765
f 2754/157/960 2762/161/960 2756/159/960
f 2756/1/961 2761/1/961 2755/1/961
f 2772/160/713 2762/161/713 2760/277/713
f 2774/1/962 2761/1/962 2762/1/962
f 2767/1/918 2774/1/918 2768/1/918
f 2774/163/876 2766/164/876 2768/162/876
f 2805/143/906 2768/162/906 2766/164/906
f 2768/1/718 2806/1/718 2767/1/718
f 2782/1/963 2807/1/963 2783/1/963
f 2783/144/907 2805/143/907 2781/165/907
f 2784/207/777 2783/144/777 2781/165/777
f 2786/1/721 2782/1/721 2783/1/721
f 2703/237/964 2696/205/964 2694/204/964
f 2705/1/965 2695/1/965 2696/1/965
f 2689/1/966 2705/1/966 2690/1/966
f 2690/240/811 2703/237/811 2688/239/811
f 2739/241/928 2690/240/928 2688/239/928
f 2741/1/929 2689/1/929 2690/1/929
f 2665/1/815 2741/1/815 2666/1/815
f 2666/243/814 2739/241/814 2664/245/814
f 2667/246/817 2666/243/817 2664/245/817
f 2666/1/816 2668/1/816 2665/1/816
f 2673/182/931 2669/244/931 2667/246/931
f 2675/1/818 2668/1/818 2669/1/818
f 2659/1/932 2675/1/932 2660/1/932
f 2660/183/735 2673/182/735 2658/180/735
f 2658/180/738 2681/185/738 2660/183/738
f 2681/1/737 2659/1/737 2660/1/737
f 2680/1/934 2648/1/934 2647/1/934
f 2648/186/740 2679/184/740 2646/187/740
f 2646/187/967 2654/189/967 2648/186/967
f 2648/1/946 2653/1/946 2647/1/946
f 2653/1/743 2642/1/743 2641/1/743
f 2642/190/947 2652/274/947 2640/191/947
f 2640/191/937 2747/146/937 2642/190/937
f 2642/1/745 2746/1/745 2641/1/745
f 2746/1/948 2606/1/948 2605/1/948
f 2747/146/968 2604/147/968 2606/148/968
f 2604/147/969 2609/149/969 2606/148/969
f 2606/1/701 2608/1/701 2605/1/701
f 2613/152/752 2609/149/752 2607/150/752
f 2615/1/703 2608/1/703 2609/1/703
f 2614/1/705 2600/1/705 2599/1/705
f 2615/151/970 2598/153/970 2600/154/970
f 2581/1/707 2600/1/707 2582/1/707
f 2582/156/917 2598/153/917 2580/155/917
f 2581/1/756 2579/1/756 2578/1/756
f 2582/156/757 2577/278/757 2579/193/757
f 2574/195/971 2594/233/971 2576/196/971
f 2576/1/972 2593/1/972 2575/1/972
f 2592/231/973 2630/232/973 2594/233/973
f 2594/1/940 2629/1/940 2593/1/940
f 2551/1/974 2630/1/974 2552/1/974
f 2552/235/941 2628/261/941 2550/234/941
f 2562/236/975 2552/235/975 2550/234/975
f 2564/1/892 2551/1/892 2552/1/892
f 2539/1/782 2564/1/782 2540/1/782
f 2564/217/976 2538/218/976 2540/219/976
f 2530/1/977 2540/1/977 2531/1/977
f 2540/219/978 2529/204/978 2531/205/978
f 2530/1/808 2498/1/808 2497/1/808
f 2531/205/809 2496/237/809 2498/238/809
f 2491/1/927 2498/1/927 2492/1/927
f 2498/238/979 2490/239/979 2492/240/979
f 2476/1/812 2492/1/812 2477/1/812
f 2492/240/980 2475/241/980 2477/242/980
f 2473/1/815 2477/1/815 2474/1/815
f 2477/242/814 2472/245/814 2474/243/814
f 2473/1/816 2447/1/816 2446/1/816
f 2447/244/817 2472/245/817 2445/246/817
f 2446/1/818 2441/1/818 2439/1/818
f 2447/244/931 2440/182/931 2441/181/931
f 2442/250/900 2438/249/900 2436/247/900
f 2438/1/821 2443/1/821 2437/1/821
f 2442/250/922 2471/251/922 2444/248/922
f 2444/1/823 2470/1/823 2443/1/823
f 2478/252/825 2471/251/825 2469/269/825
f 2480/1/824 2470/1/824 2471/1/824
f 2478/252/863 2489/254/863 2480/253/863
f 2489/1/862 2479/1/862 2480/1/862
f 2493/257/884 2489/254/884 2487/255/884
f 2489/1/885 2494/1/885 2488/1/885
f 2526/209/910 2495/256/910 2493/257/910
f 2495/1/771 2527/1/771 2494/1/771
f 2526/209/981 2537/222/981 2528/201/981
f 2528/1/832 2536/1/832 2527/1/832
f 2535/258/982 2561/224/982 2537/222/982
f 2561/1/834 2536/1/834 2537/1/834
f 2560/1/835 2549/1/835 2548/1/835
f 2549/225/983 2559/223/983 2547/227/983
f 2625/226/984 2549/225/984 2547/227/984
f 2627/1/869 2548/1/869 2549/1/869
f 2626/1/838 2591/1/838 2590/1/838
f 2591/230/985 2625/226/985 2589/229/985
f 2590/1/769 2588/1/769 2587/1/769
f 2588/196/840 2589/229/840 2586/195/840
f 2569/1/972 2588/1/972 2570/1/972
f 2588/196/986 2568/231/986 2570/233/986
f 2568/231/987 2624/232/987 2570/233/987
f 2624/1/940 2569/1/940 2570/1/940
f 2545/1/974 2624/1/974 2546/1/974
f 2546/235/988 2622/261/988 2544/234/988
f 2556/236/989 2546/235/989 2544/234/989
f 2558/1/942 2545/1/942 2546/1/942
f 2557/1/782 2534/1/782 2533/1/782
f 2558/217/783 2532/218/783 2534/219/783
f 2751/204/784 2534/219/784 2532/218/784
f 2753/1/775 2533/1/775 2534/1/775
f 2752/1/808 2504/1/808 2503/1/808
f 2753/205/809 2502/237/809 2504/238/809
f 2508/239/990 2504/238/990 2502/237/990
f 2504/1/810 2509/1/810 2503/1/810
f 2482/1/929 2510/1/929 2483/1/929
f 2483/242/928 2508/239/928 2481/241/928
f 2482/1/955 2468/1/955 2467/1/955
f 2483/242/991 2466/245/991 2468/243/991
f 2514/246/817 2468/243/817 2466/245/817
f 2516/1/816 2467/1/816 2468/1/816
f 2515/1/992 2450/1/992 2449/1/992
f 2516/244/931 2448/182/931 2450/181/931
f 2454/180/735 2450/181/735 2448/182/735
f 2450/1/736 2455/1/736 2449/1/736
f 2431/1/737 2456/1/737 2432/1/737
f 2432/185/738 2454/180/738 2430/184/738
f 2430/184/993 2522/186/993 2432/185/993
f 2432/1/739 2521/1/739 2431/1/739
f 2521/1/946 2408/1/946 2407/1/946
f 2522/186/742 2406/274/742 2408/189/742
f 2406/274/947 2414/279/947 2408/189/947
f 2408/1/994 2413/1/994 2407/1/994
f 2413/1/995 2381/1/995 2379/1/995
f 2414/279/996 2380/192/996 2381/146/996
f 4023/204/997 4019/220/997 4017/280/997
f 4025/1/998 4018/1/998 4019/1/998
f 3988/1/808 4025/1/808 3989/1/808
f 3989/238/999 4023/204/999 3987/237/999
f 3987/237/1000 3998/240/1000 3989/238/1000
f 3998/1/927 3988/1/927 3989/1/927
f 4089/241/928 3998/240/928 3996/239/928
f 4091/1/929 3997/1/929 3998/1/929
f 3958/1/815 4091/1/815 3959/1/815
f 4091/242/814 3957/245/814 3959/243/814
f 3957/245/930 3971/244/930 3959/243/930
f 3959/1/944 3970/1/944 3958/1/944
f 3970/1/992 3941/1/992 3940/1/992
f 3971/244/931 3939/182/931 3941/181/931
f 3975/180/1001 3941/181/1001 3939/182/1001
f 3941/1/736 3976/1/736 3940/1/736
f 3976/1/945 3914/1/945 3913/1/945
f 3977/183/738 3912/184/738 3914/185/738
f 3918/187/740 3914/185/740 3912/184/740
f 3920/1/934 3913/1/934 3914/1/934
f 3886/1/946 3920/1/946 3887/1/946
f 3887/189/935 3918/187/935 3885/274/935
f 3885/274/947 3896/279/947 3887/189/947
f 3896/1/994 3886/1/994 3887/1/994
f 3862/1/1002 3896/1/1002 3863/1/1002
f 3896/279/937 3861/192/937 3863/146/937
f 3862/1/957 3845/1/957 3844/1/957
f 3845/148/1003 3861/192/1003 3843/147/1003
f 3843/147/1004 3851/149/1004 3845/148/1004
f 3845/1/701 3850/1/701 3844/1/701
f 3820/1/913 3851/1/913 3821/1/913
f 3851/149/1005 3819/152/1005 3821/151/1005
f 3864/153/1006 3821/151/1006 3819/152/1006
f 3866/1/705 3820/1/705 3821/1/705
f 3865/1/755 3800/1/755 3799/1/755
f 3866/154/1007 3798/155/1007 3800/156/1007
f 3799/1/764 3782/1/764 3781/1/764
f 3800/156/1008 3780/215/1008 3782/214/1008
f 3801/231/890 3788/196/890 3786/195/890
f 3803/1/1009 3787/1/1009 3788/1/1009
f 3766/1/1010 3803/1/1010 3767/1/1010
f 3767/232/1011 3801/231/1011 3765/261/1011
f 3768/234/891 3767/232/891 3765/261/891
f 3767/1/842 3769/1/842 3766/1/842
f 3768/234/1012 3776/217/1012 3770/235/1012
f 3770/1/942 3775/1/942 3769/1/942
f 3760/1/925 3776/1/925 3761/1/925
f 3761/219/953 3774/236/953 3759/218/953
f 3759/218/1013 3878/205/1013 3761/219/1013
f 3878/1/1014 3760/1/1014 3761/1/1014
f 3736/1/808 3878/1/808 3737/1/808
f 3878/205/1015 3735/237/1015 3737/238/1015
f 3735/237/1016 3743/240/1016 3737/238/1016
f 3743/1/927 3736/1/927 3737/1/927
f 3742/1/812 3731/1/812 3730/1/812
f 3731/242/928 3741/239/928 3729/241/928
f 3747/245/1017 3731/242/1017 3729/241/1017
f 3749/1/955 3730/1/955 3731/1/955
f 3712/1/816 3749/1/816 3713/1/816
f 3713/244/1018 3747/245/1018 3711/246/1018
f 3711/246/931 3716/181/931 3713/244/931
f 3713/1/818 3715/1/818 3712/1/818
f 3714/182/1019 3722/183/1019 3716/181/1019
f 3722/1/1020 3715/1/1020 3716/1/1020
f 3721/1/737 3707/1/737 3706/1/737
f 3722/183/1021 3705/184/1021 3707/185/1021
f 3705/184/740 3755/186/740 3707/185/740
f 3707/1/739 3754/1/739 3706/1/739
f 3754/1/1022 3689/1/1022 3688/1/1022
f 3689/189/1023 3753/187/1023 3687/274/1023
f 3693/281/936 3689/189/936 3687/274/936
f 3695/1/743 3688/1/743 3689/1/743
f 3694/1/745 3683/1/745 3682/1/745
f 3695/279/746 3681/192/746 3683/146/746
f 3699/147/1024 3683/146/1024 3681/192/1024
f 3701/1/948 3682/1/948 3683/1/948
f 3661/1/749 3701/1/749 3662/1/749
f 3701/148/1004 3660/150/1004 3662/149/1004
f 3663/152/1025 3662/149/1025 3660/150/1025
f 3662/1/1026 3664/1/1026 3661/1/1026
f 3663/152/958 3671/154/958 3665/151/958
f 3671/1/916 3664/1/916 3665/1/916
f 3655/1/707 3671/1/707 3656/1/707
f 3656/156/917 3669/153/917 3654/155/917
f 3655/1/756 3653/1/756 3652/1/756
f 3656/156/757 3651/157/757 3653/159/757
f 3657/158/711 3653/159/711 3651/157/711
f 3659/1/961 3652/1/961 3653/1/961
f 3672/160/875 3659/161/875 3657/158/875
f 3659/1/962 3673/1/962 3658/1/962
f 3673/1/716 3668/1/716 3667/1/716
f 3668/162/761 3672/160/761 3666/164/761
f 3666/164/877 3704/145/877 3668/162/877
f 3704/1/718 3667/1/718 3668/1/718
f 3685/1/720 3704/1/720 3686/1/720
f 3686/144/1027 3702/143/1027 3684/165/1027
f 3685/1/721 3680/1/721 3679/1/721
f 3686/144/1028 3678/282/1028 3680/283/1028
f 3594/237/999 3587/205/999 3586/204/999
f 3596/1/965 3585/1/965 3587/1/965
f 3580/1/927 3596/1/927 3581/1/927
f 3581/240/811 3594/237/811 3579/239/811
f 3579/239/813 3635/242/813 3581/240/813
f 3581/1/929 3634/1/929 3580/1/929
f 3634/1/955 3563/1/955 3562/1/955
f 3635/242/1029 3561/245/1029 3563/243/1029
f 3561/245/1030 3569/244/1030 3563/243/1030
f 3569/1/1031 3562/1/1031 3563/1/1031
f 3568/1/818 3551/1/818 3550/1/818
f 3569/244/1032 3549/182/1032 3551/181/1032
f 3549/182/1033 3554/183/1033 3551/181/1033
f 3551/1/932 3553/1/932 3550/1/932
f 3573/184/1034 3554/183/1034 3552/180/1034
f 3554/1/737 3574/1/737 3553/1/737
f 3538/1/934 3575/1/934 3539/1/934
f 3575/185/740 3537/187/740 3539/186/740
f 3543/274/935 3539/186/935 3537/187/935
f 3545/1/741 3538/1/741 3539/1/741
f 3544/1/743 3533/1/743 3532/1/743
f 3545/189/947 3531/281/947 3533/279/947
f 3531/281/774 3641/146/774 3533/279/774
f 3533/1/745 3640/1/745 3532/1/745
f 3514/1/948 3641/1/948 3515/1/948
f 3515/148/1003 3639/192/1003 3513/147/1003
f 3519/150/949 3515/148/949 3513/147/949
f 3515/1/749 3520/1/749 3514/1/749
f 3520/1/703 3503/1/703 3502/1/703
f 3521/149/1035 3501/152/1035 3503/151/1035
f 3501/152/915 3506/154/915 3503/151/915
f 3506/1/705 3502/1/705 3503/1/705
f 3490/1/755 3506/1/755 3491/1/755
f 3491/156/917 3504/153/917 3489/155/917
f 3490/1/764 3488/1/764 3487/1/764
f 3491/156/768 3486/284/768 3488/213/768
f 3498/272/951 3479/196/951 3477/195/951
f 3500/1/1009 3478/1/1009 3479/1/1009
f 3472/1/952 3500/1/952 3473/1/952
f 3473/232/801 3498/272/801 3471/261/801
f 3525/234/891 3473/232/891 3471/261/891
f 3527/1/842 3472/1/842 3473/1/842
f 3526/1/892 3455/1/892 3454/1/892
f 3527/235/844 3453/236/844 3455/217/844
f 3459/218/953 3455/217/953 3453/236/953
f 3455/1/894 3460/1/894 3454/1/894
f 3460/1/775 3443/1/775 3442/1/775
f 3461/219/784 3441/204/784 3443/205/784
f 3444/237/999 3443/205/999 3441/204/999
f 3446/1/808 3442/1/808 3443/1/808
f 3444/237/1036 3467/240/1036 3446/238/1036
f 3446/1/927 3466/1/927 3445/1/927
f 3430/1/812 3467/1/812 3431/1/812
f 3431/242/928 3465/239/928 3429/241/928
f 3435/245/814 3431/242/814 3429/241/814
f 3437/1/815 3430/1/815 3431/1/815
f 3436/1/944 3425/1/944 3424/1/944
f 3425/244/1037 3435/245/1037 3423/246/1037
f 3648/182/931 3425/244/931 3423/246/931
f 3650/1/818 3424/1/818 3425/1/818
f 3394/1/932 3650/1/932 3395/1/932
f 3395/183/735 3648/182/735 3393/180/735
f 3399/184/1034 3395/183/1034 3393/180/1034
f 3395/1/737 3400/1/737 3394/1/737
f 3382/1/934 3401/1/934 3383/1/934
f 3383/186/740 3399/184/740 3381/187/740
f 3384/274/935 3383/186/935 3381/187/935
f 3386/1/741 3382/1/741 3383/1/741
f 3384/274/947 3407/279/947 3386/189/947
f 3386/1/743 3406/1/743 3385/1/743
f 3406/1/773 3371/1/773 3370/1/773
f 3407/279/746 3369/285/746 3371/208/746
f 3412/1/1038 3317/1/1038 3316/1/1038
f 3413/201/886 3315/258/886 3317/222/886
f 3315/258/1039 3329/224/1039 3317/222/1039
f 3317/1/790 3328/1/790 3316/1/790
f 3328/1/866 3323/1/866 3322/1/866
f 3329/224/792 3321/227/792 3323/225/792
f 3357/226/1040 3323/225/1040 3321/227/1040
f 3359/1/795 3322/1/795 3323/1/795
f 3358/1/870 3338/1/870 3337/1/870
f 3359/228/797 3336/229/797 3338/230/797
f 3337/1/769 3332/1/769 3331/1/769
f 3338/230/798 3330/195/798 3332/196/798
f 3330/195/799 3335/233/799 3332/196/799
f 3332/1/800 3334/1/800 3331/1/800
f 3333/231/801 3356/232/801 3335/233/801
f 3356/1/841 3334/1/841 3335/1/841
f 3319/1/803 3356/1/803 3320/1/803
f 3356/232/923 3318/234/923 3320/235/923
f 3318/234/1012 3326/217/1012 3320/235/1012
f 3320/1/942 3325/1/942 3319/1/942
f 3313/1/925 3326/1/925 3314/1/925
f 3314/219/953 3324/236/953 3312/218/953
f 3312/218/1013 3422/205/1013 3314/219/1013
f 3422/1/1014 3313/1/1014 3314/1/1014
f 3421/1/808 3290/1/808 3289/1/808
f 3422/205/1015 3288/237/1015 3290/238/1015
f 3288/237/1016 3296/240/1016 3290/238/1016
f 3290/1/927 3295/1/927 3289/1/927
f 3295/1/812 3275/1/812 3274/1/812
f 3275/242/928 3294/239/928 3273/241/928
f 3276/245/1017 3275/242/1017 3273/241/1017
f 3278/1/955 3274/1/955 3275/1/955
f 3276/245/1030 3302/244/1030 3278/243/1030
f 3278/1/816 3301/1/816 3277/1/816
f 3301/1/818 3263/1/818 3262/1/818
f 3263/181/931 3300/246/931 3261/182/931
f 3261/182/1019 3269/183/1019 3263/181/1019
f 3263/1/932 3268/1/932 3262/1/932
f 3268/1/1041 3257/1/1041 3256/1/1041
f 3257/185/1042 3267/180/1042 3255/184/1042
f 3255/184/740 3308/186/740 3257/185/740
f 3257/1/739 3307/1/739 3256/1/739
f 3244/1/1022 3308/1/1022 3245/1/1022
f 3245/189/1023 3306/187/1023 3243/274/1023
f 3249/191/936 3245/189/936 3243/274/936
f 3245/1/1043 3250/1/1043 3244/1/1043
f 3232/1/745 3251/1/745 3233/1/745
f 3233/146/1044 3249/191/1044 3231/275/1044
f 3234/147/1003 3233/146/1003 3231/275/1003
f 3236/1/948 3232/1/948 3233/1/948
f 3223/1/749 3236/1/749 3224/1/749
f 3224/149/949 3234/147/949 3222/150/949
f 3217/1/703 3224/1/703 3218/1/703
f 3218/151/950 3222/150/950 3216/152/950
f 3217/1/705 3209/1/705 3208/1/705
f 3218/151/958 3207/153/958 3209/154/958
f 3210/155/917 3209/154/917 3207/153/917
f 3209/1/755 3211/1/755 3208/1/755
f 3211/1/756 3206/1/756 3205/1/756
f 3212/156/757 3204/157/757 3206/159/757
f 3204/157/758 3215/161/758 3206/159/758
f 3215/1/961 3205/1/961 3206/1/961
f 3213/158/875 3227/163/875 3215/161/875
f 3215/1/962 3226/1/962 3214/1/962
f 3226/1/716 3221/1/716 3220/1/716
f 3221/162/1045 3225/160/1045 3219/164/1045
f 3228/143/906 3221/162/906 3219/164/906
f 3221/1/718 3229/1/718 3220/1/718
f 3228/143/1046 3239/144/1046 3230/145/1046
f 3239/1/720 3229/1/720 3230/1/720
f 3237/165/1047 3254/166/1047 3239/144/1047
f 3239/1/721 3253/1/721 3238/1/721
f 3253/1/724 3248/1/724 3247/1/724
f 3254/166/895 3246/168/895 3248/170/895
f 3247/1/1048 3242/1/1048 3241/1/1048
f 3248/170/880 3240/172/880 3242/169/880
f 3309/171/881 3242/169/881 3240/172/881
f 3311/1/853 3241/1/853 3242/1/853
f 3259/1/854 3311/1/854 3260/1/854
f 3260/173/1049 3309/171/1049 3258/175/1049
f 3270/178/1050 3260/173/1050 3258/175/1050
f 3260/1/732 3271/1/732 3259/1/732
f 3271/1/733 3266/1/733 3265/1/733
f 3272/176/1051 3264/179/1051 3266/177/1051
f 3264/247/820 3305/248/820 3266/249/820
f 3266/1/821 3304/1/821 3265/1/821
f 3304/1/823 3281/1/823 3280/1/823
f 3305/248/922 3279/269/922 3281/251/922
f 3297/252/825 3281/251/825 3279/269/825
f 3299/1/824 3280/1/824 3281/1/824
f 3292/1/862 3299/1/862 3293/1/862
f 3293/254/1052 3297/252/1052 3291/255/1052
f 3286/1/885 3293/1/885 3287/1/885
f 3287/256/1053 3291/255/1053 3285/257/1053
f 3286/1/909 3284/1/909 3283/1/909
f 3287/256/1054 3282/211/1054 3284/210/1054
f 3375/147/911 3368/146/911 3366/192/911
f 3377/1/948 3367/1/948 3368/1/948
f 3361/1/749 3377/1/749 3362/1/749
f 3362/149/1004 3375/147/1004 3360/150/1004
f 3414/152/1035 3362/149/1035 3360/150/1035
f 3416/1/751 3361/1/751 3362/1/751
f 3415/1/705 3344/1/705 3343/1/705
f 3344/154/970 3414/152/970 3342/153/970
f 3342/153/917 3350/156/917 3344/154/917
f 3350/1/1055 3343/1/1055 3344/1/1055
f 3351/157/765 3350/156/765 3348/155/765
f 3350/1/756 3352/1/756 3349/1/756
f 3346/1/712 3353/1/712 3347/1/712
f 3353/159/1056 3345/277/1056 3347/161/1056
f 3340/1/714 3347/1/714 3341/1/714
f 3347/161/875 3339/160/875 3341/163/875
f 3339/160/1045 3419/286/1045 3341/163/1045
f 3341/1/918 3418/1/918 3340/1/918
f 3418/1/718 3365/1/718 3364/1/718
f 3365/145/906 3417/287/906 3363/143/906
f 3378/165/907 3365/145/907 3363/143/907
f 3380/1/720 3364/1/720 3365/1/720
f 3379/1/721 3374/1/721 3373/1/721
f 3380/144/1057 3372/167/1057 3374/166/1057
f 3408/168/849 3374/166/849 3372/167/849
f 3410/1/724 3373/1/724 3374/1/724
f 3409/1/726 3389/1/726 3388/1/726
f 3389/169/897 3408/168/897 3387/172/897
f 3387/172/727 3404/174/727 3389/169/727
f 3389/1/728 3403/1/728 3388/1/728
f 3397/1/854 3404/1/854 3398/1/854
f 3404/174/729 3396/175/729 3398/173/729
f 3391/1/732 3398/1/732 3392/1/732
f 3398/173/1058 3390/178/1058 3392/176/1058
f 3645/179/1059 3392/176/1059 3390/178/1059
f 3392/1/733 3646/1/733 3391/1/733
f 3646/1/821 3428/1/821 3427/1/821
f 3428/248/1060 3645/247/1060 3426/250/1060
f 3426/250/1061 3440/251/1061 3428/248/1061
f 3440/1/823 3427/1/823 3428/1/823
f 3439/1/824 3434/1/824 3433/1/824
f 3434/253/825 3438/262/825 3432/266/825
f 3468/255/863 3434/253/863 3432/266/863
f 3434/1/883 3469/1/883 3433/1/883
f 3448/1/885 3470/1/885 3449/1/885
f 3470/254/908 3447/257/908 3449/256/908
f 3447/257/772 3464/201/772 3449/256/772
f 3464/1/771 3448/1/771 3449/1/771
f 3463/1/902 3458/1/902 3457/1/902
f 3458/222/886 3462/209/886 3456/288/886
f 3451/1/790 3458/1/790 3452/1/790
f 3452/224/791 3456/288/791 3450/223/791
f 3528/227/1062 3452/224/1062 3450/223/1062
f 3530/1/1063 3451/1/1063 3452/1/1063
f 3529/1/887 3476/1/887 3475/1/887
f 3530/225/888 3474/226/888 3476/228/888
f 3474/226/1064 3494/230/1064 3476/228/1064
f 3476/1/870 3493/1/870 3475/1/870
f 3493/1/904 3482/1/904 3481/1/904
f 3494/230/840 3480/263/840 3482/212/840
f 3495/158/905 3485/159/905 3483/157/905
f 3497/1/1065 3484/1/1065 3485/1/1065
f 3495/158/875 3509/163/875 3497/161/875
f 3497/1/962 3508/1/962 3496/1/962
f 3507/160/761 3524/286/761 3509/163/761
f 3524/1/716 3508/1/716 3509/1/716
f 3517/1/1066 3524/1/1066 3518/1/1066
f 3524/286/906 3516/143/906 3518/145/906
f 3517/1/720 3512/1/720 3511/1/720
f 3518/145/1027 3510/165/1027 3512/144/1027
f 3510/165/1057 3644/166/1057 3512/144/1057
f 3512/1/1067 3643/1/1067 3511/1/1067
f 3535/1/724 3644/1/724 3536/1/724
f 3536/264/1068 3642/167/1068 3534/168/1068
f 3534/168/880 3548/169/880 3536/264/880
f 3548/1/726 3535/1/726 3536/1/726
f 3547/1/728 3542/1/728 3541/1/728
f 3542/174/727 3546/172/727 3540/171/727
f 3540/171/1049 3578/173/1049 3542/174/1049
f 3542/1/854 3577/1/854 3541/1/854
f 3556/1/899 3578/1/899 3557/1/899
f 3578/173/856 3555/178/856 3557/176/856
f 3570/179/1059 3557/176/1059 3555/178/1059
f 3572/1/733 3556/1/733 3557/1/733
f 3565/1/821 3572/1/821 3566/1/821
f 3566/248/1060 3570/247/1060 3564/250/1060
f 3565/1/823 3560/1/823 3559/1/823
f 3560/251/860 3564/250/860 3558/269/860
f 3558/269/882 3638/253/882 3560/251/882
f 3560/1/824 3637/1/824 3559/1/824
f 3637/1/883 3584/1/883 3583/1/883
f 3638/253/863 3582/255/863 3584/254/863
f 3597/257/828 3584/254/828 3582/255/828
f 3599/1/885 3583/1/885 3584/1/885
f 3598/1/771 3593/1/771 3592/1/771
f 3593/201/910 3597/257/910 3591/209/910
f 3591/209/831 3632/222/831 3593/201/831
f 3632/1/832 3592/1/832 3593/1/832
f 3631/1/790 3608/1/790 3607/1/790
f 3608/224/791 3630/258/791 3606/223/791
f 3624/227/1062 3608/224/1062 3606/223/1062
f 3608/1/835 3625/1/835 3607/1/835
f 3625/1/887 3611/1/887 3610/1/887
f 3626/225/1040 3609/226/1040 3611/228/1040
f 3618/259/797 3611/228/797 3609/226/797
f 3611/1/838 3619/1/838 3610/1/838
f 3619/1/904 3614/1/904 3613/1/904
f 3620/230/939 3612/195/939 3614/196/939
f 3615/272/890 3614/196/890 3612/195/890
f 3617/1/889 3613/1/889 3614/1/889
f 3621/261/987 3617/273/987 3615/272/987
f 3623/1/940 3616/1/940 3617/1/940
f 3622/1/803 3602/1/803 3601/1/803
f 3623/232/1069 3600/234/1069 3602/235/1069
f 3603/236/1070 3602/235/1070 3600/234/1070
f 3605/1/942 3601/1/942 3602/1/942
f 3603/236/783 3629/219/783 3605/217/783
f 3605/1/925 3628/1/925 3604/1/925
f 3628/1/775 3590/1/775 3589/1/775
f 3629/219/926 3588/265/926 3590/289/926
f 3696/168/723 3677/166/723 3676/167/723
f 3698/1/724 3675/1/724 3677/1/724
f 3691/1/726 3698/1/726 3692/1/726
f 3692/169/880 3696/168/880 3690/172/880
f 3756/171/881 3692/169/881 3690/172/881
f 3758/1/853 3691/1/853 3692/1/853
f 3757/1/854 3710/1/854 3709/1/854
f 3758/174/855 3708/175/855 3710/173/855
f 3723/178/1071 3710/173/1071 3708/175/1071
f 3725/1/732 3709/1/732 3710/1/732
f 3724/1/733 3719/1/733 3718/1/733
f 3725/176/1051 3717/179/1051 3719/177/1051
f 3750/250/859 3719/249/859 3717/247/859
f 3719/1/821 3751/1/821 3718/1/821
f 3751/1/823 3734/1/823 3733/1/823
f 3752/248/922 3732/262/922 3734/251/922
f 3733/1/824 3728/1/824 3727/1/824
f 3734/251/1072 3726/252/1072 3728/253/1072
f 3744/255/863 3728/253/863 3726/252/863
f 3746/1/862 3727/1/862 3728/1/862
f 3745/1/1073 3740/1/1073 3739/1/1073
f 3746/254/908 3738/257/908 3740/256/908
f 3738/257/1074 3869/201/1074 3740/256/1074
f 3869/1/771 3739/1/771 3740/1/771
f 3868/1/832 3764/1/832 3763/1/832
f 3869/201/1075 3762/258/1075 3764/222/1075
f 3762/258/982 3779/224/982 3764/222/982
f 3779/1/790 3763/1/790 3764/1/790
f 3778/1/866 3773/1/866 3772/1/866
f 3779/224/792 3771/227/792 3773/225/792
f 3810/226/1040 3773/225/1040 3771/227/1040
f 3773/1/887 3811/1/887 3772/1/887
f 3793/1/796 3812/1/796 3794/1/796
f 3794/230/839 3810/226/839 3792/259/839
f 3793/1/769 3791/1/769 3790/1/769
f 3794/230/840 3789/290/840 3791/216/840
f 3804/277/960 3785/159/960 3783/157/960
f 3806/1/712 3784/1/712 3785/1/712
f 3804/277/1076 3815/163/1076 3806/161/1076
f 3806/1/962 3814/1/962 3805/1/962
f 3813/160/1077 3824/162/1077 3815/163/1077
f 3815/1/918 3823/1/918 3814/1/918
f 3852/143/906 3824/162/906 3822/164/906
f 3854/1/920 3823/1/920 3824/1/920
f 3853/1/963 3836/1/963 3835/1/963
f 3854/145/878 3834/165/878 3836/144/878
f 3837/167/777 3836/144/777 3834/165/777
f 3836/1/721 3838/1/721 3835/1/721
f 3879/168/723 3839/166/723 3837/167/723
f 3881/1/724 3838/1/724 3839/1/724
f 3888/172/880 3881/170/880 3879/168/880
f 3881/1/726 3889/1/726 3880/1/726
f 3903/171/1078 3890/169/1078 3888/172/1078
f 3905/1/1079 3889/1/1079 3890/1/1079
f 3903/171/1049 3908/173/1049 3905/174/1049
f 3908/1/854 3904/1/854 3905/1/854
f 3906/175/731 3926/176/731 3908/173/731
f 3926/1/732 3907/1/732 3908/1/732
f 3934/179/858 3926/176/858 3924/268/858
f 3935/1/733 3925/1/733 3926/1/733
f 3928/1/932 3938/1/932 3929/1/932
f 3929/183/735 3936/182/735 3927/180/735
f 3928/1/945 3911/1/945 3910/1/945
f 3929/183/738 3909/184/738 3911/185/738
f 3910/1/934 3902/1/934 3901/1/934
f 3911/185/1080 3900/187/1080 3902/186/1080
f 3901/1/741 3893/1/741 3892/1/741
f 3893/189/935 3900/187/935 3891/274/935
f 3892/1/743 3884/1/743 3883/1/743
f 3893/189/1081 3882/191/1081 3884/190/1081
f 3841/1/745 3884/1/745 3842/1/745
f 3884/190/746 3840/192/746 3842/146/746
f 3841/1/948 3833/1/948 3832/1/948
f 3842/146/1003 3831/147/1003 3833/148/1003
f 3855/150/1082 3833/148/1082 3831/147/1082
f 3857/1/701 3832/1/701 3833/1/701
f 3826/1/1026 3857/1/1026 3827/1/1026
f 3827/151/1083 3855/150/1083 3825/152/1083
f 3870/153/1006 3827/151/1006 3825/152/1006
f 3872/1/916 3826/1/916 3827/1/916
f 3871/1/1055 3797/1/1055 3796/1/1055
f 3872/154/1007 3795/155/1007 3797/156/1007
f 3795/155/1084 3809/159/1084 3797/156/1084
f 3797/1/764 3808/1/764 3796/1/764
f 3873/277/960 3809/159/960 3807/157/960
f 3875/1/712 3808/1/712 3809/1/712
f 3829/1/1085 3875/1/1085 3830/1/1085
f 3830/163/1086 3873/277/1086 3828/160/1086
f 3817/1/918 3830/1/918 3818/1/918
f 3818/162/1087 3828/160/1087 3816/164/1087
f 3858/143/1088 3818/162/1088 3816/164/1088
f 3860/1/920 3817/1/920 3818/1/920
f 3859/1/963 3848/1/963 3847/1/963
f 3848/144/1089 3858/143/1089 3846/165/1089
f 3846/165/1047 4094/166/1047 3848/144/1047
f 3848/1/721 4093/1/721 3847/1/721
f 4093/1/724 3899/1/724 3898/1/724
f 4094/166/1090 3897/168/1090 3899/264/1090
f 3897/168/880 3923/169/880 3899/264/880
f 3923/1/726 3898/1/726 3899/1/726
f 3916/1/728 3923/1/728 3917/1/728
f 3923/169/898 3915/171/898 3917/174/898
f 3978/175/1049 3917/174/1049 3915/171/1049
f 3980/1/854 3916/1/854 3917/1/854
f 3979/1/899 3932/1/899 3931/1/899
f 3932/176/856 3978/175/856 3930/268/856
f 3942/179/858 3932/176/858 3930/268/858
f 3944/1/733 3931/1/733 3932/1/733
f 3972/250/1091 3944/249/1091 3942/247/1091
f 3944/1/821 3973/1/821 3943/1/821
f 3973/1/1092 3968/1/1092 3967/1/1092
f 3974/248/860 3966/262/860 3968/251/860
f 4086/252/861 3968/251/861 3966/262/861
f 3968/1/824 4087/1/824 3967/1/824
f 3999/1/883 4088/1/883 4001/1/883
f 4001/254/863 4086/252/863 4000/255/863
f 3589/1/1093 3587/1/1093 3585/1/1093
f 3590/289/784 3586/204/784 3587/205/784
f 3679/1/721 3677/1/721 3675/1/721
f 3680/283/1094 3676/167/1094 3677/166/1094
f 197/1/1095 2/1/1095 194/1/1095
f 94/1/1096 363/1/1096 194/1/1096
f 195/1/1097 362/1/1097 3/1/1097
f 202/1/1098 198/1/1098 193/1/1098
f 201/1/1099 205/1/1099 198/1/1099
f 197/1/1100 6/1/1100 4/1/1100
f 5/1/1101 202/1/1101 3/1/1101
f 7/1/1102 200/1/1102 5/1/1102
f 207/1/1103 211/1/1103 205/1/1103
f 204/1/1104 8/1/1104 6/1/1104
f 7/1/1105 214/1/1105 208/1/1105
f 213/1/1106 215/1/1106 211/1/1106
f 210/1/1107 10/1/1107 8/1/1107
f 11/1/1108 215/1/1108 214/1/1108
f 12/1/1109 221/1/1109 218/1/1109
f 220/1/1110 10/1/1110 217/1/1110
f 19/1/1111 222/1/1111 221/1/1111
f 222/1/1112 16/1/1112 13/1/1112
f 21/1/1113 226/1/1113 19/1/1113
f 21/1/1114 233/1/1114 224/1/1114
f 225/1/1115 232/1/1115 228/1/1115
f 226/1/1116 22/1/1116 18/1/1116
f 232/1/1106 241/1/1106 228/1/1106
f 229/1/1117 25/1/1117 23/1/1117
f 230/1/1118 23/1/1118 20/1/1118
f 26/1/1119 242/1/1119 233/1/1119
f 244/1/1120 238/1/1120 237/1/1120
f 238/1/1121 27/1/1121 25/1/1121
f 28/1/1122 240/1/1122 26/1/1122
f 31/1/1123 246/1/1123 245/1/1123
f 246/1/1124 32/1/1124 29/1/1124
f 36/1/1125 250/1/1125 32/1/1125
f 39/1/1126 248/1/1126 36/1/1126
f 249/1/1127 37/1/1127 34/1/1127
f 250/1/1128 34/1/1128 30/1/1128
f 260/1/1129 259/1/1129 253/1/1129
f 252/1/1130 40/1/1130 37/1/1130
f 259/1/1103 263/1/1103 256/1/1103
f 262/1/1131 40/1/1131 255/1/1131
f 41/1/1132 260/1/1132 39/1/1132
f 43/1/1133 258/1/1133 41/1/1133
f 265/1/1103 269/1/1103 263/1/1103
f 268/1/1134 42/1/1134 262/1/1134
f 43/1/1135 272/1/1135 266/1/1135
f 273/1/1136 276/1/1136 269/1/1136
f 268/1/1137 46/1/1137 44/1/1137
f 47/1/1138 273/1/1138 272/1/1138
f 51/1/1139 281/1/1139 276/1/1139
f 277/1/1140 280/1/1140 46/1/1140
f 288/1/1141 284/1/1141 279/1/1141
f 283/1/1142 49/1/1142 280/1/1142
f 287/1/1143 291/1/1143 284/1/1143
f 290/1/1144 52/1/1144 283/1/1144
f 53/1/1145 288/1/1145 51/1/1145
f 55/1/1146 286/1/1146 53/1/1146
f 293/1/1103 297/1/1103 291/1/1103
f 290/1/1147 56/1/1147 54/1/1147
f 55/1/1148 300/1/1148 294/1/1148
f 301/1/1149 304/1/1149 297/1/1149
f 303/1/1150 56/1/1150 296/1/1150
f 59/1/1151 301/1/1151 300/1/1151
f 60/1/1152 307/1/1152 304/1/1152
f 306/1/1153 58/1/1153 303/1/1153
f 67/1/1154 308/1/1154 307/1/1154
f 308/1/1155 64/1/1155 61/1/1155
f 69/1/1156 312/1/1156 67/1/1156
f 69/1/1157 319/1/1157 310/1/1157
f 311/1/1158 314/1/1158 70/1/1158
f 312/1/1159 70/1/1159 66/1/1159
f 320/1/1160 327/1/1160 314/1/1160
f 315/1/1161 73/1/1161 71/1/1161
f 316/1/1162 71/1/1162 68/1/1162
f 74/1/1163 328/1/1163 319/1/1163
f 330/1/1164 324/1/1164 323/1/1164
f 324/1/1165 75/1/1165 73/1/1165
f 76/1/1166 326/1/1166 74/1/1166
f 79/1/1167 332/1/1167 331/1/1167
f 332/1/1168 80/1/1168 77/1/1168
f 84/1/1169 336/1/1169 80/1/1169
f 87/1/1170 334/1/1170 84/1/1170
f 335/1/1171 85/1/1171 82/1/1171
f 336/1/1172 82/1/1172 78/1/1172
f 345/1/1103 342/1/1103 339/1/1103
f 338/1/1173 88/1/1173 85/1/1173
f 345/1/1103 349/1/1103 342/1/1103
f 348/1/1174 88/1/1174 341/1/1174
f 89/1/1175 346/1/1175 87/1/1175
f 91/1/1176 344/1/1176 89/1/1176
f 351/1/1103 355/1/1103 349/1/1103
f 354/1/1177 90/1/1177 348/1/1177
f 91/1/1178 358/1/1178 352/1/1178
f 359/1/1179 362/1/1179 355/1/1179
f 354/1/1180 94/1/1180 92/1/1180
f 95/1/1181 359/1/1181 358/1/1181
f 370/1/1182 374/1/1182 99/1/1182
f 192/1/1183 535/1/1183 366/1/1183
f 367/1/1184 534/1/1184 97/1/1184
f 97/1/1185 369/1/1185 365/1/1185
f 102/1/1186 369/1/1186 100/1/1186
f 370/1/1187 379/1/1187 372/1/1187
f 374/1/1188 101/1/1188 98/1/1188
f 373/1/1189 103/1/1189 101/1/1189
f 104/1/1190 376/1/1190 102/1/1190
f 377/1/1103 386/1/1103 379/1/1103
f 380/1/1191 105/1/1191 103/1/1191
f 106/1/1192 382/1/1192 104/1/1192
f 390/1/1193 387/1/1193 386/1/1193
f 387/1/1194 107/1/1194 105/1/1194
f 106/1/1195 393/1/1195 389/1/1195
f 392/1/1196 108/1/1196 390/1/1196
f 112/1/1197 394/1/1197 393/1/1197
f 394/1/1198 115/1/1198 111/1/1198
f 402/1/1199 401/1/1199 396/1/1199
f 118/1/1200 398/1/1200 115/1/1200
f 398/1/1201 117/1/1201 113/1/1201
f 404/1/1202 117/1/1202 397/1/1202
f 121/1/1203 400/1/1203 119/1/1203
f 119/1/1204 402/1/1204 118/1/1204
f 412/1/1205 406/1/1205 405/1/1205
f 406/1/1206 413/1/1206 120/1/1206
f 123/1/1207 410/1/1207 409/1/1207
f 408/1/1208 125/1/1208 412/1/1208
f 413/1/1209 124/1/1209 122/1/1209
f 128/1/1210 418/1/1210 417/1/1210
f 418/1/1211 127/1/1211 124/1/1211
f 133/1/1212 420/1/1212 130/1/1212
f 130/1/1213 422/1/1213 128/1/1213
f 422/1/1214 132/1/1214 129/1/1214
f 421/1/1215 135/1/1215 132/1/1215
f 136/1/1216 424/1/1216 133/1/1216
f 428/1/1217 432/1/1217 135/1/1217
f 136/1/1218 434/1/1218 427/1/1218
f 428/1/1103 437/1/1103 430/1/1103
f 432/1/1219 137/1/1219 134/1/1219
f 431/1/1220 139/1/1220 137/1/1220
f 140/1/1221 434/1/1221 138/1/1221
f 435/1/1103 444/1/1103 437/1/1103
f 443/1/1222 139/1/1222 438/1/1222
f 142/1/1223 440/1/1223 140/1/1223
f 447/1/1224 445/1/1224 444/1/1224
f 445/1/1225 143/1/1225 141/1/1225
f 145/1/1226 453/1/1226 448/1/1226
f 449/1/1227 452/1/1227 144/1/1227
f 145/1/1228 455/1/1228 451/1/1228
f 456/1/1229 460/1/1229 147/1/1229
f 148/1/1230 462/1/1230 455/1/1230
f 456/1/1231 465/1/1231 458/1/1231
f 460/1/1232 149/1/1232 146/1/1232
f 459/1/1233 151/1/1233 149/1/1233
f 152/1/1234 462/1/1234 150/1/1234
f 463/1/1103 472/1/1103 465/1/1103
f 471/1/1235 151/1/1235 466/1/1235
f 152/1/1236 475/1/1236 468/1/1236
f 469/1/1103 476/1/1103 472/1/1103
f 473/1/1237 155/1/1237 153/1/1237
f 157/1/1238 475/1/1238 154/1/1238
f 476/1/1239 159/1/1239 156/1/1239
f 160/1/1240 480/1/1240 479/1/1240
f 480/1/1241 163/1/1241 159/1/1241
f 488/1/1242 491/1/1242 482/1/1242
f 166/1/1243 484/1/1243 163/1/1243
f 484/1/1244 165/1/1244 161/1/1244
f 490/1/1245 165/1/1245 483/1/1245
f 169/1/1246 486/1/1246 167/1/1246
f 167/1/1247 488/1/1247 166/1/1247
f 498/1/1248 492/1/1248 491/1/1248
f 492/1/1249 499/1/1249 168/1/1249
f 171/1/1250 496/1/1250 495/1/1250
f 494/1/1251 173/1/1251 498/1/1251
f 499/1/1252 172/1/1252 170/1/1252
f 176/1/1253 504/1/1253 503/1/1253
f 504/1/1254 175/1/1254 172/1/1254
f 181/1/1255 506/1/1255 178/1/1255
f 178/1/1256 508/1/1256 176/1/1256
f 508/1/1257 180/1/1257 177/1/1257
f 507/1/1258 183/1/1258 180/1/1258
f 184/1/1259 510/1/1259 181/1/1259
f 511/1/1260 516/1/1260 183/1/1260
f 184/1/1261 520/1/1261 513/1/1261
f 514/1/1103 523/1/1103 516/1/1103
f 518/1/1262 185/1/1262 182/1/1262
f 517/1/1263 187/1/1263 185/1/1263
f 186/1/1264 526/1/1264 520/1/1264
f 521/1/1103 530/1/1103 523/1/1103
f 529/1/1265 187/1/1265 524/1/1265
f 191/1/1266 526/1/1266 188/1/1266
f 533/1/1267 531/1/1267 530/1/1267
f 531/1/1268 190/1/1268 189/1/1268
f 537/68/1269 2319/157/1269 2316/155/1269
f 646/1/1106 667/1/1106 652/1/1106
f 546/71/1270 2316/155/1270 2325/153/1270
f 540/65/1271 2328/158/1271 2319/157/1271
f 543/65/1271 2337/158/1271 2322/157/1271
f 555/68/1269 2322/157/1269 2334/155/1269
f 561/72/1272 2325/153/1272 2340/152/1272
f 549/63/1273 2331/160/1273 2328/158/1273
f 552/61/1274 2343/164/1274 2331/160/1274
f 582/71/1270 2334/155/1270 2361/153/1270
f 558/63/1273 2364/160/1273 2337/158/1273
f 573/73/1275 2340/152/1275 2352/150/1275
f 564/60/1276 2355/143/1276 2343/164/1276
f 567/72/1272 2361/153/1272 2346/152/1272
f 579/73/1275 2346/152/1275 2358/150/1275
f 570/60/1276 2368/143/1276 2349/164/1276
f 585/61/1274 2349/164/1274 2364/160/1274
f 606/77/1277 2352/150/1277 2370/147/1277
f 576/58/1278 2382/165/1278 2355/143/1278
f 591/77/1277 2358/150/1277 2385/147/1277
f 588/58/1279 2388/165/1279 2368/143/1279
f 597/76/1280 2385/147/1280 2373/192/1280
f 594/54/1281 2376/167/1281 2382/165/1281
f 597/76/1282 2394/191/1282 615/81/1282
f 600/56/1283 2391/168/1283 2376/167/1283
f 1645/1/1106 1657/1/1106 1213/1/1106
f 604/56/1283 2409/168/1283 2415/167/1283
f 609/54/1281 2415/167/1281 2388/165/1281
f 633/76/1280 2370/147/1280 2380/192/1280
f 633/76/1284 2412/281/1284 612/81/1284
f 612/81/1285 2406/274/1285 627/123/1285
f 615/81/1285 2400/188/1285 624/80/1285
f 618/97/1286 2397/172/1286 2391/168/1286
f 621/96/1287 2418/171/1287 2397/172/1287
f 624/80/1288 2421/187/1288 639/82/1288
f 627/123/1288 2520/187/1288 741/82/1288
f 630/96/1287 2523/171/1287 2403/172/1287
f 636/97/1286 2403/172/1286 2409/168/1286
f 639/82/1289 2427/184/1289 645/84/1289
f 642/93/1290 2424/175/1290 2418/171/1290
f 645/84/1291 2460/180/1291 666/114/1291
f 648/91/1292 2457/178/1292 2424/175/1292
f 651/89/1293 2436/179/1293 2457/178/1293
f 741/82/1289 2430/184/1289 654/84/1289
f 654/84/1291 2454/180/1291 681/114/1291
f 657/91/1292 2463/178/1292 2433/175/1292
f 744/93/1290 2433/175/1290 2523/171/1290
f 661/37/1294 2442/250/1294 2436/247/1294
f 666/114/1295 2440/182/1295 663/39/1295
f 663/39/1296 2445/246/1296 672/43/1296
f 669/35/1297 2469/269/1297 2442/250/1297
f 672/43/1298 2472/245/1298 687/42/1298
f 681/114/1295 2448/182/1295 675/39/1295
f 675/39/1296 2514/246/1296 735/43/1296
f 678/37/1294 2517/250/1294 2451/247/1294
f 684/89/1293 2451/179/1293 2463/178/1293
f 687/42/1299 2475/241/1299 693/45/1299
f 690/108/1300 2478/252/1300 2469/269/1300
f 693/45/1301 2490/239/1301 711/49/1301
f 696/31/1302 2487/255/1302 2478/252/1302
f 699/31/1302 2505/255/1302 2511/252/1302
f 705/34/1300 2511/252/1300 2484/262/1300
f 735/43/1298 2466/245/1298 702/42/1298
f 702/42/1299 2481/241/1299 729/45/1299
f 738/35/1297 2484/262/1297 2517/250/1297
f 729/45/1301 2508/239/1301 708/49/1301
f 708/49/1303 2502/237/1303 723/48/1303
f 711/49/1303 2496/237/1303 720/48/1303
f 714/29/1304 2493/257/1304 2487/255/1304
f 717/27/1305 2526/209/1305 2493/257/1305
f 720/48/1306 2529/204/1306 747/3/1306
f 723/48/1307 2751/204/1307 966/3/1307
f 726/27/1305 2748/209/1305 2499/257/1305
f 732/29/1304 2499/257/1304 2505/255/1304
f 747/3/1308 2538/218/1308 759/6/1308
f 756/23/1309 2526/209/1309 750/26/1309
f 966/3/1308 2532/218/1308 753/6/1308
f 753/6/1310 2556/236/1310 777/7/1310
f 780/21/1311 2535/258/1311 756/23/1311
f 759/6/1310 2562/236/1310 783/7/1310
f 786/21/1312 2541/258/1312 762/23/1312
f 762/23/1309 2748/209/1309 972/26/1309
f 777/7/1313 2544/234/1313 765/9/1313
f 765/9/1314 2622/261/1314 846/10/1314
f 849/103/1315 2547/227/1315 768/19/1315
f 768/19/1316 2559/223/1316 780/21/1316
f 783/7/1313 2550/234/1313 771/9/1313
f 771/9/1314 2628/261/1314 852/10/1314
f 855/103/1315 2553/227/1315 774/19/1315
f 774/19/1316 2565/223/1316 786/21/1316
f 802/14/1317 2589/229/1317 789/16/1317
f 789/16/1318 2625/226/1318 849/103/1318
f 796/65/1271 792/137/1271 3213/158/1271
f 795/1/1106 801/1/1106 793/1/1106
f 810/68/1319 3204/157/1319 3210/155/1319
f 798/125/1320 2568/231/1320 2586/195/1320
f 813/12/1321 2574/195/1321 804/14/1321
f 804/14/1322 2583/263/1322 2595/259/1322
f 846/10/1323 2568/231/1323 807/12/1323
f 819/71/1270 3210/155/1270 3207/153/1270
f 852/10/1323 2592/231/1323 813/12/1323
f 816/16/1318 2631/226/1318 855/103/1318
f 834/72/1324 3207/153/1324 3216/152/1324
f 822/61/1325 3219/164/1325 3225/160/1325
f 840/63/1273 3225/160/1273 3213/158/1273
f 825/54/1281 3252/167/1281 3237/165/1281
f 831/58/1278 3237/165/1278 3228/143/1278
f 828/73/1275 3216/152/1275 3222/150/1275
f 843/77/1326 3222/150/1326 3234/147/1326
f 837/60/1276 3228/143/1276 3219/164/1276
f 861/76/1327 3234/147/1327 3231/275/1327
f 861/76/1284 3249/191/1284 858/81/1284
f 858/81/1285 3243/274/1285 873/80/1285
f 864/97/1286 3240/172/1286 3246/168/1286
f 969/56/1328 3246/168/1328 3252/167/1328
f 873/80/1288 3306/187/1288 867/82/1288
f 867/82/1329 3255/184/1329 900/84/1329
f 870/93/1330 3258/175/1330 3309/171/1330
f 876/96/1287 3309/171/1287 3240/172/1287
f 900/84/1291 3267/180/1291 879/114/1291
f 879/114/1295 3261/182/1295 894/39/1295
f 882/89/1293 3264/179/1293 3270/178/1293
f 903/91/1292 3270/178/1292 3258/175/1292
f 885/108/1300 3297/252/1300 3279/269/1300
f 891/35/1297 3279/269/1297 3303/250/1297
f 894/39/1296 3300/246/1296 888/43/1296
f 888/43/1298 3276/245/1298 960/42/1298
f 897/37/1294 3303/250/1294 3264/247/1294
f 909/45/1301 3294/239/1301 906/49/1301
f 906/49/1331 3288/237/1331 924/48/1331
f 960/42/1332 3273/241/1332 909/45/1332
f 912/29/1333 3285/257/1333 3291/255/1333
f 963/31/1302 3291/255/1302 3297/252/1302
f 924/48/1334 3420/204/1334 915/3/1334
f 915/3/1308 3312/218/1308 954/6/1308
f 918/128/1309 3315/258/1309 3411/209/1309
f 921/1/1106 1017/1/1106 919/1/1106
f 927/27/1305 3411/209/1305 3282/211/1305
f 954/6/1335 3324/236/1335 930/7/1335
f 930/7/1313 3318/234/1313 948/9/1313
f 951/19/1316 3327/223/1316 933/21/1316
f 933/21/1311 3315/258/1311 957/113/1311
f 945/16/1336 3357/226/1336 936/103/1336
f 936/103/1337 3321/227/1337 951/19/1337
f 942/10/1323 3333/231/1323 939/12/1323
f 939/12/1321 3330/195/1321 1077/127/1321
f 948/9/1338 3354/261/1338 942/10/1338
f 1077/127/1339 3336/229/1339 945/16/1339
f 975/65/1271 3345/277/1271 3351/157/1271
f 978/68/1319 3351/157/1319 3348/155/1319
f 990/71/1270 3348/155/1270 3342/153/1270
f 981/63/1273 3339/160/1273 3345/277/1273
f 984/72/1324 3342/153/1324 3414/152/1324
f 1023/73/1275 3414/152/1275 3360/150/1275
f 987/60/1276 3363/143/1276 3417/287/1276
f 993/61/1340 3417/287/1340 3339/160/1340
f 996/56/1341 3408/168/1341 3372/167/1341
f 1005/54/1342 3372/167/1342 3378/165/1342
f 999/77/1326 3360/150/1326 3375/147/1326
f 1018/76/1343 1002/105/1343 3375/147/1343
f 1026/58/1278 3378/165/1278 3363/143/1278
f 1011/81/1285 3384/274/1285 1008/80/1285
f 1008/80/1288 3381/187/1288 1080/82/1288
f 1018/76/1282 3369/285/1282 3405/281/1282
f 1014/96/1287 3402/171/1287 3387/172/1287
f 1020/97/1286 3387/172/1286 3408/168/1286
f 1080/82/1289 3399/184/1289 1029/84/1289
f 1029/84/1291 3393/180/1291 1041/114/1291
f 1032/91/1292 3390/178/1292 3396/175/1292
f 1083/93/1330 3396/175/1330 3402/171/1330
f 1041/114/1295 3648/182/1295 1035/39/1295
f 1035/39/1296 3423/246/1296 1071/43/1296
f 1038/37/1294 3426/250/1294 3645/247/1294
f 1044/100/1293 3645/179/1293 3390/178/1293
f 1047/31/1302 3468/255/1302 3432/266/1302
f 1053/34/1300 3432/266/1300 3438/262/1300
f 1071/43/1298 3435/245/1298 1050/42/1298
f 1050/42/1299 3429/241/1299 1065/116/1299
f 1074/35/1297 3438/262/1297 3426/250/1297
f 1059/49/1331 3444/237/1331 1056/48/1331
f 1056/48/1306 3441/204/1306 1188/3/1306
f 1065/116/1301 3465/239/1301 1059/49/1301
f 1062/27/1305 3462/209/1305 3447/257/1305
f 1068/29/1333 3447/257/1333 3468/255/1333
f 1188/3/1344 3459/218/1344 1086/6/1344
f 1086/6/1335 3453/236/1335 1098/7/1335
f 1101/21/1311 3456/288/1311 1089/113/1311
f 1089/113/1345 3462/209/1345 1197/26/1345
f 1098/7/1313 3525/234/1313 1092/9/1313
f 1092/9/1346 3471/261/1346 1134/10/1346
f 1137/103/1337 3528/227/1337 1095/19/1337
f 1095/19/1316 3450/223/1316 1101/21/1316
f 1107/1/1106 1104/1/1106 1111/1/1106
f 1113/121/1321 3498/272/1321 3477/195/1321
f 1105/14/1339 3480/263/1339 3492/259/1339
f 1108/65/1271 1110/135/1271 3495/158/1271
f 1125/68/1319 3483/157/1319 3486/284/1319
f 1134/10/1323 3498/272/1323 1116/12/1323
f 1119/16/1318 3474/226/1318 1137/103/1318
f 1122/71/1270 3489/155/1270 3504/153/1270
f 1191/72/1324 3504/153/1324 3501/152/1324
f 1128/61/1340 3522/287/1340 3507/160/1340
f 1131/63/1273 3507/160/1273 3495/158/1273
f 1140/73/1275 3501/152/1275 3519/150/1275
f 1152/77/1326 3519/150/1326 3513/147/1326
f 1143/58/1278 3510/165/1278 3516/143/1278
f 1194/60/1276 3516/143/1276 3522/287/1276
f 1146/131/1343 3513/147/1343 3639/192/1343
f 1146/131/1282 3531/281/1282 1182/81/1282
f 1149/56/1341 3534/168/1341 3642/167/1341
f 1155/54/1342 3642/167/1342 3510/165/1342
f 1158/93/1330 3576/175/1330 3540/171/1330
f 1164/96/1287 3540/171/1287 3546/172/1287
f 1182/81/1285 3543/274/1285 1161/80/1285
f 1161/80/1288 3537/187/1288 1176/82/1288
f 1185/97/1286 3546/172/1286 3534/168/1286
f 1176/82/1289 3573/184/1289 1167/84/1289
f 1167/84/1291 3552/180/1291 1170/114/1291
f 1170/114/1295 3549/182/1295 1419/39/1295
f 1173/89/1293 3570/179/1293 3555/178/1293
f 1179/91/1292 3555/178/1292 3576/175/1292
f 1419/39/1296 3567/246/1296 1200/43/1296
f 1200/43/1298 3561/245/1298 1215/42/1298
f 1203/35/1297 3558/269/1297 3564/250/1297
f 1422/37/1294 3564/250/1294 3570/247/1294
f 1206/29/1333 3597/257/1333 3582/255/1333
f 1212/31/1302 3582/255/1302 3636/252/1302
f 1215/42/1299 3633/241/1299 1209/116/1299
f 1209/116/1301 3579/239/1301 1245/49/1301
f 1218/34/1300 3636/252/1300 3558/269/1300
f 1221/132/1306 3594/237/1306 3586/204/1306
f 1224/1/1106 1416/1/1106 1222/1/1106
f 1225/3/1344 3588/265/1344 3627/218/1344
f 1245/49/1331 3594/237/1331 1227/48/1331
f 1242/113/1345 3591/209/1345 1230/26/1345
f 1248/27/1305 3591/209/1305 3597/257/1305
f 1239/6/1335 3603/236/1335 1233/7/1335
f 1233/7/1313 3600/234/1313 1299/9/1313
f 1302/19/1316 3606/223/1316 1236/21/1316
f 1236/21/1311 3630/258/1311 1242/113/1311
f 1299/9/1346 3621/261/1346 1251/10/1346
f 1251/10/1323 3615/272/1323 1266/12/1323
f 1269/16/1318 3609/226/1318 1254/103/1318
f 1254/103/1337 3624/227/1337 1302/19/1337
f 1266/12/1321 3612/195/1321 1257/14/1321
f 1257/14/1339 3618/259/1339 1269/16/1339
f 1260/63/1273 3672/160/1273 3657/158/1273
f 1263/65/1271 3657/158/1271 3651/157/1271
f 1293/68/1319 3651/157/1319 3654/155/1319
f 1272/72/1324 3669/153/1324 3663/152/1324
f 1287/73/1275 3663/152/1275 3660/150/1275
f 1275/71/1270 3654/155/1270 3669/153/1270
f 1278/60/1276 3702/143/1276 3666/164/1276
f 1296/61/1325 3666/164/1325 3672/160/1325
f 1281/77/1326 3660/150/1326 3699/147/1326
f 1413/76/1280 3699/147/1280 3681/192/1280
f 1284/54/1281 3676/167/1281 3678/282/1281
f 1290/58/1278 3684/165/1278 3702/143/1278
f 1413/76/1347 3693/281/1347 1305/81/1347
f 1305/81/1285 3687/274/1285 1323/80/1285
f 1308/97/1286 3690/172/1286 3696/168/1286
f 1417/56/1341 1311/134/1341 3696/168/1341
f 1314/91/1292 3723/178/1292 3708/175/1292
f 1320/93/1330 3708/175/1330 3756/171/1330
f 1323/80/1288 3753/187/1288 1317/82/1288
f 1317/82/1329 3705/184/1329 1350/84/1329
f 1326/96/1287 3756/171/1287 3690/172/1287
f 1332/114/1295 3714/182/1295 1329/39/1295
f 1329/39/1296 3711/246/1296 1344/43/1296
f 1350/84/1291 3720/180/1291 1332/114/1291
f 1335/37/1294 3750/250/1294 3717/247/1294
f 1353/89/1293 3717/179/1293 3723/178/1293
f 1344/43/1298 3747/245/1298 1338/42/1298
f 1338/42/1332 3729/241/1332 1407/45/1332
f 1341/108/1300 3726/252/1300 3732/262/1300
f 1347/35/1297 3732/262/1297 3750/250/1297
f 1407/45/1301 3741/239/1301 1356/49/1301
f 1356/49/1331 3735/237/1331 1371/48/1331
f 1359/29/1333 3738/257/1333 3744/255/1333
f 1410/31/1302 3744/255/1302 3726/252/1302
f 1401/21/1311 3762/258/1311 1362/113/1311
f 1362/113/1309 3867/209/1309 1368/26/1309
f 1371/48/1334 3876/204/1334 1365/3/1334
f 1365/3/1308 3759/218/1308 1404/6/1308
f 1374/27/1348 3867/209/1348 3738/257/1348
f 1380/7/1313 3768/234/1313 1377/9/1313
f 1377/9/1338 3765/261/1338 1392/10/1338
f 1404/6/1335 3774/236/1335 1380/7/1335
f 1398/103/1337 3771/227/1337 1383/19/1337
f 1383/19/1316 3777/223/1316 1401/21/1316
f 1395/12/1321 3786/195/1321 1386/14/1321
f 1386/14/1339 3789/290/1339 3792/259/1339
f 1389/16/1318 3810/226/1318 1398/103/1318
f 1392/10/1349 3801/231/1349 1395/12/1349
f 1425/65/1271 2619/158/1271 2571/157/1271
f 1431/68/1319 2571/157/1319 2577/278/1319
f 1428/71/1270 2580/155/1270 2598/153/1270
f 1437/72/1324 2598/153/1324 2613/152/1324
f 1434/63/1273 2601/160/1273 2619/158/1273
f 1443/73/1275 2613/152/1275 2607/150/1275
f 1440/60/1276 2610/143/1276 2616/164/1276
f 1446/61/1325 2616/164/1325 2601/160/1325
f 1455/77/1326 2607/150/1326 2604/147/1326
f 1449/58/1278 2634/165/1278 2610/143/1278
f 1452/56/1328 2637/168/1328 2643/167/1328
f 1458/54/1342 2643/167/1342 2634/165/1342
f 1470/76/1343 2604/147/1343 2745/192/1343
f 1464/81/1285 2652/274/1285 1461/80/1285
f 1461/80/1288 2646/187/1288 1527/82/1288
f 1470/76/1282 2640/191/1282 1464/81/1282
f 1467/96/1287 2649/171/1287 2655/172/1287
f 1473/97/1286 2655/172/1286 2637/168/1286
f 1527/82/1329 2679/184/1329 1476/84/1329
f 1476/84/1291 2658/180/1291 1488/114/1291
f 1479/91/1292 2661/178/1292 2682/175/1292
f 1530/93/1330 2682/175/1330 2649/171/1330
f 1488/114/1295 2673/182/1295 1482/39/1295
f 1482/39/1296 2667/246/1296 1521/43/1296
f 1485/37/1294 2670/250/1294 2676/247/1294
f 1491/100/1293 2676/179/1293 2661/178/1293
f 1494/31/1302 2685/255/1302 2691/252/1302
f 1500/34/1300 2691/252/1300 2742/269/1300
f 1521/43/1298 2664/245/1298 1497/42/1298
f 1497/42/1332 2739/241/1332 1515/45/1332
f 1524/35/1297 2742/269/1297 2670/250/1297
f 1509/49/1331 2703/237/1331 1503/48/1331
f 1506/115/1307 2703/237/1307 2694/204/1307
f 1593/1/1106 1638/1/1106 1591/1/1106
f 1515/45/1301 2688/239/1301 1509/49/1301
f 1512/27/1348 2700/209/1348 2706/257/1348
f 1518/29/1333 2706/257/1333 2685/255/1333
f 1639/3/1350 2697/265/1350 2733/218/1350
f 1533/6/1335 2709/236/1335 1545/7/1335
f 1548/21/1311 2736/258/1311 1536/113/1311
f 1536/113/1345 2700/209/1345 1641/26/1345
f 1545/7/1313 2727/234/1313 1539/9/1313
f 1539/9/1338 2715/261/1338 1575/10/1338
f 1578/103/1337 2730/227/1337 1542/19/1337
f 1542/19/1316 2712/223/1316 1548/21/1316
f 1554/12/1321 2862/195/1321 1551/14/1321
f 1551/14/1339 2718/229/1339 1557/16/1339
f 1575/10/1323 2721/231/1323 1554/12/1323
f 1557/16/1336 2724/226/1336 1578/103/1336
f 1560/71/1270 2757/155/1270 2769/153/1270
f 1632/72/1324 2769/153/1324 2763/152/1324
f 1563/68/1319 2754/157/1319 2757/155/1319
f 1566/61/1340 2766/164/1340 2772/160/1340
f 1572/63/1273 2772/160/1273 2760/277/1273
f 1569/65/1271 2760/277/1271 2754/157/1271
f 1581/73/1275 2763/152/1275 2802/150/1275
f 1596/77/1326 2802/150/1326 2778/147/1326
f 1584/58/1278 2781/165/1278 2805/143/1278
f 1635/60/1276 2805/143/1276 2766/164/1276
f 1587/76/1327 2778/147/1327 2775/275/1327
f 1587/76/1282 2796/191/1282 1626/81/1282
f 1594/56/1328 1590/111/1328 2793/168/1328
f 1599/54/1281 2799/167/1281 2784/207/1281
f 1602/93/1330 2811/175/1330 2859/171/1330
f 1608/96/1287 2859/171/1287 2787/172/1287
f 1626/81/1285 2790/274/1285 1605/80/1285
f 1605/80/1288 2856/187/1288 1620/82/1288
f 1629/97/1286 2787/172/1286 2793/168/1286
f 1614/84/1291 2820/180/1291 1611/114/1291
f 1611/114/1295 2814/182/1295 1860/39/1295
f 1620/82/1329 2808/184/1329 1614/84/1329
f 1617/89/1293 2817/179/1293 2823/178/1293
f 1623/91/1292 2823/178/1292 2811/175/1292
f 1860/39/1296 2850/246/1296 1644/43/1296
f 1644/43/1298 2829/245/1298 1656/42/1298
f 1647/35/1297 2832/262/1297 2853/250/1297
f 1869/37/1294 2853/250/1294 2817/247/1294
f 1656/42/1332 2826/241/1332 1650/116/1332
f 1650/116/1301 2844/239/1301 1686/49/1301
f 1653/31/1302 2841/255/1302 2847/266/1302
f 1659/34/1300 2847/266/1300 2832/262/1300
f 1683/23/1345 2976/209/1345 1662/26/1345
f 1668/27/1305 2976/209/1305 2835/257/1305
f 1686/49/1331 2838/237/1331 1665/48/1331
f 1665/48/1306 2967/204/1306 1680/3/1306
f 1689/29/1333 2835/257/1333 2841/255/1333
f 1674/6/1335 2877/236/1335 1671/7/1335
f 1671/7/1313 2871/234/1313 1746/9/1313
f 1680/3/1350 2865/218/1350 1674/6/1350
f 1749/19/1316 2880/223/1316 1677/21/1316
f 1677/21/1311 2868/258/1311 1683/23/1311
f 1746/9/1346 2913/261/1346 1692/10/1346
f 1692/10/1323 2895/272/1323 1716/12/1323
f 1713/16/1318 2916/226/1318 1695/103/1318
f 1695/103/1337 2874/227/1337 1749/19/1337
f 1698/117/1321 2895/272/1321 2886/195/1321
f 1701/1/1106 1707/1/1106 1699/1/1106
f 1702/14/1339 2892/267/1339 2898/259/1339
f 1708/65/1271 1704/109/1271 2907/158/1271
f 1719/68/1319 2883/157/1319 2889/276/1319
f 1710/63/1273 2901/160/1273 2907/158/1273
f 1725/71/1270 2910/155/1270 2904/153/1270
f 1722/60/1276 2922/143/1276 2973/164/1276
f 1728/61/1340 2973/164/1340 2901/160/1340
f 1740/72/1324 2904/153/1324 2970/152/1324
f 1731/77/1326 2919/150/1326 2931/147/1326
f 1863/76/1327 2931/147/1327 2925/275/1327
f 1734/73/1275 2970/152/1275 2919/150/1275
f 1737/54/1342 2928/167/1342 2934/165/1342
f 1743/58/1278 2934/165/1278 2922/143/1278
f 1863/76/1282 2961/191/1282 1752/81/1282
f 1752/81/1285 2940/274/1285 1764/80/1285
f 1755/97/1286 2943/172/1286 2964/168/1286
f 1866/56/1341 2964/168/1341 2928/167/1341
f 1764/80/1288 2937/187/1288 1758/82/1288
f 1758/82/1329 2955/184/1329 1794/84/1329
f 1761/93/1330 2946/175/1330 2958/171/1330
f 1767/96/1287 2958/171/1287 2943/172/1287
f 1770/37/1294 2985/250/1294 3090/247/1294
f 1776/100/1293 3090/179/1293 2952/268/1293
f 1794/84/1291 2949/180/1291 1773/114/1291
f 1773/114/1295 2979/182/1295 1788/39/1295
f 1797/91/1292 2952/268/1292 2946/175/1292
f 1782/43/1298 2997/245/1298 1779/42/1298
f 1779/42/1332 2991/241/1332 1854/116/1332
f 1788/39/1296 2982/246/1296 1782/43/1296
f 1785/108/1300 2994/252/1300 3000/269/1300
f 1791/35/1297 3000/269/1297 2985/250/1297
f 1854/116/1301 2988/239/1301 1800/49/1301
f 1800/49/1331 3027/237/1331 1815/48/1331
f 1803/29/1333 3012/257/1333 3030/255/1333
f 1857/31/1302 3030/255/1302 2994/252/1302
f 1815/48/1306 3009/204/1306 1806/3/1306
f 1806/3/1350 3021/218/1350 1848/6/1350
f 1809/119/1345 3024/258/1345 3003/200/1345
f 1812/1/1106 1899/1/1106 1810/1/1106
f 1818/27/1348 3003/200/1348 3006/270/1348
f 1845/103/1337 3084/227/1337 1821/19/1337
f 1821/19/1316 3018/223/1316 1827/21/1316
f 1848/6/1335 3015/236/1335 1824/7/1335
f 1824/7/1313 3081/234/1313 1842/9/1313
f 1827/21/1311 3024/258/1311 1851/23/1311
f 1842/9/1346 3033/261/1346 1830/10/1346
f 1830/10/1323 3048/272/1323 1836/12/1323
f 1836/12/1321 3039/195/1321 1833/14/1321
f 1833/14/1339 3051/259/1339 1839/16/1339
f 1839/16/1318 3036/226/1318 1845/103/1318
f 1872/65/1271 3078/277/1271 3045/157/1271
f 1875/68/1319 3045/157/1319 3042/155/1319
f 1890/71/1270 3042/155/1270 3075/153/1270
f 1878/63/1273 3060/160/1273 3078/277/1273
f 1881/58/1278 3066/165/1278 3072/143/1278
f 1887/60/1276 3072/143/1276 3054/164/1276
f 1884/72/1324 3075/153/1324 3057/152/1324
f 1920/73/1275 3057/152/1275 3069/150/1275
f 1893/61/1325 3054/164/1325 3060/160/1325
f 1900/76/1280 1896/105/1280 3063/147/1280
f 1900/76/1282 3093/271/1282 3096/191/1282
f 1902/77/1326 3069/150/1326 3063/147/1326
f 1905/56/1328 3099/168/1328 3201/167/1328
f 1923/54/1351 3201/167/1351 3066/165/1351
f 1914/81/1285 3111/188/1285 1908/80/1285
f 1908/80/1288 3105/187/1288 1974/82/1288
f 1911/96/1287 3108/171/1287 3114/172/1287
f 1917/97/1286 3114/172/1286 3099/168/1286
f 1974/82/1329 3102/184/1329 1926/84/1329
f 1926/84/1291 3138/180/1291 1941/114/1291
f 1929/91/1292 3123/178/1292 3141/175/1292
f 1977/93/1330 3141/175/1330 3108/171/1330
f 1932/35/1297 3129/262/1297 3135/250/1297
f 1938/37/1294 3135/250/1294 3117/247/1294
f 1941/114/1295 3120/182/1295 1935/39/1295
f 1935/39/1296 3132/246/1296 1968/43/1296
f 1944/100/1293 3117/179/1293 3123/178/1293
f 1950/42/1332 3198/241/1332 1947/45/1332
f 1947/45/1301 3144/239/1301 1962/49/1301
f 1968/43/1298 3126/245/1298 1950/42/1298
f 1953/31/1302 3147/255/1302 3195/252/1302
f 1971/34/1300 3195/252/1300 3129/262/1300
f 1962/49/1331 3159/237/1331 1956/48/1331
f 1956/48/1307 3153/204/1307 2091/3/1307
f 1959/27/1348 3156/209/1348 3162/257/1348
f 1965/29/1333 3162/257/1333 3147/255/1333
f 2091/3/1308 3150/218/1308 1980/6/1308
f 1980/6/1335 3189/236/1335 1995/7/1335
f 1998/21/1311 3192/258/1311 1983/23/1311
f 1983/23/1345 3156/209/1345 2094/26/1345
f 2028/16/1318 3186/226/1318 1986/103/1318
f 1986/103/1337 3165/227/1337 1992/19/1337
f 1995/7/1313 3168/234/1313 1989/9/1313
f 1989/9/1338 3180/261/1338 2031/10/1338
f 1992/19/1316 3171/223/1316 1998/21/1316
f 2001/1/1106 2007/1/1106 2005/1/1106
f 2004/121/1321 3183/231/1321 3174/195/1321
f 2002/14/1339 3177/229/1339 2028/16/1339
f 2008/65/1352 2016/102/1352 3873/277/1352
f 2025/68/1319 3807/157/1319 3795/155/1319
f 2031/10/1349 3183/231/1349 2010/12/1349
f 2013/63/1353 3828/160/1353 3873/277/1353
f 2019/65/1354 3804/277/1354 3783/157/1354
f 2082/68/1355 3783/157/1355 3780/215/1355
f 2022/63/1353 3813/160/1353 3804/277/1353
f 2046/71/1270 3795/155/1270 3870/153/1270
f 2034/71/1270 3798/155/1270 3864/153/1270
f 2040/72/1324 3864/153/1324 3819/152/1324
f 2037/72/1324 3870/153/1324 3825/152/1324
f 2076/73/1275 3825/152/1275 3855/150/1275
f 2070/73/1275 3819/152/1275 3849/150/1275
f 2043/60/1276 3852/143/1276 3822/164/1276
f 2085/61/1340 3822/164/1340 3813/160/1340
f 2049/60/1276 3858/143/1276 3816/164/1276
f 2088/61/1340 3816/164/1340 3828/160/1340
f 2052/77/1356 3855/150/1356 3831/147/1356
f 2061/76/1280 3831/147/1280 3840/192/1280
f 2055/54/1351 3837/167/1351 3834/165/1351
f 2073/58/1278 3834/165/1278 3852/143/1278
f 2058/56/1341 3879/168/1341 3837/167/1341
f 2061/76/1347 3882/191/1347 2100/81/1347
f 2064/77/1356 3849/150/1356 3843/147/1356
f 2310/76/1280 3843/147/1280 3861/192/1280
f 2067/54/1351 4092/167/1351 3846/165/1351
f 2079/58/1279 3846/165/1279 3858/143/1279
f 2097/97/1286 3888/172/1286 3879/168/1286
f 2100/81/1285 3891/274/1285 2103/123/1285
f 2103/123/1288 3900/187/1288 2115/82/1288
f 2106/96/1287 3903/171/1287 3888/172/1287
f 2310/76/1347 3894/281/1347 2109/81/1347
f 2109/81/1357 3885/274/1357 2139/80/1357
f 2112/97/1286 3921/172/1286 3897/168/1286
f 2313/56/1341 3897/168/1341 4092/167/1341
f 2115/82/1329 3909/184/1329 2127/84/1329
f 2118/93/1330 3906/175/1330 3903/171/1330
f 2121/93/1330 3978/175/1330 3915/171/1330
f 2142/96/1287 3915/171/1287 3921/172/1287
f 2133/82/1329 3912/184/1329 2124/124/1329
f 2124/124/1291 3975/180/1291 2193/114/1291
f 2127/84/1291 3927/180/1291 2148/114/1291
f 2130/91/1292 3924/268/1292 3906/175/1292
f 2139/80/1288 3918/187/1288 2133/82/1288
f 2136/91/1292 3930/268/1292 3978/175/1292
f 2145/100/1293 3934/179/1293 3924/268/1293
f 2148/114/1295 3936/182/1295 2152/39/1295
f 2170/1/1358 2167/1/1358 2164/1/1358
f 2152/39/1296 3948/246/1296 2163/43/1296
f 2154/37/1294 3945/250/1294 3934/247/1294
f 2193/114/1295 3939/182/1295 2157/39/1295
f 2157/39/1296 3969/246/1296 2187/43/1296
f 2160/37/1294 3972/250/1294 3942/247/1294
f 2196/100/1293 3942/179/1293 3930/268/1293
f 2163/43/1298 3963/245/1298 2178/42/1298
f 2166/35/1297 3960/269/1297 3945/250/1297
f 2169/34/1300 3951/252/1300 3960/269/1300
f 2172/31/1302 3981/255/1302 3951/252/1302
f 2178/42/1332 3954/241/1332 2175/45/1332
f 2175/45/1301 3984/239/1301 2202/49/1301
f 2187/43/1298 3957/245/1298 2181/42/1298
f 2181/42/1332 4089/241/1332 2307/45/1332
f 2184/34/1300 4086/252/1300 3966/262/1300
f 2190/35/1297 3966/262/1297 3972/250/1297
f 2199/29/1333 3990/257/1333 3981/255/1333
f 2202/49/1359 3993/237/1359 2205/48/1359
f 2205/48/1306 4002/204/1306 2217/3/1306
f 2208/27/1360 4005/209/1360 3990/257/1360
f 2307/45/1301 3996/239/1301 2211/49/1301
f 2211/49/1359 3987/237/1359 2245/48/1359
f 2214/29/1333 4027/257/1333 4000/255/1333
f 2304/31/1302 4000/255/1302 4086/252/1302
f 2217/3/1344 4011/218/1344 2235/6/1344
f 2232/23/1361 4005/209/1361 2220/26/1361
f 2223/53/1309 4083/258/1309 4020/209/1309
f 2247/27/1360 4020/209/1360 4027/257/1360
f 2238/3/1350 4017/280/1350 4014/218/1350
f 2229/6/1310 4072/236/1310 2292/7/1310
f 2298/21/1311 4008/258/1311 2232/23/1311
f 2235/6/1310 4080/236/1310 2250/7/1310
f 2245/48/1307 4023/204/1307 2238/3/1307
f 2301/21/1312 4083/258/1312 2241/23/1312
f 2250/7/1313 4038/234/1313 2259/9/1313
f 2292/7/1313 4032/234/1313 2253/9/1313
f 2253/9/1338 4074/261/1338 2295/10/1338
f 2283/103/1362 4035/227/1362 2256/19/1362
f 2256/19/1316 4077/223/1316 2298/21/1316
f 2259/9/1338 4065/261/1338 2286/10/1338
f 2289/103/1362 4041/227/1362 2262/19/1362
f 2262/19/1316 4029/223/1316 2301/21/1316
f 2271/12/1321 4044/195/1321 2265/14/1321
f 2265/14/1339 4053/229/1339 2274/16/1339
f 2277/12/1321 4047/195/1321 2268/14/1321
f 2268/14/1339 4059/259/1339 2280/16/1339
f 2286/10/1323 4050/231/1323 2271/12/1323
f 2274/16/1318 4068/226/1318 2289/103/1318
f 2295/10/1323 4056/231/1323 2277/12/1323
f 2280/16/1318 4062/226/1318 2283/103/1318
f 2425/1/1103 2458/1/1103 2461/1/1103
f 3685/1/1103 3568/1/1103 3550/1/1103
f 2572/1/1103 2575/1/1103 2578/1/1103
f 2695/1/1103 2800/1/1103 2698/1/1103
f 2884/1/1103 2887/1/1103 2890/1/1103
f 3004/1/1103 3088/1/1103 3007/1/1103
f 3367/1/1103 3412/1/1103 3370/1/1103
f 3478/1/1103 3484/1/1103 3481/1/1103
f 3585/1/1103 3675/1/1103 3589/1/1103
f 3784/1/1103 3787/1/1103 3781/1/1103
f 3964/1/1103 3949/1/1103 3946/1/1103
f 96/1/1 95/1/1 1/1/1
f 83/1/2 86/1/2 87/1/2
f 83/1/3 84/1/3 81/1/3
f 77/1/1363 80/1/1363 78/1/1363
f 70/1/1364 68/1/1364 64/1/1364
f 62/1/6 65/1/6 67/1/6
f 62/1/7 63/1/7 60/1/7
f 50/1/1365 51/1/1365 48/1/1365
f 38/1/9 39/1/9 36/1/9
f 35/1/10 36/1/10 33/1/10
f 29/1/1366 32/1/1366 30/1/1366
f 22/1/1367 20/1/1367 16/1/1367
f 14/1/13 17/1/13 19/1/13
f 14/1/14 15/1/14 12/1/14
f 190/1/1368 192/1/1368 99/1/1368
f 108/1/16 111/1/16 110/1/16
f 115/1/17 113/1/17 110/1/17
f 112/1/1369 116/1/1369 118/1/1369
f 126/1/1370 128/1/1370 125/1/1370
f 129/1/20 132/1/20 131/1/20
f 135/1/21 134/1/21 131/1/21
f 147/1/1371 146/1/1371 143/1/1371
f 159/1/23 158/1/23 155/1/23
f 159/1/24 163/1/24 161/1/24
f 164/1/1372 166/1/1372 162/1/1372
f 174/1/1373 176/1/1373 173/1/1373
f 177/1/27 180/1/27 179/1/27
f 183/1/28 182/1/28 179/1/28
f 2/1/29 97/1/29 191/1/29
f 4/1/30 100/1/30 97/1/30
f 6/1/31 102/1/31 100/1/31
f 8/1/32 104/1/32 102/1/32
f 10/1/33 106/1/33 104/1/33
f 13/1/34 109/1/34 106/1/34
f 16/1/35 112/1/35 109/1/35
f 20/1/36 116/1/36 112/1/36
f 23/1/37 119/1/37 116/1/37
f 25/1/38 121/1/38 119/1/38
f 27/1/39 123/1/39 121/1/39
f 30/1/40 126/1/40 123/1/40
f 34/1/41 130/1/41 126/1/41
f 37/1/42 133/1/42 130/1/42
f 40/1/43 136/1/43 133/1/43
f 42/1/44 138/1/44 136/1/44
f 44/1/45 140/1/45 138/1/45
f 46/1/46 142/1/46 140/1/46
f 49/1/47 145/1/47 142/1/47
f 52/1/48 148/1/48 145/1/48
f 54/1/49 150/1/49 148/1/49
f 56/1/50 152/1/50 150/1/50
f 58/1/51 154/1/51 152/1/51
f 61/1/52 157/1/52 154/1/52
f 64/1/53 160/1/53 157/1/53
f 68/1/54 164/1/54 160/1/54
f 71/1/55 167/1/55 164/1/55
f 73/1/56 169/1/56 167/1/56
f 75/1/57 171/1/57 169/1/57
f 78/1/58 174/1/58 171/1/58
f 82/1/59 178/1/59 174/1/59
f 85/1/60 181/1/60 178/1/60
f 88/1/61 184/1/61 181/1/61
f 90/1/62 186/1/62 184/1/62
f 92/1/63 188/1/63 186/1/63
f 94/1/64 191/1/64 188/1/64
f 355/1/1374 362/1/1374 364/1/1374
f 356/1/178 364/1/178 361/1/178
f 352/1/179 358/1/179 360/1/179
f 353/1/1375 360/1/1375 357/1/1375
f 349/1/181 355/1/181 356/1/181
f 350/1/1376 356/1/1376 354/1/1376
f 352/1/1377 353/1/1377 347/1/1377
f 353/1/1378 351/1/1378 345/1/1378
f 342/1/1379 349/1/1379 350/1/1379
f 350/1/1380 348/1/1380 341/1/1380
f 339/1/187 342/1/187 343/1/187
f 343/1/1381 341/1/1381 338/1/1381
f 339/1/1382 340/1/1382 337/1/1382
f 337/1/1383 340/1/1383 338/1/1383
f 331/1/1384 333/1/1384 329/1/1384
f 333/1/1385 330/1/1385 327/1/1385
f 323/1/193 325/1/193 317/1/193
f 317/1/1386 325/1/1386 322/1/1386
f 310/1/195 319/1/195 321/1/195
f 313/1/1387 321/1/1387 318/1/1387
f 304/1/1388 307/1/1388 309/1/1388
f 305/1/1389 309/1/1389 306/1/1389
f 304/1/199 305/1/199 298/1/199
f 298/1/1390 305/1/1390 303/1/1390
f 294/1/1391 300/1/1391 302/1/1391
f 295/1/1392 302/1/1392 299/1/1392
f 291/1/1393 297/1/1393 298/1/1393
f 292/1/1394 298/1/1394 296/1/1394
f 294/1/205 295/1/205 289/1/205
f 295/1/206 293/1/206 287/1/206
f 291/1/1395 292/1/1395 285/1/1395
f 292/1/208 290/1/208 283/1/208
f 284/1/209 285/1/209 282/1/209
f 285/1/210 283/1/210 280/1/210
f 269/1/1396 276/1/1396 278/1/1396
f 270/1/1397 278/1/1397 275/1/1397
f 266/1/1398 272/1/1398 274/1/1398
f 267/1/1399 274/1/1399 271/1/1399
f 263/1/1400 269/1/1400 270/1/1400
f 264/1/216 270/1/216 268/1/216
f 266/1/1401 267/1/1401 261/1/1401
f 267/1/218 265/1/218 259/1/218
f 263/1/1402 264/1/1402 257/1/1402
f 264/1/1403 262/1/1403 255/1/1403
f 256/1/1404 257/1/1404 254/1/1404
f 254/1/1405 257/1/1405 255/1/1405
f 253/1/1406 254/1/1406 251/1/1406
f 251/1/1407 254/1/1407 252/1/1407
f 245/1/225 247/1/225 243/1/225
f 247/1/226 244/1/226 241/1/226
f 228/1/227 237/1/227 239/1/227
f 231/1/228 239/1/228 236/1/228
f 224/1/1408 233/1/1408 235/1/1408
f 227/1/230 235/1/230 232/1/230
f 218/1/1409 221/1/1409 223/1/1409
f 223/1/232 220/1/232 217/1/232
f 218/1/1410 219/1/1410 212/1/1410
f 219/1/1411 217/1/1411 210/1/1411
f 208/1/1412 214/1/1412 216/1/1412
f 209/1/236 216/1/236 213/1/236
f 211/1/1413 212/1/1413 206/1/1413
f 206/1/1414 212/1/1414 210/1/1414
f 208/1/1415 209/1/1415 203/1/1415
f 209/1/240 207/1/240 201/1/240
f 205/1/241 206/1/241 199/1/241
f 206/1/1416 204/1/1416 197/1/1416
f 198/1/1417 199/1/1417 196/1/1417
f 199/1/1418 197/1/1418 194/1/1418
f 365/1/1419 369/1/1419 371/1/1419
f 368/1/1420 371/1/1420 370/1/1420
f 369/1/1421 376/1/1421 378/1/1421
f 371/1/248 378/1/248 377/1/248
f 372/1/1422 379/1/1422 381/1/1422
f 375/1/250 381/1/250 380/1/250
f 382/1/1423 384/1/1423 378/1/1423
f 384/1/1424 383/1/1424 377/1/1424
f 386/1/1425 388/1/1425 381/1/1425
f 388/1/1426 385/1/1426 380/1/1426
f 382/1/255 389/1/255 391/1/255
f 384/1/1427 391/1/1427 390/1/1427
f 389/1/1428 393/1/1428 395/1/1428
f 395/1/258 392/1/258 390/1/258
f 405/1/259 407/1/259 399/1/259
f 407/1/1429 404/1/1429 397/1/1429
f 400/1/261 409/1/261 411/1/261
f 411/1/262 408/1/262 401/1/262
f 412/1/263 417/1/263 419/1/263
f 415/1/1430 419/1/1430 416/1/1430
f 424/1/1431 426/1/1431 423/1/1431
f 423/1/1432 426/1/1432 425/1/1432
f 427/1/1433 429/1/1433 426/1/1433
f 426/1/1434 429/1/1434 428/1/1434
f 427/1/1435 434/1/1435 436/1/1435
f 429/1/1436 436/1/1436 435/1/1436
f 430/1/1437 437/1/1437 439/1/1437
f 433/1/1438 439/1/1438 438/1/1438
f 440/1/1439 442/1/1439 436/1/1439
f 442/1/274 441/1/274 435/1/274
f 444/1/275 446/1/275 439/1/275
f 446/1/276 443/1/276 438/1/276
f 448/1/1440 450/1/1440 442/1/1440
f 450/1/278 447/1/278 441/1/278
f 451/1/1441 455/1/1441 457/1/1441
f 454/1/1442 457/1/1442 456/1/1442
f 455/1/1443 462/1/1443 464/1/1443
f 457/1/1444 464/1/1444 463/1/1444
f 458/1/1445 465/1/1445 467/1/1445
f 461/1/284 467/1/284 466/1/284
f 468/1/1446 470/1/1446 464/1/1446
f 464/1/1447 470/1/1447 469/1/1447
f 472/1/287 474/1/287 467/1/287
f 474/1/1448 471/1/1448 466/1/1448
f 475/1/1449 477/1/1449 470/1/1449
f 470/1/1450 477/1/1450 476/1/1450
f 475/1/1451 479/1/1451 481/1/1451
f 481/1/1452 478/1/1452 476/1/1452
f 491/1/293 493/1/293 485/1/293
f 493/1/1453 490/1/1453 483/1/1453
f 486/1/1454 495/1/1454 497/1/1454
f 497/1/1455 494/1/1455 487/1/1455
f 498/1/297 503/1/297 505/1/297
f 501/1/298 505/1/298 502/1/298
f 506/1/1456 510/1/1456 512/1/1456
f 509/1/1457 512/1/1457 511/1/1457
f 510/1/1458 513/1/1458 515/1/1458
f 515/1/1459 514/1/1459 511/1/1459
f 513/1/303 520/1/303 522/1/303
f 522/1/1460 521/1/1460 514/1/1460
f 516/1/305 523/1/305 525/1/305
f 519/1/1461 525/1/1461 524/1/1461
f 526/1/1462 528/1/1462 522/1/1462
f 528/1/308 527/1/308 521/1/308
f 523/1/309 530/1/309 532/1/309
f 532/1/310 529/1/310 524/1/310
f 534/1/1463 536/1/1463 528/1/1463
f 536/1/1464 533/1/1464 527/1/1464
f 2244/1/313 2246/1/313 2240/1/313
f 2246/2/1465 2245/48/1465 2238/3/1465
f 2230/1/364 2239/1/364 2240/1/364
f 2231/5/1466 2240/4/1466 2238/3/1466
f 2292/7/365 2294/51/365 2231/5/365
f 2231/1/555 2294/1/555 2293/1/555
f 2254/1/1467 2293/1/1467 2294/1/1467
f 2255/8/620 2294/51/620 2292/7/620
f 2295/10/1468 2297/11/1468 2255/8/1468
f 2297/1/368 2296/1/368 2254/1/368
f 2296/1/516 2297/1/516 2279/1/516
f 2297/11/324 2295/10/324 2277/12/324
f 2269/1/623 2278/1/623 2279/1/623
f 2279/13/370 2277/12/370 2268/14/370
f 2280/16/1469 2282/18/1469 2270/15/1469
f 2282/1/648 2281/1/648 2269/1/648
f 2280/16/371 2283/103/371 2285/17/371
f 2282/1/372 2285/1/372 2284/1/372
f 2257/1/373 2284/1/373 2285/1/373
f 2285/17/505 2283/103/505 2256/19/505
f 2298/21/1470 2300/22/1470 2258/20/1470
f 2300/1/334 2299/1/334 2257/1/334
f 2299/1/335 2300/1/335 2234/1/335
f 2300/22/1471 2298/21/1471 2232/23/1471
f 2221/1/377 2233/1/377 2234/1/377
f 2222/25/691 2234/24/691 2232/23/691
f 2209/1/339 2221/1/339 2222/1/339
f 2222/25/1472 2220/26/1472 2208/27/1472
f 2200/1/449 2209/1/449 2210/1/449
f 2210/28/683 2208/27/683 2199/29/683
f 2173/1/452 2200/1/452 2201/1/452
f 2201/30/481 2199/29/481 2172/31/481
f 2173/1/345 2174/1/345 2171/1/345
f 2171/33/651 2174/32/651 2172/31/651
f 2170/1/347 2171/1/347 2168/1/347
f 2171/33/483 2169/34/483 2166/35/483
f 2167/1/1473 2168/1/1473 2156/1/1473
f 2168/36/454 2166/35/454 2154/37/454
f 2152/39/533 2163/43/533 2165/40/533
f 2153/1/1474 2165/1/1474 2164/1/1474
f 2178/42/1475 2180/44/1475 2165/40/1475
f 2180/1/354 2179/1/354 2164/1/354
f 2179/1/355 2180/1/355 2177/1/355
f 2180/44/356 2178/42/356 2175/45/356
f 2175/45/357 2202/49/357 2204/47/357
f 2177/1/553 2204/1/553 2203/1/553
f 2205/48/359 2207/50/359 2204/47/359
f 2207/1/360 2206/1/360 2203/1/360
f 2205/48/1476 2217/3/1476 2219/4/1476
f 2207/1/362 2219/1/362 2218/1/362
f 2235/6/316 2237/5/316 2219/4/316
f 2219/1/364 2237/1/364 2236/1/364
f 2235/6/1477 2250/7/1477 2252/51/1477
f 2237/1/555 2252/1/555 2251/1/555
f 2250/7/1478 2259/9/1478 2261/8/1478
f 2252/1/319 2261/1/319 2260/1/319
f 2286/10/1479 2288/11/1479 2261/8/1479
f 2288/1/1480 2287/1/1480 2260/1/1480
f 2287/1/323 2288/1/323 2273/1/323
f 2288/11/1481 2286/10/1481 2271/12/1481
f 2266/1/623 2272/1/623 2273/1/623
f 2267/15/326 2273/13/326 2271/12/326
f 2274/16/1469 2276/18/1469 2267/15/1469
f 2276/1/648 2275/1/648 2266/1/648
f 2274/16/1482 2289/103/1482 2291/17/1482
f 2276/1/475 2291/1/475 2290/1/475
f 2263/1/1483 2290/1/1483 2291/1/1483
f 2291/17/682 2289/103/682 2262/19/682
f 2301/21/1470 2303/22/1470 2264/20/1470
f 2303/1/506 2302/1/506 2263/1/506
f 2302/1/477 2303/1/477 2243/1/477
f 2243/24/1484 2303/22/1484 2301/21/1484
f 2224/1/377 2242/1/377 2243/1/377
f 2225/52/691 2243/24/691 2241/23/691
f 609/54/379 611/99/379 605/55/379
f 611/1/1485 610/1/1485 603/1/1485
f 589/1/1486 610/1/1486 611/1/1486
f 590/57/1487 611/99/1487 609/54/1487
f 571/1/468 589/1/468 590/1/468
f 572/59/1488 590/57/1488 588/58/1488
f 585/61/434 587/62/434 572/59/434
f 587/1/471 586/1/471 571/1/471
f 559/1/435 586/1/435 587/1/435
f 587/62/1489 585/61/1489 558/63/1489
f 559/1/1490 560/1/1490 545/1/1490
f 560/64/695 558/63/695 543/65/695
f 543/65/1491 555/68/1491 557/67/1491
f 545/1/1492 557/1/1492 556/1/1492
f 555/68/583 582/71/583 584/69/583
f 557/1/608 584/1/608 583/1/608
f 568/1/441 583/1/441 584/1/441
f 569/70/440 584/69/440 582/71/440
f 579/73/1493 581/75/1493 569/70/1493
f 581/1/495 580/1/495 568/1/495
f 579/73/546 591/77/546 593/74/546
f 593/1/400 592/1/400 580/1/400
f 597/76/1494 599/79/1494 593/74/1494
f 593/1/1495 599/1/1495 598/1/1495
f 597/76/527 615/81/527 617/78/527
f 617/1/404 616/1/404 598/1/404
f 624/80/547 626/83/547 617/78/547
f 617/1/1496 626/1/1496 625/1/1496
f 639/82/548 641/85/548 626/83/548
f 626/1/408 641/1/408 640/1/408
f 645/84/549 647/87/549 641/85/549
f 647/1/530 646/1/530 640/1/530
f 645/84/531 666/114/531 668/86/531
f 668/1/412 667/1/412 646/1/412
f 667/1/532 668/1/532 665/1/532
f 668/86/414 666/114/414 663/39/414
f 652/1/456 660/1/456 662/1/456
f 662/88/500 661/104/500 651/89/500
f 649/1/417 652/1/417 653/1/417
f 653/90/580 651/89/580 648/91/580
f 643/1/459 649/1/459 650/1/459
f 650/92/460 648/91/460 642/93/460
f 643/1/462 644/1/462 623/1/462
f 623/95/422 644/94/422 642/93/422
f 622/1/511 623/1/511 620/1/511
f 623/95/654 621/96/654 618/97/654
f 601/1/465 619/1/465 620/1/465
f 620/98/692 618/97/692 600/56/692
f 595/1/427 601/1/427 602/1/427
f 602/55/1497 600/56/1497 594/54/1497
f 577/1/1498 595/1/1498 596/1/1498
f 578/57/1499 596/99/1499 594/54/1499
f 577/1/1500 578/1/1500 566/1/1500
f 566/59/1501 578/57/1501 576/58/1501
f 565/1/1502 566/1/1502 554/1/1502
f 566/59/385 564/60/385 552/61/385
f 553/1/387 554/1/387 551/1/387
f 551/64/1503 554/62/1503 552/61/1503
f 550/1/1490 551/1/1490 542/1/1490
f 542/66/695 551/64/695 549/63/695
f 538/1/392 541/1/392 542/1/392
f 542/66/391 540/65/391 537/68/391
f 537/68/583 546/71/583 548/69/583
f 548/1/394 547/1/394 538/1/394
f 546/71/1504 561/72/1504 563/70/1504
f 548/1/1505 563/1/1505 562/1/1505
f 573/73/442 575/75/442 563/70/442
f 575/1/443 574/1/443 562/1/443
f 573/73/1506 606/77/1506 608/74/1506
f 575/1/445 608/1/445 607/1/445
f 2226/26/691 2228/25/691 2225/52/691
f 2228/1/1507 2227/1/1507 2224/1/1507
f 2247/27/480 2249/28/480 2228/25/480
f 2249/1/339 2248/1/339 2227/1/339
f 2215/1/449 2248/1/449 2249/1/449
f 2249/28/450 2247/27/450 2214/29/450
f 2304/31/451 2306/32/451 2216/30/451
f 2216/1/343 2306/1/343 2305/1/343
f 2305/1/345 2306/1/345 2186/1/345
f 2306/32/651 2304/31/651 2184/34/651
f 2184/34/483 2190/35/483 2192/36/483
f 2186/1/453 2192/1/453 2191/1/453
f 2191/1/349 2192/1/349 2162/1/349
f 2192/36/454 2190/35/454 2160/37/454
f 2196/100/455 2198/90/455 2162/88/455
f 2162/1/1508 2198/1/1508 2197/1/1508
f 2137/1/457 2197/1/457 2198/1/457
f 2198/90/484 2196/100/484 2136/91/484
f 2122/1/459 2137/1/459 2138/1/459
f 2123/94/420 2138/92/420 2136/91/420
f 2121/93/422 2142/96/422 2144/95/422
f 2144/1/421 2143/1/421 2122/1/421
f 2143/1/423 2144/1/423 2114/1/423
f 2144/95/424 2142/96/424 2112/97/424
f 2112/97/582 2313/56/582 2315/55/582
f 2114/1/465 2315/1/465 2314/1/465
f 2314/1/1509 2315/1/1509 2069/1/1509
f 2315/55/1510 2313/56/1510 2067/54/1510
f 2079/58/1511 2081/57/1511 2069/99/1511
f 2069/1/429 2081/1/429 2080/1/429
f 2050/1/431 2080/1/431 2081/1/431
f 2051/59/1512 2081/57/1512 2079/58/1512
f 2088/61/1513 2090/62/1513 2051/59/1513
f 2090/1/1514 2089/1/1514 2050/1/1514
f 2089/1/540 2090/1/540 2015/1/540
f 2090/62/1515 2088/61/1515 2013/63/1515
f 2016/102/1516 2018/142/1516 2015/64/1516
f 2018/1/436 2017/1/436 2014/1/436
f 2028/16/327 2030/18/327 2003/15/327
f 2030/1/328 2029/1/328 2001/1/328
f 1987/1/1517 2029/1/1517 2030/1/1517
f 1988/17/371 2030/18/371 2028/16/371
f 1992/19/517 1994/20/517 1988/17/517
f 1994/1/373 1993/1/373 1987/1/373
f 1992/19/1518 1998/21/1518 2000/22/1518
f 1994/1/506 2000/1/506 1999/1/506
f 1984/1/477 1999/1/477 2000/1/477
f 1985/24/1471 2000/22/1471 1998/21/1471
f 1983/23/479 2094/26/479 2096/25/479
f 2096/1/377 2095/1/377 1984/1/377
f 1960/1/1519 2095/1/1519 2096/1/1519
f 1961/28/340 2096/25/340 2094/26/340
f 1959/27/450 1965/29/450 1967/30/450
f 1961/1/1520 1967/1/1520 1966/1/1520
f 1966/1/343 1967/1/343 1955/1/343
f 1967/30/481 1965/29/481 1953/31/481
f 1953/31/482 1971/34/482 1973/33/482
f 1955/1/345 1973/1/345 1972/1/345
f 1933/1/453 1972/1/453 1973/1/453
f 1934/36/483 1973/33/483 1971/34/483
f 1938/37/454 1940/38/454 1934/36/454
f 1940/1/349 1939/1/349 1933/1/349
f 1938/104/455 1944/100/455 1946/90/455
f 1940/1/456 1946/1/456 1945/1/456
f 1945/1/417 1946/1/417 1931/1/417
f 1931/92/484 1946/90/484 1944/100/484
f 1929/91/420 1977/93/420 1979/94/420
f 1931/1/459 1979/1/459 1978/1/459
f 1912/1/462 1978/1/462 1979/1/462
f 1913/95/422 1979/94/422 1977/93/422
f 1917/97/424 1919/98/424 1913/95/424
f 1919/1/423 1918/1/423 1912/1/423
f 1918/1/465 1919/1/465 1907/1/465
f 1919/98/487 1917/97/487 1905/56/487
f 1905/56/519 1923/54/519 1925/99/519
f 1907/1/427 1925/1/427 1924/1/427
f 1924/1/381 1925/1/381 1883/1/381
f 1925/99/1511 1923/54/1511 1881/58/1511
f 1881/58/1521 1887/60/1521 1889/59/1521
f 1889/1/468 1888/1/468 1882/1/468
f 1887/60/521 1893/61/521 1895/62/521
f 1889/1/433 1895/1/433 1894/1/433
f 1879/1/435 1894/1/435 1895/1/435
f 1880/64/473 1895/62/473 1893/61/473
f 1879/1/436 1880/1/436 1874/1/436
f 1880/64/541 1878/63/541 1872/65/541
f 1872/65/574 1875/68/574 1877/67/574
f 1874/1/542 1877/1/542 1876/1/542
f 1890/71/522 1892/69/522 1877/67/522
f 1892/1/394 1891/1/394 1876/1/394
f 1891/1/441 1892/1/441 1886/1/441
f 1892/69/544 1890/71/544 1884/72/544
f 1920/73/523 1922/75/523 1886/70/523
f 1886/1/398 1922/1/398 1921/1/398
f 1903/1/400 1921/1/400 1922/1/400
f 1904/74/546 1922/75/546 1920/73/546
f 1903/1/402 1904/1/402 1898/1/402
f 1904/74/1494 1902/77/1494 1896/105/1494
f 1818/27/1522 1820/28/1522 1814/25/1522
f 1820/1/339 1819/1/339 1812/1/339
f 1804/1/449 1819/1/449 1820/1/449
f 1805/30/450 1820/28/450 1818/27/450
f 1803/29/481 1857/31/481 1859/32/481
f 1805/1/343 1859/1/343 1858/1/343
f 1858/1/345 1859/1/345 1787/1/345
f 1859/32/482 1857/31/482 1785/108/482
f 1791/35/483 1793/36/483 1787/33/483
f 1793/1/453 1792/1/453 1786/1/453
f 1792/1/349 1793/1/349 1772/1/349
f 1793/36/508 1791/35/508 1770/37/508
f 1776/100/455 1778/90/455 1772/88/455
f 1772/1/1508 1778/1/1508 1777/1/1508
f 1776/100/484 1797/91/484 1799/92/484
f 1778/1/417 1799/1/417 1798/1/417
f 1762/1/419 1798/1/419 1799/1/419
f 1763/94/668 1799/92/668 1797/91/668
f 1767/96/653 1769/95/653 1763/94/653
f 1769/1/421 1768/1/421 1762/1/421
f 1768/1/511 1769/1/511 1757/1/511
f 1757/98/424 1769/95/424 1767/96/424
f 1866/56/512 1868/55/512 1757/98/512
f 1757/1/465 1868/1/465 1867/1/465
f 1867/1/427 1868/1/427 1739/1/427
f 1868/55/519 1866/56/519 1737/54/519
f 1737/54/467 1743/58/467 1745/57/467
f 1745/1/381 1744/1/381 1738/1/381
f 1744/1/431 1745/1/431 1724/1/431
f 1724/59/489 1745/57/489 1743/58/489
f 1722/60/539 1728/61/539 1730/62/539
f 1730/1/433 1729/1/433 1723/1/433
f 1711/1/540 1729/1/540 1730/1/540
f 1712/64/491 1730/62/491 1728/61/491
f 1711/1/436 1712/1/436 1706/1/436
f 1712/64/502 1710/63/502 1704/109/502
f 1713/16/503 1715/18/503 1703/15/503
f 1715/1/328 1714/1/328 1701/1/328
f 1696/1/570 1714/1/570 1715/1/570
f 1697/17/371 1715/18/371 1713/16/371
f 1749/19/517 1751/20/517 1697/17/517
f 1697/1/373 1751/1/373 1750/1/373
f 1678/1/1523 1750/1/1523 1751/1/1523
f 1751/20/333 1749/19/333 1677/21/333
f 1683/23/507 1685/24/507 1679/22/507
f 1679/1/335 1685/1/335 1684/1/335
f 1663/1/337 1684/1/337 1685/1/337
f 1685/24/479 1683/23/479 1662/26/479
f 1668/27/340 1670/28/340 1664/25/340
f 1670/1/339 1669/1/339 1663/1/339
f 1689/29/450 1691/30/450 1670/28/450
f 1670/1/341 1691/1/341 1690/1/341
f 1654/1/452 1690/1/452 1691/1/452
f 1655/32/1524 1691/30/1524 1689/29/1524
f 1659/34/482 1661/33/482 1655/32/482
f 1661/1/499 1660/1/499 1654/1/499
f 1660/1/347 1661/1/347 1649/1/347
f 1661/33/483 1659/34/483 1647/35/483
f 1869/37/454 1871/38/454 1649/36/454
f 1871/1/349 1870/1/349 1648/1/349
f 1618/1/456 1870/1/456 1871/1/456
f 1871/88/500 1869/101/500 1617/89/500
f 1617/89/484 1623/91/484 1625/92/484
f 1619/1/417 1625/1/417 1624/1/417
f 1603/1/459 1624/1/459 1625/1/459
f 1604/94/420 1625/92/420 1623/91/420
f 1608/96/653 1610/95/653 1604/94/653
f 1610/1/462 1609/1/462 1603/1/462
f 1608/96/424 1629/97/424 1631/98/424
f 1610/1/423 1631/1/423 1630/1/423
f 1630/1/693 1631/1/693 1592/1/693
f 1631/98/487 1629/97/487 1590/111/487
f 1638/1/680 1640/1/680 1535/1/680
f 1640/4/514 1639/3/514 1533/6/514
f 1533/6/556 1545/7/556 1547/51/556
f 1535/1/555 1547/1/555 1546/1/555
f 1546/1/367 1547/1/367 1541/1/367
f 1547/51/320 1545/7/320 1539/9/320
f 1539/9/622 1575/10/622 1577/11/622
f 1541/1/557 1577/1/557 1576/1/557
f 1555/1/516 1576/1/516 1577/1/516
f 1577/11/324 1575/10/324 1554/12/324
f 1555/1/623 1556/1/623 1553/1/623
f 1556/13/569 1554/12/569 1551/14/569
f 1551/14/474 1557/16/474 1559/18/474
f 1553/1/648 1559/1/648 1558/1/648
f 1578/103/670 1580/17/670 1559/18/670
f 1580/1/330 1579/1/330 1558/1/330
f 1579/1/373 1580/1/373 1544/1/373
f 1580/17/476 1578/103/476 1542/19/476
f 1542/19/375 1548/21/375 1550/22/375
f 1544/1/506 1550/1/506 1549/1/506
f 1537/1/477 1549/1/477 1550/1/477
f 1538/24/1471 1550/22/1471 1548/21/1471
f 1536/113/479 1641/26/479 1643/25/479
f 1643/1/377 1642/1/377 1537/1/377
f 1513/1/1519 1642/1/1519 1643/1/1519
f 1514/28/340 1643/25/340 1641/26/340
f 1512/27/450 1518/29/450 1520/30/450
f 1514/1/1520 1520/1/1520 1519/1/1520
f 1519/1/343 1520/1/343 1496/1/343
f 1520/30/481 1518/29/481 1494/31/481
f 1494/31/482 1500/34/482 1502/33/482
f 1496/1/345 1502/1/345 1501/1/345
f 1524/35/483 1526/36/483 1502/33/483
f 1502/1/347 1526/1/347 1525/1/347
f 1525/1/349 1526/1/349 1487/1/349
f 1526/36/454 1524/35/454 1485/37/454
f 1485/104/455 1491/100/455 1493/90/455
f 1487/1/456 1493/1/456 1492/1/456
f 1492/1/417 1493/1/417 1481/1/417
f 1481/92/484 1493/90/484 1491/100/484
f 1479/91/420 1530/93/420 1532/94/420
f 1481/1/419 1532/1/419 1531/1/419
f 1468/1/421 1531/1/421 1532/1/421
f 1469/95/422 1532/94/422 1530/93/422
f 1467/96/424 1473/97/424 1475/98/424
f 1475/1/423 1474/1/423 1468/1/423
f 1453/1/465 1474/1/465 1475/1/465
f 1454/55/487 1475/98/487 1473/97/487
f 1458/54/519 1460/99/519 1454/55/519
f 1460/1/427 1459/1/427 1453/1/427
f 1450/1/429 1459/1/429 1460/1/429
f 1451/57/1511 1460/99/1511 1458/54/1511
f 1450/1/1500 1451/1/1500 1442/1/1500
f 1451/57/638 1449/58/638 1440/60/638
f 1446/61/490 1448/62/490 1442/59/490
f 1448/1/471 1447/1/471 1441/1/471
f 1435/1/435 1447/1/435 1448/1/435
f 1448/62/491 1446/61/491 1434/63/491
f 1435/1/436 1436/1/436 1427/1/436
f 1436/64/390 1434/63/390 1425/65/390
f 1425/65/391 1431/68/391 1433/67/391
f 1427/1/542 1433/1/542 1432/1/542
f 1432/1/439 1433/1/439 1430/1/439
f 1433/67/492 1431/68/492 1428/71/492
f 1428/71/544 1437/72/544 1439/70/544
f 1430/1/634 1439/1/634 1438/1/634
f 1437/72/1525 1443/73/1525 1445/75/1525
f 1439/1/443 1445/1/443 1444/1/443
f 1455/77/496 1457/74/496 1445/75/496
f 1457/1/525 1456/1/525 1444/1/525
f 1455/77/526 1470/76/526 1472/79/526
f 1457/1/402 1472/1/402 1471/1/402
f 1471/1/404 1472/1/404 1466/1/404
f 1472/79/527 1470/76/527 1464/81/527
f 1462/1/406 1465/1/406 1466/1/406
f 1466/78/547 1464/81/547 1461/80/547
f 1527/82/1526 1529/85/1526 1463/83/1526
f 1529/1/408 1528/1/408 1462/1/408
f 1477/1/530 1528/1/530 1529/1/530
f 1529/85/409 1527/82/409 1476/84/409
f 1488/114/531 1490/86/531 1478/87/531
f 1490/1/641 1489/1/641 1477/1/641
f 1489/1/532 1490/1/532 1484/1/532
f 1490/86/414 1488/114/414 1482/39/414
f 1482/39/533 1521/43/533 1523/40/533
f 1484/1/352 1523/1/352 1522/1/352
f 1522/1/565 1523/1/565 1499/1/565
f 1499/44/353 1523/40/353 1521/43/353
f 1515/45/534 1517/46/534 1499/44/534
f 1517/1/355 1516/1/355 1498/1/355
f 1510/1/358 1516/1/358 1517/1/358
f 1511/47/535 1517/46/535 1515/45/535
f 1504/1/360 1510/1/360 1511/1/360
f 1505/50/359 1511/47/359 1509/49/359
f 1506/115/1476 1508/141/1476 1505/50/1476
f 1508/1/362 1507/1/362 1504/1/362
f 1599/54/519 1601/99/519 1595/55/519
f 1601/1/427 1600/1/427 1593/1/427
f 1585/1/381 1600/1/381 1601/1/381
f 1586/57/467 1601/99/467 1599/54/467
f 1584/58/489 1635/60/489 1637/59/489
f 1637/1/1527 1636/1/1527 1585/1/1527
f 1636/1/471 1637/1/471 1568/1/471
f 1568/62/1528 1637/59/1528 1635/60/1528
f 1566/61/491 1572/63/491 1574/64/491
f 1568/1/387 1574/1/387 1573/1/387
f 1573/1/389 1574/1/389 1571/1/389
f 1574/64/502 1572/63/502 1569/65/502
f 1564/1/392 1570/1/392 1571/1/392
f 1565/67/574 1571/66/574 1569/65/574
f 1564/1/439 1565/1/439 1562/1/439
f 1565/67/522 1563/68/522 1560/71/522
f 1632/72/563 1634/70/563 1562/69/563
f 1562/1/634 1634/1/634 1633/1/634
f 1633/1/398 1634/1/398 1583/1/398
f 1634/70/523 1632/72/523 1581/73/523
f 1596/77/546 1598/74/546 1583/75/546
f 1598/1/525 1597/1/525 1582/1/525
f 1588/1/402 1597/1/402 1598/1/402
f 1589/79/640 1598/74/640 1596/77/640
f 1626/81/527 1628/78/527 1589/79/527
f 1628/1/404 1627/1/404 1588/1/404
f 1627/1/406 1628/1/406 1607/1/406
f 1628/78/547 1626/81/547 1605/80/547
f 1620/82/548 1622/85/548 1607/83/548
f 1622/1/408 1621/1/408 1606/1/408
f 1621/1/530 1622/1/530 1616/1/530
f 1622/85/409 1620/82/409 1614/84/409
f 1612/1/641 1615/1/641 1616/1/641
f 1616/87/531 1614/84/531 1611/114/531
f 1860/39/414 1862/41/414 1613/86/414
f 1862/1/532 1861/1/532 1612/1/532
f 1861/1/352 1862/1/352 1646/1/352
f 1646/40/533 1862/41/533 1860/39/533
f 1644/43/353 1656/42/353 1658/44/353
f 1658/1/565 1657/1/565 1645/1/565
f 1657/1/355 1658/1/355 1652/1/355
f 1652/46/356 1658/44/356 1656/42/356
f 1650/116/1529 1686/49/1529 1688/47/1529
f 1688/1/358 1687/1/358 1651/1/358
f 1666/1/360 1687/1/360 1688/1/360
f 1688/47/573 1686/49/573 1665/48/573
f 1680/3/619 1682/4/619 1667/50/619
f 1682/1/362 1681/1/362 1666/1/362
f 1681/1/364 1682/1/364 1676/1/364
f 1676/5/567 1682/4/567 1680/3/567
f 1675/1/318 1676/1/318 1673/1/318
f 1676/5/556 1674/6/556 1671/7/556
f 1671/7/320 1746/9/320 1748/8/320
f 1748/1/367 1747/1/367 1672/1/367
f 1747/1/368 1748/1/368 1694/1/368
f 1694/11/515 1748/8/515 1746/9/515
f 1692/10/324 1716/12/324 1718/13/324
f 1694/1/1530 1718/1/1530 1717/1/1530
f 1717/1/623 1718/1/623 1700/1/623
f 1718/13/569 1716/12/569 1698/117/569
f 1719/68/561 1721/67/561 1709/66/561
f 1721/1/392 1720/1/392 1707/1/392
f 1719/68/1531 1725/71/1531 1727/69/1531
f 1721/1/394 1727/1/394 1726/1/394
f 1740/72/493 1742/70/493 1727/69/493
f 1742/1/441 1741/1/441 1726/1/441
f 1735/1/443 1741/1/443 1742/1/443
f 1742/70/523 1740/72/523 1734/73/523
f 1732/1/525 1735/1/525 1736/1/525
f 1736/75/524 1734/73/524 1731/77/524
f 1863/76/640 1865/79/640 1733/74/640
f 1733/1/402 1865/1/402 1864/1/402
f 1753/1/404 1864/1/404 1865/1/404
f 1754/78/527 1865/79/527 1863/76/527
f 1764/80/547 1766/83/547 1754/78/547
f 1766/1/1532 1765/1/1532 1753/1/1532
f 1765/1/408 1766/1/408 1760/1/408
f 1766/83/612 1764/80/612 1758/82/612
f 1794/84/409 1796/87/409 1760/85/409
f 1760/1/530 1796/1/530 1795/1/530
f 1774/1/641 1795/1/641 1796/1/641
f 1775/86/531 1796/87/531 1794/84/531
f 1773/114/414 1788/39/414 1790/41/414
f 1775/1/550 1790/1/550 1789/1/550
f 1789/1/352 1790/1/352 1784/1/352
f 1790/41/533 1788/39/533 1782/43/533
f 1783/1/354 1784/1/354 1781/1/354
f 1781/44/353 1784/40/353 1782/43/353
f 1779/42/534 1854/116/534 1856/46/534
f 1781/1/355 1856/1/355 1855/1/355
f 1855/1/358 1856/1/358 1802/1/358
f 1802/47/535 1856/46/535 1854/116/535
f 1800/49/359 1815/48/359 1817/50/359
f 1802/1/360 1817/1/360 1816/1/360
f 1807/1/362 1816/1/362 1817/1/362
f 1817/50/619 1815/48/619 1806/3/619
f 1848/6/363 1850/5/363 1808/4/363
f 1850/1/364 1849/1/364 1807/1/364
f 1849/1/318 1850/1/318 1826/1/318
f 1826/51/556 1850/5/556 1848/6/556
f 1824/7/320 1842/9/320 1844/8/320
f 1826/1/367 1844/1/367 1843/1/367
f 1843/1/557 1844/1/557 1832/1/557
f 1832/11/515 1844/8/515 1842/9/515
f 1836/12/324 1838/13/324 1832/11/324
f 1832/1/1533 1838/1/1533 1837/1/1533
f 1837/1/623 1838/1/623 1835/1/623
f 1838/13/689 1836/12/689 1833/14/689
f 1833/14/474 1839/16/474 1841/18/474
f 1835/1/648 1841/1/648 1840/1/648
f 1845/103/371 1847/17/371 1841/18/371
f 1847/1/475 1846/1/475 1840/1/475
f 1822/1/331 1846/1/331 1847/1/331
f 1847/17/505 1845/103/505 1821/19/505
f 1827/21/333 1829/22/333 1823/20/333
f 1823/1/1523 1829/1/1523 1828/1/1523
f 1827/21/507 1851/23/507 1853/24/507
f 1829/1/335 1853/1/335 1852/1/335
f 1852/1/377 1853/1/377 1811/1/377
f 1853/24/378 1851/23/378 1809/119/378
f 1914/81/564 1916/78/564 1901/79/564
f 1916/1/585 1915/1/585 1899/1/585
f 1909/1/406 1915/1/406 1916/1/406
f 1910/83/547 1916/78/547 1914/81/547
f 1974/82/548 1976/85/548 1910/83/548
f 1976/1/408 1975/1/408 1909/1/408
f 1927/1/530 1975/1/530 1976/1/530
f 1976/85/409 1974/82/409 1926/84/409
f 1941/114/531 1943/86/531 1928/87/531
f 1928/1/641 1943/1/641 1942/1/641
f 1942/1/532 1943/1/532 1937/1/532
f 1943/86/414 1941/114/414 1935/39/414
f 1935/39/533 1968/43/533 1970/40/533
f 1937/1/352 1970/1/352 1969/1/352
f 1969/1/565 1970/1/565 1952/1/565
f 1970/40/353 1968/43/353 1950/42/353
f 1948/1/355 1951/1/355 1952/1/355
f 1952/44/534 1950/42/534 1947/45/534
f 1947/45/535 1962/49/535 1964/47/535
f 1949/1/358 1964/1/358 1963/1/358
f 1963/1/1534 1964/1/1534 1958/1/1534
f 1964/47/359 1962/49/359 1956/48/359
f 2091/3/361 2093/4/361 1958/50/361
f 2093/1/1535 2092/1/1535 1957/1/1535
f 1981/1/364 2092/1/364 2093/1/364
f 2093/4/514 2091/3/514 1980/6/514
f 1995/7/1536 1997/51/1536 1982/5/1536
f 1997/1/318 1996/1/318 1981/1/318
f 1996/1/367 1997/1/367 1991/1/367
f 1997/51/320 1995/7/320 1989/9/320
f 1989/9/622 2031/10/622 2033/11/622
f 1991/1/557 2033/1/557 2032/1/557
f 2011/1/516 2032/1/516 2033/1/516
f 2012/13/559 2033/11/559 2031/10/559
f 2011/1/325 2012/1/325 2006/1/325
f 2012/13/370 2010/12/370 2004/121/370
f 2025/68/1537 2027/67/1537 2009/66/1537
f 2027/1/392 2026/1/392 2007/1/392
f 2025/68/393 2046/71/393 2048/69/393
f 2027/1/394 2048/1/394 2047/1/394
f 2038/1/1538 2047/1/1538 2048/1/1538
f 2039/70/396 2048/69/396 2046/71/396
f 2076/73/1539 2078/75/1539 2039/70/1539
f 2078/1/398 2077/1/398 2038/1/398
f 2053/1/400 2077/1/400 2078/1/400
f 2054/74/546 2078/75/546 2076/73/546
f 2052/77/1494 2061/76/1494 2063/79/1494
f 2054/1/1495 2063/1/1495 2062/1/1495
f 2100/81/1540 2102/78/1540 2063/79/1540
f 2102/1/404 2101/1/404 2062/1/404
f 2100/81/547 2103/123/547 2105/83/547
f 2105/1/596 2104/1/596 2101/1/596
f 2115/82/407 2117/85/407 2105/83/407
f 2117/1/529 2116/1/529 2104/1/529
f 2127/84/409 2129/87/409 2117/85/409
f 2129/1/530 2128/1/530 2116/1/530
f 2127/84/531 2148/114/531 2150/86/531
f 2150/1/412 2149/1/412 2128/1/412
f 2152/39/1541 2153/41/1541 2150/86/1541
f 2153/1/532 2151/1/532 2149/1/532
f 2146/1/456 2155/1/456 2156/1/456
f 2156/88/500 2154/101/500 2145/100/500
f 2146/1/417 2147/1/417 2132/1/417
f 2132/92/458 2147/90/458 2145/100/458
f 2119/1/459 2131/1/459 2132/1/459
f 2132/92/420 2130/91/420 2118/93/420
f 2119/1/462 2120/1/462 2108/1/462
f 2108/95/1542 2120/94/1542 2118/93/1542
f 2107/1/511 2108/1/511 2099/1/511
f 2108/95/1543 2106/96/1543 2097/97/1543
f 2098/1/465 2099/1/465 2060/1/465
f 2060/55/487 2099/98/487 2097/97/487
f 2059/1/1544 2060/1/1544 2057/1/1544
f 2057/99/664 2060/55/664 2058/56/664
f 2055/54/1511 2073/58/1511 2075/57/1511
f 2075/1/381 2074/1/381 2056/1/381
f 2044/1/468 2074/1/468 2075/1/468
f 2045/59/1512 2075/57/1512 2073/58/1512
f 2085/61/539 2087/62/539 2045/59/539
f 2087/1/1545 2086/1/1545 2044/1/1545
f 2086/1/472 2087/1/472 2024/1/472
f 2024/64/1546 2087/62/1546 2085/61/1546
f 2020/1/436 2023/1/436 2024/1/436
f 2021/66/1547 2024/64/1547 2022/63/1547
f 2082/68/1548 2084/67/1548 2021/66/1548
f 2084/1/392 2083/1/392 2020/1/392
f 2035/1/543 2083/1/543 2084/1/543
f 2036/69/522 2084/67/522 2082/68/522
f 2034/71/575 2040/72/575 2042/70/575
f 2036/1/545 2042/1/545 2041/1/545
f 2040/72/397 2070/73/397 2072/75/397
f 2072/1/495 2071/1/495 2041/1/495
f 2071/1/525 2072/1/525 2066/1/525
f 2072/75/524 2070/73/524 2064/77/524
f 2310/76/1494 2312/79/1494 2066/74/1494
f 2066/1/1495 2312/1/1495 2311/1/1495
f 2311/1/1549 2312/1/1549 2111/1/1549
f 2111/78/564 2312/79/564 2310/76/564
f 2139/80/547 2141/83/547 2111/78/547
f 2111/1/596 2141/1/596 2140/1/596
f 2140/1/408 2141/1/408 2135/1/408
f 2141/83/1526 2139/80/1526 2133/82/1526
f 2125/1/410 2134/1/410 2135/1/410
f 2135/85/549 2133/82/549 2124/124/549
f 2124/124/1550 2193/114/1550 2195/86/1550
f 2195/1/412 2194/1/412 2125/1/412
f 2194/1/1551 2195/1/1551 2159/1/1551
f 2195/86/414 2193/114/414 2157/39/414
f 2187/43/1552 2189/40/1552 2159/41/1552
f 2159/1/352 2189/1/352 2188/1/352
f 2188/1/565 2189/1/565 2183/1/565
f 2189/40/636 2187/43/636 2181/42/636
f 2307/45/534 2309/46/534 2183/44/534
f 2309/1/552 2308/1/552 2182/1/552
f 2212/1/358 2308/1/358 2309/1/358
f 2213/47/535 2309/46/535 2307/45/535
f 2245/48/1553 2246/2/1553 2213/47/1553
f 2246/1/1554 2244/1/1554 2212/1/1554
f 606/77/1555 633/76/1555 635/79/1555
f 608/1/1556 635/1/1556 634/1/1556
f 634/1/404 635/1/404 614/1/404
f 635/79/1557 633/76/1557 612/81/1557
f 612/81/1558 627/123/1558 629/83/1558
f 614/1/1559 629/1/1559 628/1/1559
f 741/82/548 743/85/548 629/83/548
f 629/1/408 743/1/408 742/1/408
f 742/1/530 743/1/530 656/1/530
f 743/85/409 741/82/409 654/84/409
f 681/114/531 683/86/531 656/87/531
f 683/1/412 682/1/412 655/1/412
f 682/1/1551 683/1/1551 677/1/1551
f 683/86/1560 681/114/1560 675/39/1560
f 675/39/351 735/43/351 737/40/351
f 677/1/352 737/1/352 736/1/352
f 703/1/1561 736/1/1561 737/1/1561
f 704/44/636 737/40/636 735/43/636
f 702/42/534 729/45/534 731/46/534
f 704/1/355 731/1/355 730/1/355
f 730/1/553 731/1/553 710/1/553
f 731/46/535 729/45/535 708/49/535
f 723/48/1562 725/50/1562 710/47/1562
f 725/1/536 724/1/536 709/1/536
f 723/48/645 966/3/645 968/4/645
f 725/1/362 968/1/362 967/1/362
f 754/1/680 967/1/680 968/1/680
f 755/5/1563 968/4/1563 966/3/1563
f 777/7/365 779/51/365 755/5/365
f 779/1/555 778/1/555 754/1/555
f 766/1/319 778/1/319 779/1/319
f 767/8/1564 779/51/1564 777/7/1564
f 846/10/1565 848/11/1565 767/8/1565
f 848/1/368 847/1/368 766/1/368
f 847/1/1533 848/1/1533 809/1/1533
f 848/11/1566 846/10/1566 807/12/1566
f 808/1/325 809/1/325 800/1/325
f 809/13/560 807/12/560 798/125/560
f 810/68/391 812/67/391 797/66/391
f 812/1/392 811/1/392 795/1/392
f 810/68/492 819/71/492 821/69/492
f 812/1/394 821/1/394 820/1/394
f 834/72/493 836/70/493 821/69/493
f 821/1/634 836/1/634 835/1/634
f 835/1/398 836/1/398 830/1/398
f 836/70/523 834/72/523 828/73/523
f 843/77/524 845/74/524 830/75/524
f 845/1/525 844/1/525 829/1/525
f 843/77/401 861/76/401 863/79/401
f 845/1/402 863/1/402 862/1/402
f 862/1/1567 863/1/1567 860/1/1567
f 863/79/586 861/76/586 858/81/586
f 858/81/1558 873/80/1558 875/83/1558
f 860/1/1559 875/1/1559 874/1/1559
f 874/1/1568 875/1/1568 869/1/1568
f 875/83/1569 873/80/1569 867/82/1569
f 900/84/409 902/87/409 869/85/409
f 902/1/410 901/1/410 868/1/410
f 880/1/1570 901/1/1570 902/1/1570
f 902/87/1571 900/84/1571 879/114/1571
f 894/39/642 896/41/642 881/86/642
f 896/1/532 895/1/532 880/1/532
f 895/1/643 896/1/643 890/1/643
f 896/41/533 894/39/533 888/43/533
f 960/42/1572 962/44/1572 890/40/1572
f 962/1/354 961/1/354 889/1/354
f 910/1/355 961/1/355 962/1/355
f 962/44/534 960/42/534 909/45/534
f 907/1/553 910/1/553 911/1/553
f 911/46/535 909/45/535 906/49/535
f 924/48/1562 926/50/1562 908/47/1562
f 926/1/360 925/1/360 907/1/360
f 916/1/362 925/1/362 926/1/362
f 926/50/645 924/48/645 915/3/645
f 954/6/514 956/5/514 917/4/514
f 917/1/364 956/1/364 955/1/364
f 955/1/318 956/1/318 932/1/318
f 956/5/556 954/6/556 930/7/556
f 948/9/320 950/8/320 932/51/320
f 950/1/647 949/1/647 931/1/647
f 949/1/368 950/1/368 944/1/368
f 944/11/515 950/8/515 948/9/515
f 940/1/516 943/1/516 944/1/516
f 944/11/568 942/10/568 939/12/568
f 1077/127/370 1079/15/370 941/13/370
f 1079/1/325 1078/1/325 940/1/325
f 946/1/648 1078/1/648 1079/1/648
f 947/18/327 1079/15/327 1077/127/327
f 937/1/475 946/1/475 947/1/475
f 938/17/371 947/18/371 945/16/371
f 951/19/517 953/20/517 938/17/517
f 953/1/331 952/1/331 937/1/331
f 934/1/572 952/1/572 953/1/572
f 953/20/333 951/19/333 933/21/333
f 933/21/507 957/113/507 959/24/507
f 935/1/1573 959/1/1573 958/1/1573
f 958/1/1574 959/1/1574 920/1/1574
f 959/24/479 957/113/479 918/128/479
f 1017/1/585 1019/1/585 1013/1/585
f 1019/79/1575 1018/76/1575 1011/81/1575
f 1009/1/406 1012/1/406 1013/1/406
f 1010/83/547 1013/78/547 1011/81/547
f 1008/80/548 1080/82/548 1082/85/548
f 1010/1/529 1082/1/529 1081/1/529
f 1081/1/530 1082/1/530 1031/1/530
f 1082/85/409 1080/82/409 1029/84/409
f 1029/84/1550 1041/114/1550 1043/86/1550
f 1043/1/641 1042/1/641 1030/1/641
f 1042/1/532 1043/1/532 1037/1/532
f 1037/41/1541 1043/86/1541 1041/114/1541
f 1071/43/1576 1073/40/1576 1037/41/1576
f 1037/1/352 1073/1/352 1072/1/352
f 1051/1/565 1072/1/565 1073/1/565
f 1073/40/636 1071/43/636 1050/42/636
f 1050/42/534 1065/116/534 1067/46/534
f 1052/1/355 1067/1/355 1066/1/355
f 1066/1/358 1067/1/358 1061/1/358
f 1061/47/535 1067/46/535 1065/116/535
f 1060/1/536 1061/1/536 1058/1/536
f 1061/47/573 1059/49/573 1056/48/573
f 1056/48/645 1188/3/645 1190/4/645
f 1058/1/362 1190/1/362 1189/1/362
f 1087/1/364 1189/1/364 1190/1/364
f 1190/4/316 1188/3/316 1086/6/316
f 1098/7/556 1100/51/556 1088/5/556
f 1100/1/555 1099/1/555 1087/1/555
f 1099/1/647 1100/1/647 1094/1/647
f 1094/8/320 1100/51/320 1098/7/320
f 1092/9/622 1134/10/622 1136/11/622
f 1094/1/368 1136/1/368 1135/1/368
f 1117/1/1533 1135/1/1533 1136/1/1533
f 1118/13/324 1136/11/324 1134/10/324
f 1117/1/325 1118/1/325 1115/1/325
f 1118/13/689 1116/12/689 1113/121/689
f 1125/68/561 1127/67/561 1109/66/561
f 1127/1/392 1126/1/392 1107/1/392
f 1123/1/439 1126/1/439 1127/1/439
f 1124/69/492 1127/67/492 1125/68/492
f 1191/72/563 1193/70/563 1124/69/563
f 1124/1/441 1193/1/441 1192/1/441
f 1192/1/398 1193/1/398 1142/1/398
f 1193/70/523 1191/72/523 1140/73/523
f 1152/77/546 1154/74/546 1142/75/546
f 1154/1/400 1153/1/400 1141/1/400
f 1147/1/402 1153/1/402 1154/1/402
f 1154/74/526 1152/77/526 1146/131/526
f 1182/81/594 1184/78/594 1148/79/594
f 1184/1/404 1183/1/404 1147/1/404
f 1162/1/406 1183/1/406 1184/1/406
f 1163/83/547 1184/78/547 1182/81/547
f 1161/80/548 1176/82/548 1178/85/548
f 1163/1/529 1178/1/529 1177/1/529
f 1177/1/530 1178/1/530 1169/1/530
f 1178/85/409 1176/82/409 1167/84/409
f 1167/84/1550 1170/114/1550 1172/86/1550
f 1172/1/641 1171/1/641 1168/1/641
f 1170/114/414 1419/39/414 1421/41/414
f 1421/1/532 1420/1/532 1171/1/532
f 1201/1/352 1420/1/352 1421/1/352
f 1421/41/533 1419/39/533 1200/43/533
f 1215/42/630 1217/44/630 1202/40/630
f 1202/1/629 1217/1/629 1216/1/629
f 1210/1/552 1216/1/552 1217/1/552
f 1211/46/631 1217/44/631 1215/42/631
f 1245/49/599 1247/47/599 1211/46/599
f 1247/1/358 1246/1/358 1210/1/358
f 1228/1/360 1246/1/360 1247/1/360
f 1229/50/359 1247/47/359 1245/49/359
f 1228/1/1577 1229/1/1577 1223/1/1577
f 1229/50/361 1227/48/361 1221/132/361
f 1416/1/427 1418/1/427 1286/1/427
f 1418/55/488 1417/56/488 1284/54/488
f 1284/54/520 1290/58/520 1292/57/520
f 1286/1/429 1292/1/429 1291/1/429
f 1279/1/468 1291/1/468 1292/1/468
f 1292/57/384 1290/58/384 1278/60/384
f 1296/61/490 1298/62/490 1280/59/490
f 1280/1/433 1298/1/433 1297/1/433
f 1297/1/435 1298/1/435 1262/1/435
f 1262/64/473 1298/62/473 1296/61/473
f 1263/65/390 1265/66/390 1262/64/390
f 1265/1/436 1264/1/436 1261/1/436
f 1263/65/574 1293/68/574 1295/67/574
f 1265/1/542 1295/1/542 1294/1/542
f 1294/1/439 1295/1/439 1277/1/439
f 1295/67/492 1293/68/492 1275/71/492
f 1273/1/634 1276/1/634 1277/1/634
f 1277/69/544 1275/71/544 1272/72/544
f 1287/73/397 1289/75/397 1274/70/397
f 1289/1/1578 1288/1/1578 1273/1/1578
f 1288/1/400 1289/1/400 1283/1/400
f 1283/74/524 1289/75/524 1287/73/524
f 1413/76/640 1415/79/640 1283/74/640
f 1283/1/402 1415/1/402 1414/1/402
f 1306/1/404 1414/1/404 1415/1/404
f 1307/78/564 1415/79/564 1413/76/564
f 1305/81/1558 1323/80/1558 1325/83/1558
f 1307/1/1559 1325/1/1559 1324/1/1559
f 1318/1/1579 1324/1/1579 1325/1/1579
f 1325/83/1569 1323/80/1569 1317/82/1569
f 1350/84/409 1352/87/409 1319/85/409
f 1352/1/410 1351/1/410 1318/1/410
f 1333/1/412 1351/1/412 1352/1/412
f 1352/87/531 1350/84/531 1332/114/531
f 1333/1/1551 1334/1/1551 1331/1/1551
f 1334/86/414 1332/114/414 1329/39/414
f 1344/43/533 1346/40/533 1331/41/533
f 1346/1/352 1345/1/352 1330/1/352
f 1345/1/565 1346/1/565 1340/1/565
f 1346/40/1580 1344/43/1580 1338/42/1580
f 1338/42/598 1407/45/598 1409/46/598
f 1340/1/552 1409/1/552 1408/1/552
f 1408/1/553 1409/1/553 1358/1/553
f 1409/46/535 1407/45/535 1356/49/535
f 1371/48/1562 1373/50/1562 1358/47/1562
f 1358/1/360 1373/1/360 1372/1/360
f 1366/1/362 1372/1/362 1373/1/362
f 1367/4/1581 1373/50/1581 1371/48/1581
f 1404/6/514 1406/5/514 1367/4/514
f 1406/1/315 1405/1/315 1366/1/315
f 1405/1/318 1406/1/318 1382/1/318
f 1406/5/556 1404/6/556 1380/7/556
f 1381/1/621 1382/1/621 1379/1/621
f 1379/8/620 1382/51/620 1380/7/620
f 1377/9/622 1392/10/622 1394/11/622
f 1394/1/368 1393/1/368 1378/1/368
f 1395/12/559 1397/13/559 1394/11/559
f 1394/1/516 1397/1/516 1396/1/516
f 1396/1/623 1397/1/623 1388/1/623
f 1397/13/370 1395/12/370 1386/14/370
f 1386/14/327 1389/16/327 1391/18/327
f 1388/1/328 1391/1/328 1390/1/328
f 1398/103/670 1400/17/670 1391/18/670
f 1400/1/372 1399/1/372 1390/1/372
f 1384/1/331 1399/1/331 1400/1/331
f 1400/17/476 1398/103/476 1383/19/476
f 1383/19/1518 1401/21/1518 1403/22/1518
f 1385/1/506 1403/1/506 1402/1/506
f 1363/1/477 1402/1/477 1403/1/477
f 1403/22/625 1401/21/625 1362/113/625
f 1362/113/479 1368/26/479 1370/25/479
f 1364/1/377 1370/1/377 1369/1/377
f 1374/27/1522 1376/28/1522 1370/25/1522
f 1370/1/339 1376/1/339 1375/1/339
f 1360/1/341 1375/1/341 1376/1/341
f 1361/30/450 1376/28/450 1374/27/450
f 1410/31/498 1412/32/498 1361/30/498
f 1412/1/343 1411/1/343 1360/1/343
f 1342/1/345 1411/1/345 1412/1/345
f 1343/33/651 1412/32/651 1410/31/651
f 1341/108/483 1347/35/483 1349/36/483
f 1343/1/347 1349/1/347 1348/1/347
f 1348/1/1473 1349/1/1473 1337/1/1473
f 1337/38/454 1349/36/454 1347/35/454
f 1335/104/455 1353/89/455 1355/90/455
f 1337/1/456 1355/1/456 1354/1/456
f 1315/1/417 1354/1/417 1355/1/417
f 1316/92/458 1355/90/458 1353/89/458
f 1320/93/420 1322/94/420 1316/92/420
f 1316/1/419 1322/1/419 1321/1/419
f 1320/93/422 1326/96/422 1328/95/422
f 1322/1/462 1328/1/462 1327/1/462
f 1309/1/511 1327/1/511 1328/1/511
f 1310/98/510 1328/95/510 1326/96/510
f 1311/134/692 1313/139/692 1310/98/692
f 1313/1/465 1312/1/465 1309/1/465
f 1239/6/567 1241/5/567 1226/4/567
f 1241/1/315 1240/1/315 1224/1/315
f 1234/1/318 1240/1/318 1241/1/318
f 1235/51/556 1241/5/556 1239/6/556
f 1299/9/320 1301/8/320 1235/51/320
f 1301/1/647 1300/1/647 1234/1/647
f 1300/1/368 1301/1/368 1253/1/368
f 1253/11/515 1301/8/515 1299/9/515
f 1251/10/605 1266/12/605 1268/13/605
f 1253/1/1533 1268/1/1533 1267/1/1533
f 1258/1/325 1267/1/325 1268/1/325
f 1268/13/569 1266/12/569 1257/14/569
f 1269/16/474 1271/18/474 1259/15/474
f 1259/1/648 1271/1/648 1270/1/648
f 1270/1/570 1271/1/570 1256/1/570
f 1256/17/371 1271/18/371 1269/16/371
f 1254/103/682 1302/19/682 1304/20/682
f 1256/1/373 1304/1/373 1303/1/373
f 1303/1/506 1304/1/506 1238/1/506
f 1304/20/333 1302/19/333 1236/21/333
f 1242/113/625 1244/24/625 1238/22/625
f 1238/1/335 1244/1/335 1243/1/335
f 1243/1/1574 1244/1/1574 1232/1/1574
f 1244/24/691 1242/113/691 1230/26/691
f 1248/27/480 1250/28/480 1232/25/480
f 1232/1/339 1250/1/339 1249/1/339
f 1249/1/449 1250/1/449 1208/1/449
f 1208/30/683 1250/28/683 1248/27/683
f 1206/29/481 1212/31/481 1214/32/481
f 1208/1/343 1214/1/343 1213/1/343
f 1218/34/482 1220/33/482 1214/32/482
f 1220/1/345 1219/1/345 1213/1/345
f 1204/1/347 1219/1/347 1220/1/347
f 1220/33/483 1218/34/483 1203/35/483
f 1422/37/662 1424/38/662 1205/36/662
f 1424/1/1473 1423/1/1473 1204/1/1473
f 1174/1/1582 1423/1/1582 1424/1/1582
f 1175/90/663 1424/88/663 1422/101/663
f 1179/91/484 1181/92/484 1175/90/484
f 1181/1/417 1180/1/417 1174/1/417
f 1180/1/459 1181/1/459 1160/1/459
f 1181/92/1583 1179/91/1583 1158/93/1583
f 1164/96/1584 1166/95/1584 1160/94/1584
f 1160/1/462 1166/1/462 1165/1/462
f 1164/96/510 1185/97/510 1187/98/510
f 1166/1/423 1187/1/423 1186/1/423
f 1186/1/465 1187/1/465 1151/1/465
f 1187/98/512 1185/97/512 1149/56/512
f 1155/54/488 1157/99/488 1151/55/488
f 1157/1/427 1156/1/427 1150/1/427
f 1144/1/381 1156/1/381 1157/1/381
f 1145/57/520 1157/99/520 1155/54/520
f 1143/58/638 1194/60/638 1196/59/638
f 1196/1/431 1195/1/431 1144/1/431
f 1129/1/433 1195/1/433 1196/1/433
f 1196/59/539 1194/60/539 1128/61/539
f 1128/61/491 1131/63/491 1133/64/491
f 1130/1/387 1133/1/387 1132/1/387
f 1132/1/389 1133/1/389 1112/1/389
f 1133/64/502 1131/63/502 1110/135/502
f 1119/16/474 1121/18/474 1106/15/474
f 1121/1/328 1120/1/328 1104/1/328
f 1119/16/371 1137/103/371 1139/17/371
f 1121/1/1517 1139/1/1517 1138/1/1517
f 1096/1/331 1138/1/331 1139/1/331
f 1097/20/517 1139/17/517 1137/103/517
f 1101/21/333 1103/22/333 1097/20/333
f 1097/1/1523 1103/1/1523 1102/1/1523
f 1102/1/335 1103/1/335 1091/1/335
f 1103/22/507 1101/21/507 1089/113/507
f 1197/26/1585 1199/25/1585 1091/24/1585
f 1199/1/377 1198/1/377 1090/1/377
f 1063/1/339 1198/1/339 1199/1/339
f 1199/25/340 1197/26/340 1062/27/340
f 1062/27/650 1068/29/650 1070/30/650
f 1070/1/341 1069/1/341 1063/1/341
f 1069/1/343 1070/1/343 1049/1/343
f 1049/32/1524 1070/30/1524 1068/29/1524
f 1053/34/482 1055/33/482 1049/32/482
f 1049/1/345 1055/1/345 1054/1/345
f 1074/35/1586 1076/36/1586 1055/33/1586
f 1055/1/453 1076/1/453 1075/1/453
f 1039/1/349 1075/1/349 1076/1/349
f 1076/36/656 1074/35/656 1038/37/656
f 1038/101/657 1044/100/657 1046/90/657
f 1040/1/456 1046/1/456 1045/1/456
f 1045/1/457 1046/1/457 1034/1/457
f 1046/90/484 1044/100/484 1032/91/484
f 1032/91/668 1083/93/668 1085/94/668
f 1085/1/459 1084/1/459 1033/1/459
f 1084/1/462 1085/1/462 1016/1/462
f 1085/94/461 1083/93/461 1014/96/461
f 1020/97/424 1022/98/424 1016/95/424
f 1022/1/423 1021/1/423 1015/1/423
f 997/1/465 1021/1/465 1022/1/465
f 1022/98/512 1020/97/512 996/56/512
f 996/56/519 1005/54/519 1007/99/519
f 1007/1/427 1006/1/427 997/1/427
f 1005/54/467 1026/58/467 1028/57/467
f 1007/1/429 1028/1/429 1027/1/429
f 988/1/431 1027/1/431 1028/1/431
f 1028/57/489 1026/58/489 987/60/489
f 993/61/490 995/62/490 989/59/490
f 995/1/471 994/1/471 988/1/471
f 994/1/540 995/1/540 983/1/540
f 983/64/491 995/62/491 993/61/491
f 982/1/1587 983/1/1587 977/1/1587
f 983/64/502 981/63/502 975/65/502
f 978/68/574 980/67/574 977/66/574
f 980/1/392 979/1/392 976/1/392
f 990/71/492 992/69/492 980/67/492
f 980/1/394 992/1/394 991/1/394
f 985/1/634 991/1/634 992/1/634
f 992/69/544 990/71/544 984/72/544
f 1023/73/523 1025/75/523 986/70/523
f 986/1/398 1025/1/398 1024/1/398
f 1000/1/525 1024/1/525 1025/1/525
f 1001/74/546 1025/75/546 1023/73/546
f 1002/105/526 1004/140/526 1001/74/526
f 1004/1/402 1003/1/402 1000/1/402
f 927/27/676 929/28/676 923/25/676
f 929/1/497 928/1/497 921/1/497
f 913/1/341 928/1/341 929/1/341
f 914/30/450 929/28/450 927/27/450
f 963/31/498 965/32/498 914/30/498
f 965/1/343 964/1/343 913/1/343
f 886/1/345 964/1/345 965/1/345
f 887/33/651 965/32/651 963/31/651
f 885/108/483 891/35/483 893/36/483
f 893/1/347 892/1/347 886/1/347
f 897/37/350 899/38/350 893/36/350
f 899/1/349 898/1/349 892/1/349
f 883/1/456 898/1/456 899/1/456
f 884/90/416 899/88/416 897/104/416
f 903/91/418 905/92/418 884/90/418
f 905/1/457 904/1/457 883/1/457
f 904/1/459 905/1/459 872/1/459
f 905/92/460 903/91/460 870/93/460
f 870/93/422 876/96/422 878/95/422
f 878/1/421 877/1/421 871/1/421
f 865/1/684 877/1/684 878/1/684
f 878/95/510 876/96/510 864/97/510
f 864/97/487 969/56/487 971/55/487
f 971/1/465 970/1/465 865/1/465
f 970/1/427 971/1/427 827/1/427
f 971/55/664 969/56/664 825/54/664
f 831/58/1588 833/57/1588 827/99/1588
f 827/1/381 833/1/381 832/1/381
f 831/58/489 837/60/489 839/59/489
f 839/1/431 838/1/431 832/1/431
f 823/1/433 838/1/433 839/1/433
f 839/59/490 837/60/490 822/61/490
f 822/61/491 840/63/491 842/64/491
f 824/1/387 842/1/387 841/1/387
f 841/1/436 842/1/436 794/1/436
f 842/64/390 840/63/390 792/137/390
f 790/1/1589 801/1/1589 803/1/1589
f 791/18/1590 803/15/1590 802/14/1590
f 789/16/1591 849/103/1591 851/17/1591
f 791/1/570 851/1/570 850/1/570
f 769/1/331 850/1/331 851/1/331
f 770/20/1592 851/17/1592 849/103/1592
f 780/21/1593 782/22/1593 770/20/1593
f 782/1/334 781/1/334 769/1/334
f 781/1/335 782/1/335 758/1/335
f 782/22/1594 780/21/1594 756/23/1594
f 757/1/377 758/1/377 752/1/377
f 758/24/691 756/23/691 750/26/691
f 751/1/1595 752/1/1595 719/1/1595
f 719/28/1522 752/25/1522 750/26/1522
f 718/1/341 719/1/341 716/1/341
f 716/30/342 719/28/342 717/27/342
f 697/1/452 715/1/452 716/1/452
f 716/30/481 714/29/481 696/31/481
f 691/1/345 697/1/345 698/1/345
f 698/32/651 696/31/651 690/108/651
f 691/1/347 692/1/347 671/1/347
f 692/33/1596 690/108/1596 669/35/1596
f 670/1/1473 671/1/1473 662/1/1473
f 671/36/454 669/35/454 661/37/454
f 672/43/533 674/40/533 665/41/533
f 665/1/1474 674/1/1474 673/1/1474
f 687/42/1475 689/44/1475 674/40/1475
f 674/1/354 689/1/354 688/1/354
f 687/42/534 693/45/534 695/46/534
f 695/1/552 694/1/552 688/1/552
f 693/45/535 711/49/535 713/47/535
f 713/1/553 712/1/553 694/1/553
f 711/49/1597 720/48/1597 722/50/1597
f 722/1/536 721/1/536 712/1/536
f 747/3/1476 749/4/1476 722/50/1476
f 722/1/362 749/1/362 748/1/362
f 747/3/316 759/6/316 761/5/316
f 761/1/364 760/1/364 748/1/364
f 759/6/1598 783/7/1598 785/51/1598
f 785/1/1599 784/1/1599 760/1/1599
f 772/1/367 784/1/367 785/1/367
f 773/8/1600 785/51/1600 783/7/1600
f 852/10/1565 854/11/1565 773/8/1565
f 854/1/368 853/1/368 772/1/368
f 853/1/1533 854/1/1533 815/1/1533
f 854/11/1566 852/10/1566 813/12/1566
f 814/1/694 815/1/694 806/1/694
f 815/13/560 813/12/560 804/14/560
f 804/14/1601 816/16/1601 818/18/1601
f 806/1/1602 818/1/1602 817/1/1602
f 816/16/1591 855/103/1591 857/17/1591
f 857/1/570 856/1/570 817/1/570
f 775/1/373 856/1/373 857/1/373
f 776/20/1592 857/17/1592 855/103/1592
f 786/21/1603 788/22/1603 776/20/1603
f 788/1/506 787/1/506 775/1/506
f 763/1/1604 787/1/1604 788/1/1604
f 764/24/1605 788/22/1605 786/21/1605
f 762/23/1606 972/26/1606 974/25/1606
f 974/1/377 973/1/377 763/1/377
f 973/1/339 974/1/339 728/1/339
f 974/25/1472 972/26/1472 726/27/1472
f 732/29/1607 734/30/1607 728/28/1607
f 728/1/649 734/1/649 733/1/649
f 700/1/452 733/1/452 734/1/452
f 734/30/481 732/29/481 699/31/481
f 705/34/482 707/33/482 701/32/482
f 701/1/345 707/1/345 706/1/345
f 738/35/348 740/36/348 707/33/348
f 707/1/453 740/1/453 739/1/453
f 739/1/1473 740/1/1473 680/1/1473
f 740/36/454 738/35/454 678/37/454
f 678/104/455 684/89/455 686/90/455
f 680/1/1508 686/1/1508 685/1/1508
f 685/1/457 686/1/457 659/1/457
f 686/90/484 684/89/484 657/91/484
f 657/91/420 744/93/420 746/94/420
f 659/1/419 746/1/419 745/1/419
f 745/1/421 746/1/421 632/1/421
f 632/95/422 746/94/422 744/93/422
f 630/96/510 636/97/510 638/98/510
f 632/1/511 638/1/511 637/1/511
f 637/1/685 638/1/685 605/1/685
f 638/98/1608 636/97/1608 604/56/1608
f 796/65/502 797/66/502 794/138/502
f 797/1/1609 795/1/1609 793/1/1609
f 802/14/1610 803/15/1610 800/126/1610
f 803/1/606 801/1/606 799/1/606
f 1111/1/436 1112/1/436 1109/1/436
f 1112/136/390 1110/135/390 1108/65/390
f 1114/1/325 1115/1/325 1106/1/325
f 1115/130/689 1113/121/689 1105/14/689
f 1225/3/538 1226/4/538 1223/133/538
f 1226/1/1577 1224/1/1577 1222/1/1577
f 1417/56/426 1418/55/426 1313/139/426
f 1418/1/693 1416/1/693 1312/1/693
f 922/26/691 923/25/691 920/129/691
f 923/1/377 921/1/377 919/1/377
f 1018/76/1611 1019/79/1611 1004/140/1611
f 1019/1/1612 1017/1/1612 1003/1/1612
f 1594/56/487 1595/55/487 1592/112/487
f 1595/1/465 1593/1/465 1591/1/465
f 1639/3/361 1640/4/361 1508/141/361
f 1640/1/1577 1638/1/1577 1507/1/1577
f 1702/14/689 1703/15/689 1700/118/689
f 1703/1/325 1701/1/325 1699/1/325
f 1708/65/502 1709/66/502 1706/110/502
f 1709/1/389 1707/1/389 1705/1/389
f 2005/1/325 2006/1/325 2003/1/325
f 2006/122/560 2004/121/560 2002/14/560
f 2017/1/436 2018/1/436 2009/1/436
f 2018/142/1613 2016/102/1613 2008/65/1613
f 1813/107/378 1814/25/378 1811/120/378
f 1814/1/377 1812/1/377 1810/1/377
f 1900/76/1494 1901/79/1494 1898/106/1494
f 1901/1/402 1899/1/402 1897/1/402
f 2368/143/1614 2388/165/1614 2390/144/1614
f 2369/1/1615 2390/1/1615 2389/1/1615
f 2379/1/1616 2381/1/1616 2372/1/1616
f 2381/146/1617 2380/192/1617 2370/147/1617
f 2353/1/701 2371/1/701 2372/1/701
f 2354/149/1082 2372/148/1082 2370/147/1082
f 2341/1/1026 2353/1/1026 2354/1/1026
f 2342/151/1035 2354/149/1035 2352/150/1035
f 2341/1/754 2342/1/754 2327/1/754
f 2342/151/1618 2340/152/1618 2325/153/1618
f 2317/1/755 2326/1/755 2327/1/755
f 2327/154/1619 2325/153/1619 2316/155/1619
f 2319/157/757 2321/159/757 2318/156/757
f 2321/1/756 2320/1/756 2317/1/756
f 2328/158/711 2330/161/711 2321/159/711
f 2321/1/1620 2330/1/1620 2329/1/1620
f 2331/160/1621 2333/163/1621 2330/161/1621
f 2330/1/1622 2333/1/1622 2332/1/1622
f 2331/160/1623 2343/164/1623 2345/162/1623
f 2333/1/760 2345/1/760 2344/1/760
f 2355/143/1624 2357/145/1624 2345/162/1624
f 2345/1/763 2357/1/763 2356/1/763
f 2382/165/1625 2384/144/1625 2357/145/1625
f 2384/1/1626 2383/1/1626 2356/1/1626
f 2383/1/721 2384/1/721 2378/1/721
f 2378/166/1627 2384/144/1627 2382/165/1627
f 2391/168/723 2393/170/723 2378/166/723
f 2393/1/724 2392/1/724 2377/1/724
f 2391/168/851 2397/172/851 2399/169/851
f 2393/1/1048 2399/1/1048 2398/1/1048
f 2418/171/727 2420/174/727 2399/169/727
f 2399/1/853 2420/1/853 2419/1/853
f 2418/171/1049 2424/175/1049 2426/173/1049
f 2426/1/854 2425/1/854 2419/1/854
f 2424/175/856 2457/178/856 2459/176/856
f 2459/1/732 2458/1/732 2425/1/732
f 2458/1/857 2459/1/857 2438/1/857
f 2438/177/1051 2459/176/1051 2457/178/1051
f 2460/180/735 2462/183/735 2441/181/735
f 2441/1/932 2462/1/932 2461/1/932
f 2428/1/737 2461/1/737 2462/1/737
f 2462/183/738 2460/180/738 2427/184/738
f 2422/1/934 2428/1/934 2429/1/934
f 2423/186/933 2429/185/933 2427/184/933
f 2422/1/741 2423/1/741 2402/1/741
f 2423/186/935 2421/187/935 2400/188/935
f 2401/1/994 2402/1/994 2396/1/994
f 2396/190/1081 2402/189/1081 2400/188/1081
f 2374/1/745 2395/1/745 2396/1/745
f 2396/190/937 2394/191/937 2373/192/937
f 2373/192/1003 2385/147/1003 2387/148/1003
f 2387/1/948 2386/1/948 2374/1/948
f 2359/1/701 2386/1/701 2387/1/701
f 2387/148/1082 2385/147/1082 2358/150/1082
f 2347/1/1628 2359/1/1628 2360/1/1628
f 2348/151/1629 2360/149/1629 2358/150/1629
f 2361/153/706 2363/154/706 2348/151/706
f 2363/1/705 2362/1/705 2347/1/705
f 2362/1/707 2363/1/707 2336/1/707
f 2363/154/1619 2361/153/1619 2334/155/1619
f 2335/1/710 2336/1/710 2324/1/710
f 2336/156/709 2334/155/709 2322/157/709
f 2322/157/711 2337/158/711 2339/161/711
f 2324/1/1620 2339/1/1620 2338/1/1620
f 2337/158/1630 2364/160/1630 2366/163/1630
f 2339/1/962 2366/1/962 2365/1/962
f 2350/1/716 2365/1/716 2366/1/716
f 2351/162/715 2366/163/715 2364/160/715
f 2368/143/717 2369/145/717 2351/162/717
f 2369/1/718 2367/1/718 2350/1/718
f 2578/1/756 2579/1/756 2573/1/756
f 2579/193/765 2577/278/765 2571/157/765
f 2584/1/904 2585/1/904 2576/1/904
f 2585/194/1631 2583/263/1631 2574/195/1631
f 2890/1/764 2891/1/764 2885/1/764
f 2891/197/709 2889/276/709 2883/157/709
f 2893/1/766 2894/1/766 2888/1/766
f 2894/198/770 2892/267/770 2886/195/770
f 3007/1/771 3008/1/771 3005/1/771
f 3008/199/1054 3006/270/1054 3003/200/1054
f 3094/1/745 3095/1/745 3089/1/745
f 3095/202/746 3093/271/746 3087/192/746
f 2698/1/775 2699/1/775 2696/1/775
f 2699/203/1632 2697/265/1632 2694/204/1632
f 2799/167/777 2801/166/777 2786/206/777
f 2801/1/721 2800/1/721 2785/1/721
f 3370/1/773 3371/1/773 3368/1/773
f 3371/208/746 3369/285/746 3366/192/746
f 3411/209/772 3413/201/772 3284/210/772
f 3413/1/771 3412/1/771 3283/1/771
f 3481/1/1633 3482/1/1633 3479/1/1633
f 3482/212/939 3480/263/939 3477/195/939
f 3487/1/764 3488/1/764 3485/1/764
f 3488/213/1634 3486/284/1634 3483/157/1634
f 3783/157/1635 3785/159/1635 3782/214/1635
f 3785/1/764 3784/1/764 3781/1/764
f 3790/1/769 3791/1/769 3788/1/769
f 3791/216/840 3789/290/840 3786/195/840
f 4071/1/1636 4073/1/1636 4016/1/1636
f 4073/217/976 4072/236/976 4014/218/976
f 4014/218/926 4017/280/926 4019/220/926
f 4016/1/1014 4019/1/1014 4018/1/1014
f 4026/1/1637 4028/1/1637 4022/1/1637
f 4028/221/1638 4027/257/1638 4020/209/1638
f 4020/209/788 4083/258/788 4085/222/788
f 4022/1/832 4085/1/832 4084/1/832
f 4030/1/834 4084/1/834 4085/1/834
f 4085/222/1639 4083/258/1639 4029/223/1639
f 4029/223/1640 4041/227/1640 4043/225/1640
f 4031/1/835 4043/1/835 4042/1/835
f 4068/226/1641 4070/228/1641 4043/225/1641
f 4070/1/1642 4069/1/1642 4042/1/1642
f 4069/1/1643 4070/1/1643 4055/1/1643
f 4070/228/985 4068/226/985 4053/229/985
f 4045/1/904 4054/1/904 4055/1/904
f 4046/196/1644 4055/230/1644 4053/229/1644
f 4050/231/1645 4052/233/1645 4046/196/1645
f 4052/1/889 4051/1/889 4045/1/889
f 4050/231/1646 4065/261/1646 4067/232/1646
f 4052/1/1010 4067/1/1010 4066/1/1010
f 4039/1/1647 4066/1/1647 4067/1/1647
f 4067/232/941 4065/261/941 4038/234/941
f 4080/236/1012 4082/217/1012 4040/235/1012
f 4082/1/942 4081/1/942 4039/1/942
f 4081/1/925 4082/1/925 4013/1/925
f 4082/217/1648 4080/236/1648 4011/218/1648
f 4012/1/1014 4013/1/1014 4004/1/1014
f 4004/205/784 4013/219/784 4011/218/784
f 4003/1/808 4004/1/808 3995/1/808
f 4004/205/1649 4002/204/1649 3993/237/1649
f 3994/1/927 3995/1/927 3986/1/927
f 3995/238/811 3993/237/811 3984/239/811
f 3985/1/929 3986/1/929 3956/1/929
f 3986/240/1650 3984/239/1650 3954/241/1650
f 3954/241/814 3963/245/814 3965/243/814
f 3956/1/815 3965/1/815 3964/1/815
f 3949/1/944 3964/1/944 3965/1/944
f 3950/244/817 3965/243/817 3963/245/817
f 3949/1/818 3950/1/818 3938/1/818
f 3950/244/931 3948/246/931 3936/182/931
f 3934/247/859 3945/250/859 3947/248/859
f 3935/1/1651 3947/1/1651 3946/1/1651
f 3945/250/860 3960/269/860 3962/251/860
f 3947/1/823 3962/1/823 3961/1/823
f 3952/1/824 3961/1/824 3962/1/824
f 3962/251/861 3960/269/861 3951/252/861
f 3951/252/1052 3981/255/1052 3983/254/1052
f 3983/1/883 3982/1/883 3952/1/883
f 3981/255/908 3990/257/908 3992/256/908
f 3992/1/885 3991/1/885 3982/1/885
f 3990/257/772 4005/209/772 4007/201/772
f 4007/1/909 4006/1/909 3991/1/909
f 4008/258/788 4010/222/788 4007/201/788
f 4010/1/832 4009/1/832 4006/1/832
f 4077/223/1652 4079/224/1652 4010/222/1652
f 4010/1/834 4079/1/834 4078/1/834
f 4036/1/1063 4078/1/1063 4079/1/1063
f 4037/225/1653 4079/224/1653 4077/223/1653
f 4035/227/868 4062/226/868 4064/228/868
f 4064/1/795 4063/1/795 4036/1/795
f 4063/1/796 4064/1/796 4061/1/796
f 4064/228/797 4062/226/797 4059/259/797
f 4048/1/769 4060/1/769 4061/1/769
f 4049/196/1644 4061/260/1644 4059/259/1644
f 4056/231/1645 4058/233/1645 4049/196/1645
f 4058/1/800 4057/1/800 4048/1/800
f 4056/231/801 4074/261/801 4076/232/801
f 4058/1/841 4076/1/841 4075/1/841
f 4033/1/1654 4075/1/1654 4076/1/1654
f 4034/235/941 4076/232/941 4074/261/941
f 4072/236/1012 4073/217/1012 4034/235/1012
f 4073/1/806 4071/1/806 4033/1/806
f 4027/257/1655 4028/221/1655 4001/254/1655
f 4028/1/1656 4026/1/1656 3999/1/1656
f 2388/165/1657 2415/167/1657 2417/166/1657
f 2390/1/1658 2417/1/1658 2416/1/1658
f 2416/1/724 2417/1/724 2411/1/724
f 2417/166/1659 2415/167/1659 2409/168/1659
f 2404/1/726 2410/1/726 2411/1/726
f 2411/170/725 2409/168/725 2403/172/725
f 2523/171/727 2525/174/727 2405/169/727
f 2405/1/853 2525/1/853 2524/1/853
f 2524/1/730 2525/1/730 2435/1/730
f 2525/174/729 2523/171/729 2433/175/729
f 2463/178/856 2465/176/856 2435/173/856
f 2465/1/732 2464/1/732 2434/1/732
f 2464/1/733 2465/1/733 2453/1/733
f 2465/176/858 2463/178/858 2451/179/858
f 2451/247/859 2517/250/859 2519/248/859
f 2453/1/1651 2519/1/1651 2518/1/1651
f 2518/1/823 2519/1/823 2486/1/823
f 2519/248/860 2517/250/860 2484/262/860
f 2484/262/882 2511/252/882 2513/253/882
f 2513/1/901 2512/1/901 2485/1/901
f 2512/1/862 2513/1/862 2507/1/862
f 2507/254/1052 2513/253/1052 2511/252/1052
f 2506/1/885 2507/1/885 2501/1/885
f 2501/256/1660 2507/254/1660 2505/255/1660
f 2748/209/910 2750/201/910 2501/256/910
f 2501/1/771 2750/1/771 2749/1/771
f 2542/1/832 2749/1/832 2750/1/832
f 2750/201/1661 2748/209/1661 2541/258/1661
f 2565/223/1662 2567/224/1662 2543/222/1662
f 2567/1/1663 2566/1/1663 2542/1/1663
f 2554/1/1664 2566/1/1664 2567/1/1664
f 2555/225/1665 2567/224/1665 2565/223/1665
f 2631/226/1666 2633/228/1666 2555/225/1666
f 2633/1/887 2632/1/887 2554/1/887
f 2596/1/870 2632/1/870 2633/1/870
f 2633/228/1667 2631/226/1667 2595/259/1667
f 2596/1/769 2597/1/769 2585/1/769
f 2597/230/840 2595/259/840 2583/263/840
f 2619/158/960 2621/161/960 2573/159/960
f 2621/1/712 2620/1/712 2572/1/712
f 2602/1/1622 2620/1/1622 2621/1/1622
f 2603/163/759 2621/161/759 2619/158/759
f 2601/160/919 2616/164/919 2618/162/919
f 2618/1/918 2617/1/918 2602/1/918
f 2611/1/718 2617/1/718 2618/1/718
f 2612/145/906 2618/162/906 2616/164/906
f 2634/165/921 2636/144/921 2612/145/921
f 2636/1/963 2635/1/963 2611/1/963
f 2634/165/879 2643/167/879 2645/166/879
f 2636/1/721 2645/1/721 2644/1/721
f 2644/1/724 2645/1/724 2639/1/724
f 2645/166/849 2643/167/849 2637/168/849
f 2655/172/897 2657/169/897 2639/264/897
f 2639/1/1668 2657/1/1668 2656/1/1668
f 2656/1/728 2657/1/728 2651/1/728
f 2657/169/898 2655/172/898 2649/171/898
f 2682/175/855 2684/173/855 2651/174/855
f 2684/1/854 2683/1/854 2650/1/854
f 2662/1/732 2683/1/732 2684/1/732
f 2684/173/856 2682/175/856 2661/178/856
f 2676/179/858 2678/177/858 2663/176/858
f 2678/1/733 2677/1/733 2662/1/733
f 2671/1/821 2677/1/821 2678/1/821
f 2672/248/859 2678/249/859 2676/247/859
f 2670/250/860 2742/269/860 2744/251/860
f 2744/1/823 2743/1/823 2671/1/823
f 2743/1/824 2744/1/824 2693/1/824
f 2744/251/861 2742/269/861 2691/252/861
f 2686/1/862 2692/1/862 2693/1/862
f 2687/254/863 2693/253/863 2691/252/863
f 2706/257/908 2708/256/908 2687/254/908
f 2708/1/885 2707/1/885 2686/1/885
f 2707/1/771 2708/1/771 2702/1/771
f 2708/256/772 2706/257/772 2700/209/772
f 2736/258/1075 2738/222/1075 2702/201/1075
f 2702/1/832 2738/1/832 2737/1/832
f 2737/1/790 2738/1/790 2714/1/790
f 2738/222/833 2736/258/833 2712/223/833
f 2730/227/1669 2732/225/1669 2714/224/1669
f 2732/1/835 2731/1/835 2713/1/835
f 2725/1/795 2731/1/795 2732/1/795
f 2726/228/938 2732/225/938 2730/227/938
f 2719/1/838 2725/1/838 2726/1/838
f 2726/228/797 2724/226/797 2718/229/797
f 2862/195/798 2864/196/798 2720/230/798
f 2864/1/769 2863/1/769 2719/1/769
f 2722/1/800 2863/1/800 2864/1/800
f 2723/233/799 2864/196/799 2862/195/799
f 2722/1/841 2723/1/841 2717/1/841
f 2717/232/801 2723/233/801 2721/231/801
f 2727/234/1670 2729/235/1670 2717/232/1670
f 2729/1/803 2728/1/803 2716/1/803
f 2710/1/806 2728/1/806 2729/1/806
f 2711/217/844 2729/235/844 2727/234/844
f 2709/236/783 2733/218/783 2735/219/783
f 2711/1/782 2735/1/782 2734/1/782
f 2734/1/775 2735/1/775 2699/1/775
f 2735/219/1013 2733/218/1013 2697/265/1013
f 2800/1/1671 2801/1/1671 2795/1/1671
f 2801/166/849 2799/167/849 2793/168/849
f 2788/1/1668 2794/1/1668 2795/1/1668
f 2789/169/851 2795/264/851 2793/168/851
f 2787/172/727 2859/171/727 2861/174/727
f 2789/1/853 2861/1/853 2860/1/853
f 2860/1/854 2861/1/854 2813/1/854
f 2861/174/729 2859/171/729 2811/175/729
f 2823/178/856 2825/176/856 2813/173/856
f 2825/1/732 2824/1/732 2812/1/732
f 2824/1/733 2825/1/733 2819/1/733
f 2825/176/734 2823/178/734 2817/179/734
f 2853/250/859 2855/248/859 2819/249/859
f 2819/1/821 2855/1/821 2854/1/821
f 2833/1/1092 2854/1/1092 2855/1/1092
f 2834/251/860 2855/248/860 2853/250/860
f 2832/262/882 2847/266/882 2849/253/882
f 2834/1/901 2849/1/901 2848/1/901
f 2848/1/883 2849/1/883 2843/1/883
f 2843/254/863 2849/253/863 2847/266/863
f 2842/1/829 2843/1/829 2837/1/829
f 2837/256/908 2843/254/908 2841/255/908
f 2835/257/910 2976/209/910 2978/201/910
f 2837/1/771 2978/1/771 2977/1/771
f 2977/1/832 2978/1/832 2870/1/832
f 2870/222/886 2978/201/886 2976/209/886
f 2868/258/865 2880/223/865 2882/224/865
f 2882/1/790 2881/1/790 2869/1/790
f 2881/1/793 2882/1/793 2876/1/793
f 2876/225/792 2882/224/792 2880/223/792
f 2874/227/903 2916/226/903 2918/228/903
f 2918/1/887 2917/1/887 2875/1/887
f 2899/1/870 2917/1/870 2918/1/870
f 2900/230/797 2918/228/797 2916/226/797
f 2899/1/769 2900/1/769 2894/1/769
f 2900/230/939 2898/259/939 2892/267/939
f 2907/158/905 2909/161/905 2885/159/905
f 2909/1/1065 2908/1/1065 2884/1/1065
f 2902/1/874 2908/1/874 2909/1/874
f 2903/163/875 2909/161/875 2907/158/875
f 2973/164/1077 2975/162/1077 2903/163/1077
f 2903/1/918 2975/1/918 2974/1/918
f 2923/1/718 2974/1/718 2975/1/718
f 2975/162/906 2973/164/906 2922/143/906
f 2934/165/1027 2936/144/1027 2924/145/1027
f 2924/1/720 2936/1/720 2935/1/720
f 2929/1/721 2935/1/721 2936/1/721
f 2930/166/1672 2936/144/1672 2934/165/1672
f 2964/168/723 2966/264/723 2930/166/723
f 2966/1/724 2965/1/724 2929/1/724
f 2944/1/726 2965/1/726 2966/1/726
f 2966/264/880 2964/168/880 2943/172/880
f 2943/172/727 2958/171/727 2960/174/727
f 2945/1/853 2960/1/853 2959/1/853
f 2959/1/730 2960/1/730 2948/1/730
f 2960/174/729 2958/171/729 2946/175/729
f 2952/268/856 2954/176/856 2948/173/856
f 2954/1/732 2953/1/732 2947/1/732
f 3090/179/858 3092/177/858 2954/176/858
f 3092/1/733 3091/1/733 2953/1/733
f 2986/1/821 3091/1/821 3092/1/821
f 2987/248/859 3092/249/859 3090/247/859
f 2985/250/860 3000/269/860 3002/251/860
f 2987/1/1092 3002/1/1092 3001/1/1092
f 2995/1/901 3001/1/901 3002/1/901
f 2996/253/882 3002/251/882 3000/269/882
f 3030/255/1673 3032/254/1673 2996/253/1673
f 3032/1/862 3031/1/862 2995/1/862
f 3013/1/829 3031/1/829 3032/1/829
f 3014/256/828 3032/254/828 3030/255/828
f 3013/1/771 3014/1/771 3008/1/771
f 3014/256/910 3012/257/910 3006/270/910
f 3088/1/748 3089/1/748 3065/1/748
f 3089/146/911 3087/192/911 3063/147/911
f 3063/147/969 3069/150/969 3071/149/969
f 3065/1/749 3071/1/749 3070/1/749
f 3070/1/751 3071/1/751 3059/1/751
f 3059/151/950 3071/149/950 3069/150/950
f 3057/152/970 3075/153/970 3077/154/970
f 3059/1/705 3077/1/705 3076/1/705
f 3043/1/755 3076/1/755 3077/1/755
f 3044/156/917 3077/154/917 3075/153/917
f 3045/157/757 3047/159/757 3044/156/757
f 3047/1/756 3046/1/756 3043/1/756
f 3045/157/758 3078/277/758 3080/161/758
f 3047/1/712 3080/1/712 3079/1/712
f 3079/1/962 3080/1/962 3062/1/962
f 3080/161/875 3078/277/875 3060/160/875
f 3061/1/716 3062/1/716 3056/1/716
f 3062/163/919 3060/160/919 3054/164/919
f 3072/143/906 3074/145/906 3056/162/906
f 3056/1/718 3074/1/718 3073/1/718
f 3067/1/720 3073/1/720 3074/1/720
f 3068/144/1027 3074/145/1027 3072/143/1027
f 3201/167/1674 3203/166/1674 3068/144/1674
f 3203/1/721 3202/1/721 3067/1/721
f 3100/1/724 3202/1/724 3203/1/724
f 3203/166/849 3201/167/849 3099/168/849
f 3114/172/880 3116/169/880 3101/170/880
f 3101/1/726 3116/1/726 3115/1/726
f 3115/1/728 3116/1/728 3110/1/728
f 3116/169/727 3114/172/727 3108/171/727
f 3141/175/855 3143/173/855 3110/174/855
f 3110/1/854 3143/1/854 3142/1/854
f 3124/1/732 3142/1/732 3143/1/732
f 3143/173/856 3141/175/856 3123/178/856
f 3124/1/733 3125/1/733 3119/1/733
f 3125/176/858 3123/178/858 3117/179/858
f 3117/247/859 3135/250/859 3137/248/859
f 3119/1/821 3137/1/821 3136/1/821
f 3136/1/823 3137/1/823 3131/1/823
f 3137/248/860 3135/250/860 3129/262/860
f 3195/252/882 3197/253/882 3131/251/882
f 3197/1/824 3196/1/824 3130/1/824
f 3148/1/862 3196/1/862 3197/1/862
f 3149/254/863 3197/253/863 3195/252/863
f 3162/257/908 3164/256/908 3149/254/908
f 3164/1/885 3163/1/885 3148/1/885
f 3163/1/771 3164/1/771 3158/1/771
f 3164/256/772 3162/257/772 3156/209/772
f 3192/258/1075 3194/222/1075 3158/201/1075
f 3158/1/832 3194/1/832 3193/1/832
f 3193/1/790 3194/1/790 3173/1/790
f 3194/222/833 3192/258/833 3171/223/833
f 3172/1/866 3173/1/866 3167/1/866
f 3173/224/836 3171/223/836 3165/227/836
f 3165/227/888 3186/226/888 3188/228/888
f 3167/1/887 3188/1/887 3187/1/887
f 3178/1/838 3187/1/838 3188/1/838
f 3188/228/797 3186/226/797 3177/229/797
f 3178/1/904 3179/1/904 3176/1/904
f 3179/230/798 3177/229/798 3174/195/798
f 3174/195/799 3183/231/799 3185/233/799
f 3176/1/800 3185/1/800 3184/1/800
f 3184/1/841 3185/1/841 3182/1/841
f 3185/233/801 3183/231/801 3180/261/801
f 3181/1/842 3182/1/842 3170/1/842
f 3182/232/891 3180/261/891 3168/234/891
f 3168/234/844 3189/236/844 3191/217/844
f 3170/1/942 3191/1/942 3190/1/942
f 3151/1/925 3190/1/925 3191/1/925
f 3152/219/953 3191/217/953 3189/236/953
f 3153/204/776 3155/205/776 3152/219/776
f 3155/1/775 3154/1/775 3151/1/775
f 3153/204/964 3159/237/964 3161/238/964
f 3155/1/808 3161/1/808 3160/1/808
f 3145/1/927 3160/1/927 3161/1/927
f 3146/240/811 3161/238/811 3159/237/811
f 3198/241/928 3200/242/928 3146/240/928
f 3200/1/812 3199/1/812 3145/1/812
f 3199/1/815 3200/1/815 3128/1/815
f 3200/242/943 3198/241/943 3126/245/943
f 3126/245/817 3132/246/817 3134/244/817
f 3128/1/816 3134/1/816 3133/1/816
f 3133/1/818 3134/1/818 3122/1/818
f 3134/244/931 3132/246/931 3120/182/931
f 3120/182/735 3138/180/735 3140/183/735
f 3122/1/932 3140/1/932 3139/1/932
f 3139/1/737 3140/1/737 3104/1/737
f 3104/185/738 3140/183/738 3138/180/738
f 3102/184/740 3105/187/740 3107/186/740
f 3107/1/934 3106/1/934 3103/1/934
f 3105/187/935 3111/188/935 3113/189/935
f 3107/1/741 3113/1/741 3112/1/741
f 3097/1/743 3112/1/743 3113/1/743
f 3098/190/947 3113/189/947 3111/188/947
f 3097/1/1675 3098/1/1675 3095/1/1675
f 3098/190/774 3096/191/774 3093/271/774
f 3024/258/1075 3026/222/1075 3005/201/1075
f 3026/1/1676 3025/1/1676 3004/1/1676
f 3019/1/834 3025/1/834 3026/1/834
f 3020/224/865 3026/222/865 3024/258/865
f 3018/223/836 3084/227/836 3086/225/836
f 3086/1/793 3085/1/793 3019/1/793
f 3085/1/795 3086/1/795 3038/1/795
f 3086/225/903 3084/227/903 3036/226/903
f 3036/226/1677 3051/259/1677 3053/230/1677
f 3038/1/870 3053/1/870 3052/1/870
f 3052/1/1678 3053/1/1678 3041/1/1678
f 3053/230/939 3051/259/939 3039/195/939
f 3048/272/890 3050/273/890 3041/196/890
f 3041/1/800 3050/1/800 3049/1/800
f 3049/1/940 3050/1/940 3035/1/940
f 3050/273/1011 3048/272/1011 3033/261/1011
f 3081/234/923 3083/235/923 3035/232/923
f 3035/1/803 3083/1/803 3082/1/803
f 3082/1/942 3083/1/942 3017/1/942
f 3083/235/844 3081/234/844 3015/236/844
f 3021/218/953 3023/219/953 3017/217/953
f 3023/1/925 3022/1/925 3016/1/925
f 3010/1/1014 3022/1/1014 3023/1/1014
f 3011/205/926 3023/219/926 3021/218/926
f 3027/237/809 3029/238/809 3011/205/809
f 3029/1/808 3028/1/808 3010/1/808
f 3028/1/927 3029/1/927 2990/1/927
f 3029/238/1679 3027/237/1679 2988/239/1679
f 2991/241/928 2993/242/928 2990/240/928
f 2993/1/812 2992/1/812 2989/1/812
f 2997/245/943 2999/243/943 2993/242/943
f 2999/1/815 2998/1/815 2992/1/815
f 2983/1/816 2998/1/816 2999/1/816
f 2999/243/817 2997/245/817 2982/246/817
f 2980/1/992 2983/1/992 2984/1/992
f 2981/181/931 2984/244/931 2982/246/931
f 2980/1/932 2981/1/932 2951/1/932
f 2951/183/735 2981/181/735 2979/182/735
f 2955/184/738 2957/185/738 2951/183/738
f 2957/1/737 2956/1/737 2950/1/737
f 2956/1/934 2957/1/934 2939/1/934
f 2957/185/740 2955/184/740 2937/187/740
f 2937/187/1680 2940/274/1680 2942/189/1680
f 2942/1/741 2941/1/741 2938/1/741
f 2940/274/947 2961/191/947 2963/190/947
f 2942/1/743 2963/1/743 2962/1/743
f 2962/1/773 2963/1/773 2927/1/773
f 2963/190/937 2961/191/937 2925/275/937
f 2925/275/968 2931/147/968 2933/148/968
f 2933/1/1681 2932/1/1681 2926/1/1681
f 2932/1/701 2933/1/701 2921/1/701
f 2933/148/949 2931/147/949 2919/150/949
f 2970/152/950 2972/151/950 2921/149/950
f 2972/1/703 2971/1/703 2920/1/703
f 2971/1/705 2972/1/705 2906/1/705
f 2906/154/970 2972/151/970 2970/152/970
f 2904/153/917 2910/155/917 2912/156/917
f 2906/1/755 2912/1/755 2911/1/755
f 2911/1/756 2912/1/756 2891/1/756
f 2912/156/765 2910/155/765 2889/276/765
f 2895/272/951 2897/273/951 2888/196/951
f 2897/1/1009 2896/1/1009 2887/1/1009
f 2895/272/801 2913/261/801 2915/232/801
f 2897/1/940 2915/1/940 2914/1/940
f 2872/1/842 2914/1/842 2915/1/842
f 2915/232/941 2913/261/941 2871/234/941
f 2877/236/844 2879/217/844 2873/235/844
f 2873/1/942 2879/1/942 2878/1/942
f 2866/1/925 2878/1/925 2879/1/925
f 2879/217/953 2877/236/953 2865/218/953
f 2967/204/1013 2969/205/1013 2867/219/1013
f 2969/1/1014 2968/1/1014 2866/1/1014
f 2839/1/808 2968/1/808 2969/1/808
f 2840/238/809 2969/205/809 2967/204/809
f 2838/237/811 2844/239/811 2846/240/811
f 2846/1/927 2845/1/927 2839/1/927
f 2845/1/929 2846/1/929 2828/1/929
f 2846/240/1682 2844/239/1682 2826/241/1682
f 2829/245/943 2831/243/943 2828/242/943
f 2828/1/815 2831/1/815 2830/1/815
f 2850/246/817 2852/244/817 2831/243/817
f 2831/1/944 2852/1/944 2851/1/944
f 2815/1/992 2851/1/992 2852/1/992
f 2816/181/931 2852/244/931 2850/246/931
f 2814/182/735 2820/180/735 2822/183/735
f 2816/1/932 2822/1/932 2821/1/932
f 2821/1/945 2822/1/945 2810/1/945
f 2810/185/738 2822/183/738 2820/180/738
f 2808/184/740 2856/187/740 2858/186/740
f 2858/1/739 2857/1/739 2809/1/739
f 2791/1/946 2857/1/946 2858/1/946
f 2792/189/935 2858/186/935 2856/187/935
f 2790/274/947 2796/191/947 2798/190/947
f 2792/1/743 2798/1/743 2797/1/743
f 2776/1/745 2797/1/745 2798/1/745
f 2777/146/746 2798/190/746 2796/191/746
f 2778/147/968 2780/148/968 2777/146/968
f 2780/1/1681 2779/1/1681 2776/1/1681
f 2802/150/750 2804/149/750 2780/148/750
f 2804/1/749 2803/1/749 2779/1/749
f 2764/1/703 2803/1/703 2804/1/703
f 2765/151/950 2804/149/950 2802/150/950
f 2763/152/753 2769/153/753 2771/154/753
f 2771/1/916 2770/1/916 2764/1/916
f 2770/1/755 2771/1/755 2759/1/755
f 2771/154/917 2769/153/917 2757/155/917
f 2758/1/756 2759/1/756 2756/1/756
f 2759/156/765 2757/155/765 2754/157/765
f 2754/157/960 2760/277/960 2762/161/960
f 2756/1/712 2762/1/712 2761/1/712
f 2772/160/875 2774/163/875 2762/161/875
f 2774/1/714 2773/1/714 2761/1/714
f 2767/1/918 2773/1/918 2774/1/918
f 2774/163/1077 2772/160/1077 2766/164/1077
f 2805/143/906 2807/145/906 2768/162/906
f 2768/1/718 2807/1/718 2806/1/718
f 2782/1/720 2806/1/720 2807/1/720
f 2783/144/1027 2807/145/1027 2805/143/1027
f 2784/207/1672 2786/206/1672 2783/144/1672
f 2786/1/721 2785/1/721 2782/1/721
f 2703/237/1683 2705/238/1683 2696/205/1683
f 2705/1/808 2704/1/808 2695/1/808
f 2689/1/927 2704/1/927 2705/1/927
f 2690/240/811 2705/238/811 2703/237/811
f 2739/241/928 2741/242/928 2690/240/928
f 2741/1/812 2740/1/812 2689/1/812
f 2665/1/815 2740/1/815 2741/1/815
f 2666/243/943 2741/242/943 2739/241/943
f 2667/246/817 2669/244/817 2666/243/817
f 2666/1/816 2669/1/816 2668/1/816
f 2673/182/931 2675/181/931 2669/244/931
f 2675/1/818 2674/1/818 2668/1/818
f 2659/1/932 2674/1/932 2675/1/932
f 2660/183/735 2675/181/735 2673/182/735
f 2658/180/738 2679/184/738 2681/185/738
f 2681/1/737 2680/1/737 2659/1/737
f 2680/1/934 2681/1/934 2648/1/934
f 2648/186/933 2681/185/933 2679/184/933
f 2646/187/742 2652/274/742 2654/189/742
f 2648/1/741 2654/1/741 2653/1/741
f 2653/1/1684 2654/1/1684 2642/1/1684
f 2642/190/936 2654/189/936 2652/274/936
f 2640/191/746 2745/192/746 2747/146/746
f 2642/1/745 2747/1/745 2746/1/745
f 2746/1/948 2747/1/948 2606/1/948
f 2747/146/911 2745/192/911 2604/147/911
f 2604/147/1004 2607/150/1004 2609/149/1004
f 2606/1/749 2609/1/749 2608/1/749
f 2613/152/950 2615/151/950 2609/149/950
f 2615/1/703 2614/1/703 2608/1/703
f 2614/1/705 2615/1/705 2600/1/705
f 2615/151/958 2613/152/958 2598/153/958
f 2581/1/707 2599/1/707 2600/1/707
f 2582/156/1685 2600/154/1685 2598/153/1685
f 2581/1/756 2582/1/756 2579/1/756
f 2582/156/757 2580/155/757 2577/278/757
f 2574/195/799 2592/231/799 2594/233/799
f 2576/1/800 2594/1/800 2593/1/800
f 2592/231/1686 2628/261/1686 2630/232/1686
f 2594/1/940 2630/1/940 2629/1/940
f 2551/1/842 2629/1/842 2630/1/842
f 2552/235/1687 2630/232/1687 2628/261/1687
f 2562/236/1688 2564/217/1688 2552/235/1688
f 2564/1/1689 2563/1/1689 2551/1/1689
f 2539/1/1690 2563/1/1690 2564/1/1690
f 2564/217/1648 2562/236/1648 2538/218/1648
f 2530/1/775 2539/1/775 2540/1/775
f 2540/219/1691 2538/218/1691 2529/204/1691
f 2530/1/808 2531/1/808 2498/1/808
f 2531/205/1649 2529/204/1649 2496/237/1649
f 2491/1/810 2497/1/810 2498/1/810
f 2498/238/1692 2496/237/1692 2490/239/1692
f 2476/1/812 2491/1/812 2492/1/812
f 2492/240/928 2490/239/928 2475/241/928
f 2473/1/955 2476/1/955 2477/1/955
f 2477/242/943 2475/241/943 2472/245/943
f 2473/1/816 2474/1/816 2447/1/816
f 2447/244/817 2474/243/817 2472/245/817
f 2446/1/818 2447/1/818 2441/1/818
f 2447/244/931 2445/246/931 2440/182/931
f 2442/250/1693 2444/248/1693 2438/249/1693
f 2438/1/1651 2444/1/1651 2443/1/1651
f 2442/250/1694 2469/269/1694 2471/251/1694
f 2444/1/823 2471/1/823 2470/1/823
f 2478/252/861 2480/253/861 2471/251/861
f 2480/1/901 2479/1/901 2470/1/901
f 2478/252/1695 2487/255/1695 2489/254/1695
f 2489/1/883 2488/1/883 2479/1/883
f 2493/257/908 2495/256/908 2489/254/908
f 2489/1/829 2495/1/829 2494/1/829
f 2526/209/772 2528/201/772 2495/256/772
f 2495/1/771 2528/1/771 2527/1/771
f 2526/209/788 2535/258/788 2537/222/788
f 2528/1/832 2537/1/832 2536/1/832
f 2535/258/1696 2559/223/1696 2561/224/1696
f 2561/1/1697 2560/1/1697 2536/1/1697
f 2560/1/866 2561/1/866 2549/1/866
f 2549/225/1698 2561/224/1698 2559/223/1698
f 2625/226/1666 2627/228/1666 2549/225/1666
f 2627/1/887 2626/1/887 2548/1/887
f 2626/1/1699 2627/1/1699 2591/1/1699
f 2591/230/1700 2627/228/1700 2625/226/1700
f 2590/1/872 2591/1/872 2588/1/872
f 2588/196/840 2591/230/840 2589/229/840
f 2569/1/800 2587/1/800 2588/1/800
f 2588/196/799 2586/195/799 2568/231/799
f 2568/231/1686 2622/261/1686 2624/232/1686
f 2624/1/940 2623/1/940 2569/1/940
f 2545/1/842 2623/1/842 2624/1/842
f 2546/235/1687 2624/232/1687 2622/261/1687
f 2556/236/844 2558/217/844 2546/235/844
f 2558/1/1701 2557/1/1701 2545/1/1701
f 2557/1/925 2558/1/925 2534/1/925
f 2558/217/976 2556/236/976 2532/218/976
f 2751/204/1702 2753/205/1702 2534/219/1702
f 2753/1/1703 2752/1/1703 2533/1/1703
f 2752/1/808 2753/1/808 2504/1/808
f 2753/205/999 2751/204/999 2502/237/999
f 2508/239/1704 2510/240/1704 2504/238/1704
f 2504/1/927 2510/1/927 2509/1/927
f 2482/1/929 2509/1/929 2510/1/929
f 2483/242/1705 2510/240/1705 2508/239/1705
f 2482/1/815 2483/1/815 2468/1/815
f 2483/242/943 2481/241/943 2466/245/943
f 2514/246/930 2516/244/930 2468/243/930
f 2516/1/1706 2515/1/1706 2467/1/1706
f 2515/1/818 2516/1/818 2450/1/818
f 2516/244/1707 2514/246/1707 2448/182/1707
f 2454/180/1019 2456/183/1019 2450/181/1019
f 2450/1/1020 2456/1/1020 2455/1/1020
f 2431/1/1041 2455/1/1041 2456/1/1041
f 2432/185/1034 2456/183/1034 2454/180/1034
f 2430/184/740 2520/187/740 2522/186/740
f 2432/1/934 2522/1/934 2521/1/934
f 2521/1/946 2522/1/946 2408/1/946
f 2522/186/935 2520/187/935 2406/274/935
f 2406/274/947 2412/281/947 2414/279/947
f 2408/1/743 2414/1/743 2413/1/743
f 2413/1/1708 2414/1/1708 2381/1/1708
f 2414/279/1709 2412/281/1709 2380/192/1709
f 4023/204/1710 4025/205/1710 4019/220/1710
f 4025/1/1711 4024/1/1711 4018/1/1711
f 3988/1/1712 4024/1/1712 4025/1/1712
f 3989/238/1015 4025/205/1015 4023/204/1015
f 3987/237/1016 3996/239/1016 3998/240/1016
f 3998/1/1713 3997/1/1713 3988/1/1713
f 4089/241/1650 4091/242/1650 3998/240/1650
f 4091/1/812 4090/1/812 3997/1/812
f 3958/1/955 4090/1/955 4091/1/955
f 4091/242/943 4089/241/943 3957/245/943
f 3957/245/1037 3969/246/1037 3971/244/1037
f 3959/1/816 3971/1/816 3970/1/816
f 3970/1/818 3971/1/818 3941/1/818
f 3971/244/931 3969/246/931 3939/182/931
f 3975/180/1019 3977/183/1019 3941/181/1019
f 3941/1/932 3977/1/932 3976/1/932
f 3976/1/945 3977/1/945 3914/1/945
f 3977/183/1034 3975/180/1034 3912/184/1034
f 3918/187/1080 3920/186/1080 3914/185/1080
f 3920/1/739 3919/1/739 3913/1/739
f 3886/1/741 3919/1/741 3920/1/741
f 3887/189/1714 3920/186/1714 3918/187/1714
f 3885/274/947 3894/281/947 3896/279/947
f 3896/1/1684 3895/1/1684 3886/1/1684
f 3862/1/1715 3895/1/1715 3896/1/1715
f 3896/279/1044 3894/281/1044 3861/192/1044
f 3862/1/948 3863/1/948 3845/1/948
f 3845/148/747 3863/146/747 3861/192/747
f 3843/147/949 3849/150/949 3851/149/949
f 3845/1/701 3851/1/701 3850/1/701
f 3820/1/1026 3850/1/1026 3851/1/1026
f 3851/149/752 3849/150/752 3819/152/752
f 3864/153/753 3866/154/753 3821/151/753
f 3866/1/1716 3865/1/1716 3820/1/1716
f 3865/1/755 3866/1/755 3800/1/755
f 3866/154/1619 3864/153/1619 3798/155/1619
f 3799/1/764 3800/1/764 3782/1/764
f 3800/156/757 3798/155/757 3780/215/757
f 3801/231/799 3803/233/799 3788/196/799
f 3803/1/889 3802/1/889 3787/1/889
f 3766/1/841 3802/1/841 3803/1/841
f 3767/232/801 3803/233/801 3801/231/801
f 3768/234/923 3770/235/923 3767/232/923
f 3767/1/803 3770/1/803 3769/1/803
f 3768/234/989 3774/236/989 3776/217/989
f 3770/1/942 3776/1/942 3775/1/942
f 3760/1/782 3775/1/782 3776/1/782
f 3761/219/807 3776/217/807 3774/236/807
f 3759/218/1013 3876/204/1013 3878/205/1013
f 3878/1/775 3877/1/775 3760/1/775
f 3736/1/808 3877/1/808 3878/1/808
f 3878/205/999 3876/204/999 3735/237/999
f 3735/237/1036 3741/239/1036 3743/240/1036
f 3743/1/1713 3742/1/1713 3736/1/1713
f 3742/1/1717 3743/1/1717 3731/1/1717
f 3731/242/1705 3743/240/1705 3741/239/1705
f 3747/245/1029 3749/243/1029 3731/242/1029
f 3749/1/815 3748/1/815 3730/1/815
f 3712/1/816 3748/1/816 3749/1/816
f 3713/244/1030 3749/243/1030 3747/245/1030
f 3711/246/931 3714/182/931 3716/181/931
f 3713/1/1718 3716/1/1718 3715/1/1718
f 3714/182/1719 3720/180/1719 3722/183/1719
f 3722/1/932 3721/1/932 3715/1/932
f 3721/1/737 3722/1/737 3707/1/737
f 3722/183/1720 3720/180/1720 3705/184/1720
f 3705/184/740 3753/187/740 3755/186/740
f 3707/1/934 3755/1/934 3754/1/934
f 3754/1/741 3755/1/741 3689/1/741
f 3689/189/1721 3755/186/1721 3753/187/1721
f 3693/281/1722 3695/279/1722 3689/189/1722
f 3695/1/743 3694/1/743 3688/1/743
f 3694/1/745 3695/1/745 3683/1/745
f 3695/279/1044 3693/281/1044 3681/192/1044
f 3699/147/968 3701/148/968 3683/146/968
f 3701/1/948 3700/1/948 3682/1/948
f 3661/1/749 3700/1/749 3701/1/749
f 3701/148/949 3699/147/949 3660/150/949
f 3663/152/914 3665/151/914 3662/149/914
f 3662/1/913 3665/1/913 3664/1/913
f 3663/152/970 3669/153/970 3671/154/970
f 3671/1/705 3670/1/705 3664/1/705
f 3655/1/755 3670/1/755 3671/1/755
f 3656/156/917 3671/154/917 3669/153/917
f 3655/1/764 3656/1/764 3653/1/764
f 3656/156/765 3654/155/765 3651/157/765
f 3657/158/1723 3659/161/1723 3653/159/1723
f 3659/1/961 3658/1/961 3652/1/961
f 3672/160/875 3674/163/875 3659/161/875
f 3659/1/714 3674/1/714 3673/1/714
f 3673/1/918 3674/1/918 3668/1/918
f 3668/162/876 3674/163/876 3672/160/876
f 3666/164/877 3702/143/877 3704/145/877
f 3704/1/1724 3703/1/1724 3667/1/1724
f 3685/1/963 3703/1/963 3704/1/963
f 3686/144/878 3704/145/878 3702/143/878
f 3685/1/721 3686/1/721 3680/1/721
f 3686/144/1672 3684/165/1672 3678/282/1672
f 3594/237/999 3596/238/999 3587/205/999
f 3596/1/808 3595/1/808 3585/1/808
f 3580/1/927 3595/1/927 3596/1/927
f 3581/240/811 3596/238/811 3594/237/811
f 3579/239/928 3633/241/928 3635/242/928
f 3581/1/812 3635/1/812 3634/1/812
f 3634/1/815 3635/1/815 3563/1/815
f 3635/242/943 3633/241/943 3561/245/943
f 3561/245/1037 3567/246/1037 3569/244/1037
f 3569/1/816 3568/1/816 3562/1/816
f 3568/1/818 3569/1/818 3551/1/818
f 3569/244/931 3567/246/931 3549/182/931
f 3549/182/735 3552/180/735 3554/183/735
f 3551/1/932 3554/1/932 3553/1/932
f 3573/184/1021 3575/185/1021 3554/183/1021
f 3554/1/1725 3575/1/1725 3574/1/1725
f 3538/1/739 3574/1/739 3575/1/739
f 3575/185/1080 3573/184/1080 3537/187/1080
f 3543/274/935 3545/189/935 3539/186/935
f 3545/1/946 3544/1/946 3538/1/946
f 3544/1/1043 3545/1/1043 3533/1/1043
f 3545/189/947 3543/274/947 3531/281/947
f 3531/281/1044 3639/192/1044 3641/146/1044
f 3533/1/745 3641/1/745 3640/1/745
f 3514/1/948 3640/1/948 3641/1/948
f 3515/148/1003 3641/146/1003 3639/192/1003
f 3519/150/949 3521/149/949 3515/148/949
f 3515/1/749 3521/1/749 3520/1/749
f 3520/1/751 3521/1/751 3503/1/751
f 3521/149/950 3519/150/950 3501/152/950
f 3501/152/915 3504/153/915 3506/154/915
f 3506/1/705 3505/1/705 3502/1/705
f 3490/1/707 3505/1/707 3506/1/707
f 3491/156/917 3506/154/917 3504/153/917
f 3490/1/756 3491/1/756 3488/1/756
f 3491/156/768 3489/155/768 3486/284/768
f 3498/272/971 3500/273/971 3479/196/971
f 3500/1/1009 3499/1/1009 3478/1/1009
f 3472/1/940 3499/1/940 3500/1/940
f 3473/232/987 3500/273/987 3498/272/987
f 3525/234/1670 3527/235/1670 3473/232/1670
f 3527/1/842 3526/1/842 3472/1/842
f 3526/1/806 3527/1/806 3455/1/806
f 3527/235/844 3525/234/844 3453/236/844
f 3459/218/953 3461/219/953 3455/217/953
f 3455/1/925 3461/1/925 3460/1/925
f 3460/1/775 3461/1/775 3443/1/775
f 3461/219/784 3459/218/784 3441/204/784
f 3444/237/1726 3446/238/1726 3443/205/1726
f 3446/1/808 3445/1/808 3442/1/808
f 3444/237/811 3465/239/811 3467/240/811
f 3446/1/1713 3467/1/1713 3466/1/1713
f 3430/1/929 3466/1/929 3467/1/929
f 3431/242/928 3467/240/928 3465/239/928
f 3435/245/1029 3437/243/1029 3431/242/1029
f 3437/1/955 3436/1/955 3430/1/955
f 3436/1/1031 3437/1/1031 3425/1/1031
f 3425/244/1030 3437/243/1030 3435/245/1030
f 3648/182/1727 3650/181/1727 3425/244/1727
f 3650/1/818 3649/1/818 3424/1/818
f 3394/1/932 3649/1/932 3650/1/932
f 3395/183/1033 3650/181/1033 3648/182/1033
f 3399/184/1021 3401/185/1021 3395/183/1021
f 3395/1/1725 3401/1/1725 3400/1/1725
f 3382/1/739 3400/1/739 3401/1/739
f 3383/186/1080 3401/185/1080 3399/184/1080
f 3384/274/742 3386/189/742 3383/186/742
f 3386/1/946 3385/1/946 3382/1/946
f 3384/274/947 3405/281/947 3407/279/947
f 3386/1/743 3407/1/743 3406/1/743
f 3406/1/745 3407/1/745 3371/1/745
f 3407/279/937 3405/281/937 3369/285/937
f 3412/1/1728 3413/1/1728 3317/1/1728
f 3413/201/886 3411/209/886 3315/258/886
f 3315/258/1652 3327/223/1652 3329/224/1652
f 3317/1/834 3329/1/834 3328/1/834
f 3328/1/1664 3329/1/1664 3323/1/1664
f 3329/224/1062 3327/223/1062 3321/227/1062
f 3357/226/1729 3359/228/1729 3323/225/1729
f 3359/1/887 3358/1/887 3322/1/887
f 3358/1/838 3359/1/838 3338/1/838
f 3359/228/797 3357/226/797 3336/229/797
f 3337/1/904 3338/1/904 3332/1/904
f 3338/230/939 3336/229/939 3330/195/939
f 3330/195/799 3333/231/799 3335/233/799
f 3332/1/889 3335/1/889 3334/1/889
f 3333/231/801 3354/261/801 3356/232/801
f 3356/1/841 3355/1/841 3334/1/841
f 3319/1/842 3355/1/842 3356/1/842
f 3356/232/891 3354/261/891 3318/234/891
f 3318/234/989 3324/236/989 3326/217/989
f 3320/1/942 3326/1/942 3325/1/942
f 3313/1/782 3325/1/782 3326/1/782
f 3314/219/807 3326/217/807 3324/236/807
f 3312/218/1013 3420/204/1013 3422/205/1013
f 3422/1/775 3421/1/775 3313/1/775
f 3421/1/808 3422/1/808 3290/1/808
f 3422/205/999 3420/204/999 3288/237/999
f 3288/237/1036 3294/239/1036 3296/240/1036
f 3290/1/810 3296/1/810 3295/1/810
f 3295/1/1717 3296/1/1717 3275/1/1717
f 3275/242/1705 3296/240/1705 3294/239/1705
f 3276/245/1029 3278/243/1029 3275/242/1029
f 3278/1/815 3277/1/815 3274/1/815
f 3276/245/1730 3300/246/1730 3302/244/1730
f 3278/1/816 3302/1/816 3301/1/816
f 3301/1/1718 3302/1/1718 3263/1/1718
f 3263/181/819 3302/244/819 3300/246/819
f 3261/182/1719 3267/180/1719 3269/183/1719
f 3263/1/932 3269/1/932 3268/1/932
f 3268/1/1725 3269/1/1725 3257/1/1725
f 3257/185/1731 3269/183/1731 3267/180/1731
f 3255/184/740 3306/187/740 3308/186/740
f 3257/1/934 3308/1/934 3307/1/934
f 3244/1/741 3307/1/741 3308/1/741
f 3245/189/1721 3308/186/1721 3306/187/1721
f 3249/191/1722 3251/190/1722 3245/189/1722
f 3245/1/743 3251/1/743 3250/1/743
f 3232/1/745 3250/1/745 3251/1/745
f 3233/146/1732 3251/190/1732 3249/191/1732
f 3234/147/1733 3236/148/1733 3233/146/1733
f 3236/1/948 3235/1/948 3232/1/948
f 3223/1/749 3235/1/749 3236/1/749
f 3224/149/1004 3236/148/1004 3234/147/1004
f 3217/1/703 3223/1/703 3224/1/703
f 3218/151/950 3224/149/950 3222/150/950
f 3217/1/916 3218/1/916 3209/1/916
f 3218/151/1734 3216/152/1734 3207/153/1734
f 3210/155/917 3212/156/917 3209/154/917
f 3209/1/707 3212/1/707 3211/1/707
f 3211/1/764 3212/1/764 3206/1/764
f 3212/156/757 3210/155/757 3204/157/757
f 3204/157/758 3213/158/758 3215/161/758
f 3215/1/961 3214/1/961 3205/1/961
f 3213/158/875 3225/160/875 3227/163/875
f 3215/1/714 3227/1/714 3226/1/714
f 3226/1/918 3227/1/918 3221/1/918
f 3221/162/876 3227/163/876 3225/160/876
f 3228/143/906 3230/145/906 3221/162/906
f 3221/1/920 3230/1/920 3229/1/920
f 3228/143/1027 3237/165/1027 3239/144/1027
f 3239/1/720 3238/1/720 3229/1/720
f 3237/165/1057 3252/167/1057 3254/166/1057
f 3239/1/721 3254/1/721 3253/1/721
f 3253/1/724 3254/1/724 3248/1/724
f 3254/166/1068 3252/167/1068 3246/168/1068
f 3247/1/1668 3248/1/1668 3242/1/1668
f 3248/170/880 3246/168/880 3240/172/880
f 3309/171/1735 3311/174/1735 3242/169/1735
f 3311/1/853 3310/1/853 3241/1/853
f 3259/1/854 3310/1/854 3311/1/854
f 3260/173/1736 3311/174/1736 3309/171/1736
f 3270/178/856 3272/176/856 3260/173/856
f 3260/1/732 3272/1/732 3271/1/732
f 3271/1/857 3272/1/857 3266/1/857
f 3272/176/858 3270/178/858 3264/179/858
f 3264/247/859 3303/250/859 3305/248/859
f 3266/1/821 3305/1/821 3304/1/821
f 3304/1/823 3305/1/823 3281/1/823
f 3305/248/822 3303/250/822 3279/269/822
f 3297/252/1737 3299/253/1737 3281/251/1737
f 3299/1/824 3298/1/824 3280/1/824
f 3292/1/862 3298/1/862 3299/1/862
f 3293/254/1738 3299/253/1738 3297/252/1738
f 3286/1/885 3292/1/885 3293/1/885
f 3287/256/884 3293/254/884 3291/255/884
f 3286/1/771 3287/1/771 3284/1/771
f 3287/256/772 3285/257/772 3282/211/772
f 3375/147/1739 3377/148/1739 3368/146/1739
f 3377/1/957 3376/1/957 3367/1/957
f 3361/1/749 3376/1/749 3377/1/749
f 3362/149/949 3377/148/949 3375/147/949
f 3414/152/950 3416/151/950 3362/149/950
f 3416/1/1740 3415/1/1740 3361/1/1740
f 3415/1/705 3416/1/705 3344/1/705
f 3344/154/915 3416/151/915 3414/152/915
f 3342/153/708 3348/155/708 3350/156/708
f 3350/1/755 3349/1/755 3343/1/755
f 3351/157/765 3353/159/765 3350/156/765
f 3350/1/764 3353/1/764 3352/1/764
f 3346/1/961 3352/1/961 3353/1/961
f 3353/159/960 3351/157/960 3345/277/960
f 3340/1/962 3346/1/962 3347/1/962
f 3347/161/875 3345/277/875 3339/160/875
f 3339/160/761 3417/287/761 3419/286/761
f 3341/1/716 3419/1/716 3418/1/716
f 3418/1/718 3419/1/718 3365/1/718
f 3365/145/906 3419/286/906 3417/287/906
f 3378/165/878 3380/144/878 3365/145/878
f 3380/1/720 3379/1/720 3364/1/720
f 3379/1/721 3380/1/721 3374/1/721
f 3380/144/777 3378/165/777 3372/167/777
f 3408/168/723 3410/264/723 3374/166/723
f 3410/1/724 3409/1/724 3373/1/724
f 3409/1/726 3410/1/726 3389/1/726
f 3389/169/725 3410/264/725 3408/168/725
f 3387/172/898 3402/171/898 3404/174/898
f 3389/1/853 3404/1/853 3403/1/853
f 3397/1/854 3403/1/854 3404/1/854
f 3404/174/729 3402/171/729 3396/175/729
f 3391/1/732 3397/1/732 3398/1/732
f 3398/173/1071 3396/175/1071 3390/178/1071
f 3645/179/1741 3647/177/1741 3392/176/1741
f 3392/1/733 3647/1/733 3646/1/733
f 3646/1/821 3647/1/821 3428/1/821
f 3428/248/1742 3647/249/1742 3645/247/1742
f 3426/250/860 3438/262/860 3440/251/860
f 3440/1/1743 3439/1/1743 3427/1/1743
f 3439/1/824 3440/1/824 3434/1/824
f 3434/253/882 3440/251/882 3438/262/882
f 3468/255/1695 3470/254/1695 3434/253/1695
f 3434/1/862 3470/1/862 3469/1/862
f 3448/1/829 3469/1/829 3470/1/829
f 3470/254/828 3468/255/828 3447/257/828
f 3447/257/910 3462/209/910 3464/201/910
f 3464/1/771 3463/1/771 3448/1/771
f 3463/1/832 3464/1/832 3458/1/832
f 3458/222/831 3464/201/831 3462/209/831
f 3451/1/790 3457/1/790 3458/1/790
f 3452/224/865 3458/222/865 3456/288/865
f 3528/227/836 3530/225/836 3452/224/836
f 3530/1/1664 3529/1/1664 3451/1/1664
f 3529/1/887 3530/1/887 3476/1/887
f 3530/225/903 3528/227/903 3474/226/903
f 3474/226/1677 3492/259/1677 3494/230/1677
f 3476/1/870 3494/1/870 3493/1/870
f 3493/1/769 3494/1/769 3482/1/769
f 3494/230/770 3492/259/770 3480/263/770
f 3495/158/905 3497/161/905 3485/159/905
f 3497/1/1065 3496/1/1065 3484/1/1065
f 3495/158/875 3507/160/875 3509/163/875
f 3497/1/1085 3509/1/1085 3508/1/1085
f 3507/160/1077 3522/287/1077 3524/286/1077
f 3524/1/716 3523/1/716 3508/1/716
f 3517/1/718 3523/1/718 3524/1/718
f 3524/286/1744 3522/287/1744 3516/143/1744
f 3517/1/720 3518/1/720 3512/1/720
f 3518/145/907 3516/143/907 3510/165/907
f 3510/165/1672 3642/167/1672 3644/166/1672
f 3512/1/721 3644/1/721 3643/1/721
f 3535/1/724 3643/1/724 3644/1/724
f 3536/264/895 3644/166/895 3642/167/895
f 3534/168/897 3546/172/897 3548/169/897
f 3548/1/850 3547/1/850 3535/1/850
f 3547/1/728 3548/1/728 3542/1/728
f 3542/174/727 3548/169/727 3546/172/727
f 3540/171/855 3576/175/855 3578/173/855
f 3542/1/854 3578/1/854 3577/1/854
f 3556/1/732 3577/1/732 3578/1/732
f 3578/173/856 3576/175/856 3555/178/856
f 3570/179/1741 3572/177/1741 3557/176/1741
f 3572/1/857 3571/1/857 3556/1/857
f 3565/1/1651 3571/1/1651 3572/1/1651
f 3566/248/1742 3572/249/1742 3570/247/1742
f 3565/1/1092 3566/1/1092 3560/1/1092
f 3560/251/860 3566/248/860 3564/250/860
f 3558/269/861 3636/252/861 3638/253/861
f 3560/1/901 3638/1/901 3637/1/901
f 3637/1/883 3638/1/883 3584/1/883
f 3638/253/1673 3636/252/1673 3582/255/1673
f 3597/257/908 3599/256/908 3584/254/908
f 3599/1/885 3598/1/885 3583/1/885
f 3598/1/771 3599/1/771 3593/1/771
f 3593/201/772 3599/256/772 3597/257/772
f 3591/209/886 3630/258/886 3632/222/886
f 3632/1/902 3631/1/902 3592/1/902
f 3631/1/834 3632/1/834 3608/1/834
f 3608/224/1652 3632/222/1652 3630/258/1652
f 3624/227/836 3626/225/836 3608/224/836
f 3608/1/866 3626/1/866 3625/1/866
f 3625/1/887 3626/1/887 3611/1/887
f 3626/225/868 3624/227/868 3609/226/868
f 3618/259/797 3620/230/797 3611/228/797
f 3611/1/870 3620/1/870 3619/1/870
f 3619/1/769 3620/1/769 3614/1/769
f 3620/230/939 3618/259/939 3612/195/939
f 3615/272/890 3617/273/890 3614/196/890
f 3617/1/800 3616/1/800 3613/1/800
f 3621/261/801 3623/232/801 3617/273/801
f 3623/1/841 3622/1/841 3616/1/841
f 3622/1/842 3623/1/842 3602/1/842
f 3623/232/891 3621/261/891 3600/234/891
f 3603/236/844 3605/217/844 3602/235/844
f 3605/1/942 3604/1/942 3601/1/942
f 3603/236/807 3627/218/807 3629/219/807
f 3605/1/925 3629/1/925 3628/1/925
f 3628/1/775 3629/1/775 3590/1/775
f 3629/219/926 3627/218/926 3588/265/926
f 3696/168/1745 3698/170/1745 3677/166/1745
f 3698/1/1671 3697/1/1671 3675/1/1671
f 3691/1/1048 3697/1/1048 3698/1/1048
f 3692/169/880 3698/170/880 3696/168/880
f 3756/171/1735 3758/174/1735 3692/169/1735
f 3758/1/853 3757/1/853 3691/1/853
f 3757/1/730 3758/1/730 3710/1/730
f 3758/174/1049 3756/171/1049 3708/175/1049
f 3723/178/856 3725/176/856 3710/173/856
f 3725/1/732 3724/1/732 3709/1/732
f 3724/1/733 3725/1/733 3719/1/733
f 3725/176/858 3723/178/858 3717/179/858
f 3750/250/859 3752/248/859 3719/249/859
f 3719/1/821 3752/1/821 3751/1/821
f 3751/1/823 3752/1/823 3734/1/823
f 3752/248/822 3750/250/822 3732/262/822
f 3733/1/824 3734/1/824 3728/1/824
f 3734/251/825 3732/262/825 3726/252/825
f 3744/255/1052 3746/254/1052 3728/253/1052
f 3746/1/883 3745/1/883 3727/1/883
f 3745/1/1746 3746/1/1746 3740/1/1746
f 3746/254/908 3744/255/908 3738/257/908
f 3738/257/772 3867/209/772 3869/201/772
f 3869/1/771 3868/1/771 3739/1/771
f 3868/1/902 3869/1/902 3764/1/902
f 3869/201/886 3867/209/886 3762/258/886
f 3762/258/1652 3777/223/1652 3779/224/1652
f 3779/1/790 3778/1/790 3763/1/790
f 3778/1/1664 3779/1/1664 3773/1/1664
f 3779/224/1062 3777/223/1062 3771/227/1062
f 3810/226/1729 3812/228/1729 3773/225/1729
f 3773/1/795 3812/1/795 3811/1/795
f 3793/1/838 3811/1/838 3812/1/838
f 3794/230/1064 3812/228/1064 3810/226/1064
f 3793/1/904 3794/1/904 3791/1/904
f 3794/230/798 3792/259/798 3789/290/798
f 3804/277/1747 3806/161/1747 3785/159/1747
f 3806/1/712 3805/1/712 3784/1/712
f 3804/277/1630 3813/160/1630 3815/163/1630
f 3806/1/714 3815/1/714 3814/1/714
f 3813/160/1748 3822/164/1748 3824/162/1748
f 3815/1/918 3824/1/918 3823/1/918
f 3852/143/1749 3854/145/1749 3824/162/1749
f 3854/1/920 3853/1/920 3823/1/920
f 3853/1/963 3854/1/963 3836/1/963
f 3854/145/1027 3852/143/1027 3834/165/1027
f 3837/167/722 3839/166/722 3836/144/722
f 3836/1/721 3839/1/721 3838/1/721
f 3879/168/849 3881/170/849 3839/166/849
f 3881/1/724 3880/1/724 3838/1/724
f 3888/172/897 3890/169/897 3881/170/897
f 3881/1/850 3890/1/850 3889/1/850
f 3903/171/1750 3905/174/1750 3890/169/1750
f 3905/1/1751 3904/1/1751 3889/1/1751
f 3903/171/729 3906/175/729 3908/173/729
f 3908/1/854 3907/1/854 3904/1/854
f 3906/175/856 3924/268/856 3926/176/856
f 3926/1/1752 3925/1/1752 3907/1/1752
f 3934/179/1051 3935/177/1051 3926/176/1051
f 3935/1/733 3933/1/733 3925/1/733
f 3928/1/932 3937/1/932 3938/1/932
f 3929/183/1753 3938/181/1753 3936/182/1753
f 3928/1/737 3929/1/737 3911/1/737
f 3929/183/738 3927/180/738 3909/184/738
f 3910/1/934 3911/1/934 3902/1/934
f 3911/185/740 3909/184/740 3900/187/740
f 3901/1/946 3902/1/946 3893/1/946
f 3893/189/742 3902/186/742 3900/187/742
f 3892/1/743 3893/1/743 3884/1/743
f 3893/189/947 3891/274/947 3882/191/947
f 3841/1/745 3883/1/745 3884/1/745
f 3884/190/937 3882/191/937 3840/192/937
f 3841/1/1754 3842/1/1754 3833/1/1754
f 3842/146/747 3840/192/747 3831/147/747
f 3855/150/750 3857/149/750 3833/148/750
f 3857/1/749 3856/1/749 3832/1/749
f 3826/1/703 3856/1/703 3857/1/703
f 3827/151/1755 3857/149/1755 3855/150/1755
f 3870/153/1756 3872/154/1756 3827/151/1756
f 3872/1/1757 3871/1/1757 3826/1/1757
f 3871/1/1758 3872/1/1758 3797/1/1758
f 3872/154/1759 3870/153/1759 3795/155/1759
f 3795/155/765 3807/157/765 3809/159/765
f 3797/1/756 3809/1/756 3808/1/756
f 3873/277/1760 3875/161/1760 3809/159/1760
f 3875/1/961 3874/1/961 3808/1/961
f 3829/1/1761 3874/1/1761 3875/1/1761
f 3830/163/1076 3875/161/1076 3873/277/1076
f 3817/1/1762 3829/1/1762 3830/1/1762
f 3818/162/1763 3830/163/1763 3828/160/1763
f 3858/143/1749 3860/145/1749 3818/162/1749
f 3860/1/718 3859/1/718 3817/1/718
f 3859/1/720 3860/1/720 3848/1/720
f 3848/144/1027 3860/145/1027 3858/143/1027
f 3846/165/1674 4092/167/1674 4094/166/1674
f 3848/1/1764 4094/1/1764 4093/1/1764
f 4093/1/724 4094/1/724 3899/1/724
f 4094/166/1659 4092/167/1659 3897/168/1659
f 3897/168/880 3921/172/880 3923/169/880
f 3923/1/850 3922/1/850 3898/1/850
f 3916/1/853 3922/1/853 3923/1/853
f 3923/169/727 3921/172/727 3915/171/727
f 3978/175/729 3980/173/729 3917/174/729
f 3980/1/854 3979/1/854 3916/1/854
f 3979/1/732 3980/1/732 3932/1/732
f 3932/176/856 3980/173/856 3978/175/856
f 3942/179/858 3944/177/858 3932/176/858
f 3944/1/733 3943/1/733 3931/1/733
f 3972/250/859 3974/248/859 3944/249/859
f 3944/1/821 3974/1/821 3973/1/821
f 3973/1/823 3974/1/823 3968/1/823
f 3974/248/860 3972/250/860 3966/262/860
f 4086/252/861 4088/253/861 3968/251/861
f 3968/1/824 4088/1/824 4087/1/824
f 3999/1/862 4087/1/862 4088/1/862
f 4001/254/1673 4088/253/1673 4086/252/1673
f 3589/1/775 3590/1/775 3587/1/775
f 3590/289/926 3588/265/926 3586/204/926
f 3679/1/1067 3680/1/1067 3677/1/1067
f 3680/283/1047 3678/282/1047 3676/167/1047
f 197/1/1765 4/1/1765 2/1/1765
f 194/1/1766 2/1/1766 94/1/1766
f 94/1/1767 361/1/1767 363/1/1767
f 363/1/1096 195/1/1096 194/1/1096
f 3/1/1097 193/1/1097 195/1/1097
f 195/1/1097 363/1/1097 362/1/1097
f 362/1/1097 96/1/1097 3/1/1097
f 193/1/1098 3/1/1098 202/1/1098
f 202/1/1768 201/1/1768 198/1/1768
f 201/1/1103 207/1/1103 205/1/1103
f 197/1/1100 204/1/1100 6/1/1100
f 3/1/1101 1/1/1101 5/1/1101
f 5/1/1769 200/1/1769 202/1/1769
f 7/1/1102 208/1/1102 200/1/1102
f 207/1/1770 213/1/1770 211/1/1770
f 204/1/1771 210/1/1771 8/1/1771
f 7/1/1772 9/1/1772 214/1/1772
f 215/1/1773 12/1/1773 218/1/1773
f 215/1/1773 218/1/1773 211/1/1773
f 210/1/1107 217/1/1107 10/1/1107
f 214/1/1774 9/1/1774 11/1/1774
f 11/1/1108 12/1/1108 215/1/1108
f 12/1/1775 15/1/1775 221/1/1775
f 220/1/1776 13/1/1776 10/1/1776
f 221/1/1111 15/1/1111 19/1/1111
f 19/1/1111 18/1/1111 222/1/1111
f 13/1/1777 220/1/1777 222/1/1777
f 222/1/1778 18/1/1778 16/1/1778
f 19/1/1113 17/1/1113 21/1/1113
f 21/1/1779 224/1/1779 226/1/1779
f 21/1/1114 24/1/1114 233/1/1114
f 228/1/1780 230/1/1780 22/1/1780
f 228/1/1780 22/1/1780 225/1/1780
f 18/1/1781 19/1/1781 226/1/1781
f 226/1/1782 225/1/1782 22/1/1782
f 232/1/1783 234/1/1783 242/1/1783
f 241/1/1106 237/1/1106 228/1/1106
f 232/1/1783 242/1/1783 241/1/1783
f 229/1/1117 236/1/1117 25/1/1117
f 20/1/1118 22/1/1118 230/1/1118
f 230/1/1118 229/1/1118 23/1/1118
f 233/1/1119 24/1/1119 26/1/1119
f 26/1/1784 240/1/1784 242/1/1784
f 242/1/1119 234/1/1119 233/1/1119
f 237/1/1106 241/1/1106 244/1/1106
f 244/1/1120 29/1/1120 238/1/1120
f 25/1/1121 236/1/1121 238/1/1121
f 238/1/1121 29/1/1121 27/1/1121
f 28/1/1785 245/1/1785 240/1/1785
f 245/1/1123 28/1/1123 31/1/1123
f 31/1/1786 33/1/1786 246/1/1786
f 29/1/1787 244/1/1787 246/1/1787
f 246/1/1788 33/1/1788 32/1/1788
f 32/1/1125 33/1/1125 36/1/1125
f 36/1/1789 248/1/1789 250/1/1789
f 39/1/1790 253/1/1790 248/1/1790
f 249/1/1791 252/1/1791 37/1/1791
f 30/1/1792 32/1/1792 250/1/1792
f 250/1/1128 249/1/1128 34/1/1128
f 253/1/1129 39/1/1129 260/1/1129
f 259/1/1103 256/1/1103 253/1/1103
f 252/1/1793 255/1/1793 40/1/1793
f 259/1/1103 265/1/1103 263/1/1103
f 262/1/1794 42/1/1794 40/1/1794
f 39/1/1795 38/1/1795 41/1/1795
f 41/1/1132 258/1/1132 260/1/1132
f 43/1/1796 266/1/1796 258/1/1796
f 265/1/1797 271/1/1797 269/1/1797
f 268/1/1134 44/1/1134 42/1/1134
f 43/1/1135 45/1/1135 272/1/1135
f 269/1/1798 271/1/1798 273/1/1798
f 273/1/1136 48/1/1136 276/1/1136
f 268/1/1799 275/1/1799 46/1/1799
f 272/1/1800 45/1/1800 47/1/1800
f 47/1/1138 48/1/1138 273/1/1138
f 276/1/1139 48/1/1139 51/1/1139
f 51/1/1139 279/1/1139 281/1/1139
f 281/1/1139 277/1/1139 276/1/1139
f 46/1/1801 275/1/1801 277/1/1801
f 277/1/1140 281/1/1140 280/1/1140
f 280/1/1802 49/1/1802 46/1/1802
f 279/1/1141 51/1/1141 288/1/1141
f 288/1/1803 287/1/1803 284/1/1803
f 283/1/1804 52/1/1804 49/1/1804
f 287/1/1103 293/1/1103 291/1/1103
f 290/1/1144 54/1/1144 52/1/1144
f 51/1/1145 50/1/1145 53/1/1145
f 53/1/1805 286/1/1805 288/1/1805
f 55/1/1146 294/1/1146 286/1/1146
f 293/1/1103 299/1/1103 297/1/1103
f 290/1/1806 296/1/1806 56/1/1806
f 55/1/1807 57/1/1807 300/1/1807
f 301/1/1149 60/1/1149 304/1/1149
f 297/1/1103 299/1/1103 301/1/1103
f 303/1/1808 58/1/1808 56/1/1808
f 300/1/1809 57/1/1809 59/1/1809
f 59/1/1151 60/1/1151 301/1/1151
f 60/1/1152 63/1/1152 307/1/1152
f 306/1/1810 61/1/1810 58/1/1810
f 307/1/1154 63/1/1154 67/1/1154
f 67/1/1154 66/1/1154 308/1/1154
f 61/1/1811 306/1/1811 308/1/1811
f 308/1/1812 66/1/1812 64/1/1812
f 67/1/1156 65/1/1156 69/1/1156
f 69/1/1813 310/1/1813 312/1/1813
f 69/1/1814 72/1/1814 319/1/1814
f 311/1/1815 318/1/1815 314/1/1815
f 314/1/1816 316/1/1816 70/1/1816
f 66/1/1817 67/1/1817 312/1/1817
f 312/1/1818 311/1/1818 70/1/1818
f 314/1/47 318/1/47 320/1/47
f 320/1/1160 328/1/1160 327/1/1160
f 327/1/1106 323/1/1106 314/1/1106
f 315/1/1819 322/1/1819 73/1/1819
f 68/1/1820 70/1/1820 316/1/1820
f 316/1/1162 315/1/1162 71/1/1162
f 319/1/1163 72/1/1163 74/1/1163
f 74/1/1821 326/1/1821 328/1/1821
f 328/1/1163 320/1/1163 319/1/1163
f 323/1/1106 327/1/1106 330/1/1106
f 330/1/1164 77/1/1164 324/1/1164
f 73/1/1822 322/1/1822 324/1/1822
f 324/1/1165 77/1/1165 75/1/1165
f 76/1/1823 331/1/1823 326/1/1823
f 331/1/1167 76/1/1167 79/1/1167
f 79/1/1167 81/1/1167 332/1/1167
f 77/1/1824 330/1/1824 332/1/1824
f 332/1/1168 81/1/1168 80/1/1168
f 80/1/1169 81/1/1169 84/1/1169
f 84/1/1825 334/1/1825 336/1/1825
f 87/1/1170 339/1/1170 334/1/1170
f 335/1/1171 338/1/1171 85/1/1171
f 78/1/1826 80/1/1826 336/1/1826
f 336/1/1827 335/1/1827 82/1/1827
f 339/1/1828 87/1/1828 346/1/1828
f 339/1/1828 346/1/1828 345/1/1828
f 338/1/1829 341/1/1829 88/1/1829
f 345/1/1103 351/1/1103 349/1/1103
f 348/1/1830 90/1/1830 88/1/1830
f 87/1/1831 86/1/1831 89/1/1831
f 89/1/1832 344/1/1832 346/1/1832
f 91/1/1176 352/1/1176 344/1/1176
f 351/1/1833 357/1/1833 355/1/1833
f 354/1/1177 92/1/1177 90/1/1177
f 91/1/1178 93/1/1178 358/1/1178
f 355/1/1106 357/1/1106 359/1/1106
f 359/1/1179 96/1/1179 362/1/1179
f 354/1/1834 361/1/1834 94/1/1834
f 358/1/1835 93/1/1835 95/1/1835
f 95/1/1181 96/1/1181 359/1/1181
f 99/1/1836 366/1/1836 370/1/1836
f 370/1/1103 372/1/1103 374/1/1103
f 366/1/1183 99/1/1183 192/1/1183
f 192/1/1183 533/1/1183 535/1/1183
f 535/1/1183 367/1/1183 366/1/1183
f 97/1/1837 365/1/1837 367/1/1837
f 367/1/1184 535/1/1184 534/1/1184
f 534/1/1838 191/1/1838 97/1/1838
f 97/1/1839 100/1/1839 369/1/1839
f 102/1/1186 376/1/1186 369/1/1186
f 370/1/1103 377/1/1103 379/1/1103
f 98/1/1188 99/1/1188 374/1/1188
f 374/1/1840 373/1/1840 101/1/1840
f 373/1/1841 380/1/1841 103/1/1841
f 104/1/1842 382/1/1842 376/1/1842
f 377/1/1103 383/1/1103 386/1/1103
f 380/1/1843 385/1/1843 105/1/1843
f 106/1/1844 389/1/1844 382/1/1844
f 390/1/1845 108/1/1845 387/1/1845
f 386/1/1103 383/1/1103 390/1/1103
f 105/1/1846 385/1/1846 387/1/1846
f 387/1/1194 108/1/1194 107/1/1194
f 106/1/1847 109/1/1847 393/1/1847
f 392/1/1196 111/1/1196 108/1/1196
f 393/1/1197 109/1/1197 112/1/1197
f 112/1/1848 114/1/1848 394/1/1848
f 111/1/1849 392/1/1849 394/1/1849
f 394/1/1198 114/1/1198 115/1/1198
f 396/1/1199 118/1/1199 402/1/1199
f 401/1/1103 405/1/1103 396/1/1103
f 115/1/1200 114/1/1200 118/1/1200
f 118/1/1850 396/1/1850 398/1/1850
f 113/1/1851 115/1/1851 398/1/1851
f 398/1/1852 397/1/1852 117/1/1852
f 404/1/1853 120/1/1853 117/1/1853
f 121/1/1203 409/1/1203 400/1/1203
f 118/1/1204 116/1/1204 119/1/1204
f 119/1/1204 400/1/1204 402/1/1204
f 405/1/1103 401/1/1103 408/1/1103
f 412/1/1205 414/1/1205 406/1/1205
f 405/1/1103 408/1/1103 412/1/1103
f 120/1/1854 404/1/1854 406/1/1854
f 406/1/1206 414/1/1206 413/1/1206
f 413/1/1206 122/1/1206 120/1/1206
f 409/1/1207 121/1/1207 123/1/1207
f 123/1/1207 125/1/1207 410/1/1207
f 408/1/1855 410/1/1855 125/1/1855
f 125/1/1855 417/1/1855 412/1/1855
f 413/1/1209 416/1/1209 124/1/1209
f 417/1/1856 125/1/1856 128/1/1856
f 128/1/1210 129/1/1210 418/1/1210
f 124/1/1211 416/1/1211 418/1/1211
f 418/1/1857 129/1/1857 127/1/1857
f 133/1/1858 424/1/1858 420/1/1858
f 128/1/1859 126/1/1859 130/1/1859
f 130/1/1860 420/1/1860 422/1/1860
f 129/1/1214 128/1/1214 422/1/1214
f 422/1/1861 421/1/1861 132/1/1861
f 421/1/1215 425/1/1215 135/1/1215
f 136/1/1862 427/1/1862 424/1/1862
f 135/1/1217 425/1/1217 428/1/1217
f 428/1/1863 430/1/1863 432/1/1863
f 136/1/1864 138/1/1864 434/1/1864
f 428/1/1103 435/1/1103 437/1/1103
f 134/1/1219 135/1/1219 432/1/1219
f 432/1/1865 431/1/1865 137/1/1865
f 431/1/1866 438/1/1866 139/1/1866
f 140/1/1221 440/1/1221 434/1/1221
f 435/1/1867 441/1/1867 444/1/1867
f 443/1/1868 141/1/1868 139/1/1868
f 142/1/1869 448/1/1869 440/1/1869
f 444/1/1870 441/1/1870 447/1/1870
f 447/1/1224 144/1/1224 445/1/1224
f 141/1/1871 443/1/1871 445/1/1871
f 445/1/1225 144/1/1225 143/1/1225
f 448/1/1872 142/1/1872 145/1/1872
f 145/1/1873 451/1/1873 453/1/1873
f 453/1/1226 449/1/1226 448/1/1226
f 144/1/1227 447/1/1227 449/1/1227
f 449/1/1227 453/1/1227 452/1/1227
f 452/1/1227 147/1/1227 144/1/1227
f 145/1/1874 148/1/1874 455/1/1874
f 147/1/1875 452/1/1875 456/1/1875
f 456/1/1876 458/1/1876 460/1/1876
f 148/1/1230 150/1/1230 462/1/1230
f 456/1/1103 463/1/1103 465/1/1103
f 146/1/1877 147/1/1877 460/1/1877
f 460/1/1878 459/1/1878 149/1/1878
f 459/1/1879 466/1/1879 151/1/1879
f 152/1/1880 468/1/1880 462/1/1880
f 463/1/1103 469/1/1103 472/1/1103
f 471/1/1881 153/1/1881 151/1/1881
f 152/1/1882 154/1/1882 475/1/1882
f 476/1/1883 156/1/1883 473/1/1883
f 476/1/1884 473/1/1884 472/1/1884
f 153/1/1885 471/1/1885 473/1/1885
f 473/1/1237 156/1/1237 155/1/1237
f 157/1/1886 479/1/1886 475/1/1886
f 476/1/1887 478/1/1887 159/1/1887
f 479/1/1888 157/1/1888 160/1/1888
f 160/1/1889 162/1/1889 480/1/1889
f 159/1/1890 478/1/1890 480/1/1890
f 480/1/1241 162/1/1241 163/1/1241
f 482/1/1242 166/1/1242 488/1/1242
f 488/1/1891 487/1/1891 491/1/1891
f 163/1/1892 162/1/1892 166/1/1892
f 166/1/1892 482/1/1892 484/1/1892
f 161/1/1893 163/1/1893 484/1/1893
f 484/1/1894 483/1/1894 165/1/1894
f 490/1/1895 168/1/1895 165/1/1895
f 169/1/1896 495/1/1896 486/1/1896
f 166/1/1897 164/1/1897 167/1/1897
f 167/1/1898 486/1/1898 488/1/1898
f 491/1/1103 487/1/1103 494/1/1103
f 498/1/1899 500/1/1899 492/1/1899
f 491/1/1103 494/1/1103 498/1/1103
f 168/1/1900 490/1/1900 492/1/1900
f 492/1/1249 500/1/1249 499/1/1249
f 499/1/1249 170/1/1249 168/1/1249
f 495/1/1250 169/1/1250 171/1/1250
f 171/1/1901 173/1/1901 496/1/1901
f 494/1/1902 496/1/1902 173/1/1902
f 173/1/1903 503/1/1903 498/1/1903
f 499/1/1252 502/1/1252 172/1/1252
f 503/1/1253 173/1/1253 176/1/1253
f 176/1/1904 177/1/1904 504/1/1904
f 172/1/1905 502/1/1905 504/1/1905
f 504/1/1906 177/1/1906 175/1/1906
f 181/1/1907 510/1/1907 506/1/1907
f 176/1/1256 174/1/1256 178/1/1256
f 178/1/1908 506/1/1908 508/1/1908
f 177/1/1257 176/1/1257 508/1/1257
f 508/1/1909 507/1/1909 180/1/1909
f 507/1/1910 511/1/1910 183/1/1910
f 184/1/1911 513/1/1911 510/1/1911
f 516/1/1260 518/1/1260 183/1/1260
f 511/1/1103 514/1/1103 516/1/1103
f 184/1/1912 186/1/1912 520/1/1912
f 514/1/1103 521/1/1103 523/1/1103
f 182/1/1262 183/1/1262 518/1/1262
f 518/1/1913 517/1/1913 185/1/1913
f 517/1/1914 524/1/1914 187/1/1914
f 186/1/1264 188/1/1264 526/1/1264
f 521/1/1915 527/1/1915 530/1/1915
f 529/1/1916 189/1/1916 187/1/1916
f 191/1/1917 534/1/1917 526/1/1917
f 530/1/1918 527/1/1918 533/1/1918
f 533/1/1267 192/1/1267 531/1/1267
f 189/1/1919 529/1/1919 531/1/1919
f 531/1/1920 192/1/1920 190/1/1920
f 537/68/1319 540/65/1319 2319/157/1319
f 43/1/1106 41/1/1106 38/1/1106
f 38/1/1106 35/1/1106 603/1/1106
f 38/1/1106 603/1/1106 610/1/1106
f 45/1/1106 43/1/1106 38/1/1106
f 50/1/1106 47/1/1106 45/1/1106
f 55/1/1106 53/1/1106 50/1/1106
f 574/1/1106 607/1/1106 55/1/1106
f 562/1/1106 574/1/1106 55/1/1106
f 55/1/1106 50/1/1106 45/1/1106
f 45/1/1106 38/1/1106 610/1/1106
f 45/1/1106 610/1/1106 589/1/1106
f 547/1/1106 562/1/1106 55/1/1106
f 538/1/1106 547/1/1106 55/1/1106
f 45/1/1106 589/1/1106 571/1/1106
f 45/1/1106 571/1/1106 586/1/1106
f 538/1/1106 55/1/1106 45/1/1106
f 541/1/1921 538/1/1921 45/1/1921
f 45/1/1106 586/1/1106 559/1/1106
f 45/1/1106 559/1/1106 544/1/1106
f 550/1/1106 541/1/1106 45/1/1106
f 553/1/1106 550/1/1106 45/1/1106
f 45/1/1106 544/1/1106 556/1/1106
f 45/1/1106 556/1/1106 583/1/1106
f 565/1/1106 553/1/1106 45/1/1106
f 577/1/1106 565/1/1106 45/1/1106
f 45/1/1106 583/1/1106 568/1/1106
f 45/1/1106 568/1/1106 580/1/1106
f 595/1/1106 577/1/1106 45/1/1106
f 601/1/1106 595/1/1106 45/1/1106
f 45/1/1106 580/1/1106 592/1/1106
f 45/1/1922 592/1/1922 598/1/1922
f 619/1/1106 601/1/1106 45/1/1106
f 622/1/1106 619/1/1106 45/1/1106
f 45/1/1106 598/1/1106 616/1/1106
f 622/1/1106 45/1/1106 616/1/1106
f 643/1/1106 622/1/1106 616/1/1106
f 643/1/1106 616/1/1106 625/1/1106
f 649/1/1106 643/1/1106 625/1/1106
f 649/1/1106 625/1/1106 640/1/1106
f 664/1/1106 660/1/1106 652/1/1106
f 652/1/1106 649/1/1106 640/1/1106
f 652/1/1106 640/1/1106 646/1/1106
f 667/1/1106 664/1/1106 652/1/1106
f 546/71/1270 537/68/1270 2316/155/1270
f 540/65/1923 549/63/1923 2328/158/1923
f 543/65/1923 558/63/1923 2337/158/1923
f 555/68/1319 543/65/1319 2322/157/1319
f 561/72/1924 546/71/1924 2325/153/1924
f 549/63/1273 552/61/1273 2331/160/1273
f 552/61/1325 564/60/1325 2343/164/1325
f 582/71/1270 555/68/1270 2334/155/1270
f 558/63/1273 585/61/1273 2364/160/1273
f 573/73/1275 561/72/1275 2340/152/1275
f 564/60/1276 576/58/1276 2355/143/1276
f 567/72/1924 582/71/1924 2361/153/1924
f 579/73/1275 567/72/1275 2346/152/1275
f 570/60/1276 588/58/1276 2368/143/1276
f 585/61/1325 570/60/1325 2349/164/1325
f 606/77/1356 573/73/1356 2352/150/1356
f 576/58/1925 594/54/1925 2382/165/1925
f 591/77/1356 579/73/1356 2358/150/1356
f 588/58/1925 609/54/1925 2388/165/1925
f 597/76/1343 591/77/1343 2385/147/1343
f 594/54/1351 600/56/1351 2376/167/1351
f 597/76/1347 2373/192/1347 2394/191/1347
f 600/56/1341 618/97/1341 2391/168/1341
f 603/1/1106 35/1/1106 31/1/1106
f 31/1/1106 28/1/1106 26/1/1106
f 26/1/1106 24/1/1106 21/1/1106
f 21/1/1106 17/1/1106 14/1/1106
f 14/1/1106 11/1/1106 2224/1/1106
f 14/1/1106 2224/1/1106 2227/1/1106
f 26/1/1106 21/1/1106 14/1/1106
f 603/1/1106 31/1/1106 26/1/1106
f 637/1/1106 603/1/1106 26/1/1106
f 14/1/1106 2227/1/1106 2248/1/1106
f 14/1/1106 2248/1/1106 2215/1/1106
f 631/1/1106 637/1/1106 26/1/1106
f 745/1/1106 631/1/1106 26/1/1106
f 14/1/1106 2215/1/1106 2305/1/1106
f 14/1/1106 2305/1/1106 2185/1/1106
f 658/1/1106 745/1/1106 26/1/1106
f 685/1/1106 658/1/1106 26/1/1106
f 14/1/1106 2185/1/1106 2191/1/1106
f 14/1/1106 2191/1/1106 2161/1/1106
f 679/1/1106 685/1/1106 26/1/1106
f 739/1/1106 679/1/1106 26/1/1106
f 26/1/1106 14/1/1106 2161/1/1106
f 26/1/1106 2161/1/1106 2197/1/1106
f 706/1/1106 739/1/1106 26/1/1106
f 700/1/1106 706/1/1106 26/1/1106
f 26/1/1106 2197/1/1106 2137/1/1106
f 26/1/1106 2137/1/1106 2122/1/1106
f 733/1/1106 700/1/1106 26/1/1106
f 727/1/1106 733/1/1106 26/1/1106
f 26/1/1106 2122/1/1106 2143/1/1106
f 26/1/1106 2143/1/1106 2113/1/1106
f 973/1/1106 727/1/1106 26/1/1106
f 26/1/1106 2113/1/1106 2314/1/1106
f 26/1/1106 2314/1/1106 2068/1/1106
f 26/1/1106 2068/1/1106 2080/1/1106
f 26/1/1106 2080/1/1106 2050/1/1106
f 26/1/1106 2050/1/1106 2089/1/1106
f 2014/1/1106 2017/1/1106 2001/1/1106
f 26/1/1106 2089/1/1106 2014/1/1106
f 2014/1/1106 2001/1/1106 2029/1/1106
f 2014/1/1106 2029/1/1106 1987/1/1106
f 660/1/1106 664/1/1106 673/1/1106
f 670/1/1106 660/1/1106 673/1/1106
f 670/1/1106 673/1/1106 688/1/1106
f 691/1/1106 670/1/1106 688/1/1106
f 691/1/1106 688/1/1106 694/1/1106
f 697/1/1106 691/1/1106 694/1/1106
f 697/1/1106 694/1/1106 712/1/1106
f 715/1/1106 697/1/1106 712/1/1106
f 715/1/1106 712/1/1106 721/1/1106
f 718/1/1106 715/1/1106 721/1/1106
f 718/1/1106 721/1/1106 748/1/1106
f 751/1/1106 718/1/1106 748/1/1106
f 751/1/1106 748/1/1106 760/1/1106
f 757/1/1106 751/1/1106 760/1/1106
f 757/1/1358 760/1/1358 784/1/1358
f 781/1/1922 757/1/1922 784/1/1922
f 781/1/1358 784/1/1358 772/1/1358
f 769/1/1922 781/1/1922 772/1/1922
f 769/1/1106 772/1/1106 853/1/1106
f 850/1/1106 769/1/1106 853/1/1106
f 850/1/1106 853/1/1106 814/1/1106
f 793/1/1106 801/1/1106 790/1/1106
f 790/1/1926 850/1/1926 814/1/1926
f 790/1/1927 814/1/1927 805/1/1927
f 841/1/1106 793/1/1106 790/1/1106
f 823/1/1106 841/1/1106 790/1/1106
f 823/1/1106 790/1/1106 805/1/1106
f 838/1/1106 823/1/1106 805/1/1106
f 838/1/1106 805/1/1106 817/1/1106
f 832/1/1106 838/1/1106 817/1/1106
f 832/1/1106 817/1/1106 856/1/1106
f 826/1/1106 832/1/1106 856/1/1106
f 826/1/1106 856/1/1106 775/1/1106
f 970/1/1106 826/1/1106 775/1/1106
f 970/1/1106 775/1/1106 787/1/1106
f 865/1/1106 970/1/1106 787/1/1106
f 865/1/1106 787/1/1106 763/1/1106
f 877/1/1106 865/1/1106 763/1/1106
f 877/1/1358 763/1/1358 973/1/1358
f 871/1/1106 877/1/1106 973/1/1106
f 2014/1/1106 1987/1/1106 1993/1/1106
f 2014/1/1106 1993/1/1106 1999/1/1106
f 871/1/1106 973/1/1106 26/1/1106
f 904/1/1106 871/1/1106 26/1/1106
f 2014/1/1106 1999/1/1106 1984/1/1106
f 2014/1/1106 1984/1/1106 2095/1/1106
f 883/1/1106 904/1/1106 26/1/1106
f 898/1/1106 883/1/1106 26/1/1106
f 2014/1/1106 2095/1/1106 1960/1/1106
f 2014/1/1106 1960/1/1106 1966/1/1106
f 892/1/1922 898/1/1922 26/1/1922
f 886/1/1106 892/1/1106 26/1/1106
f 2014/1/1106 1966/1/1106 1954/1/1106
f 2014/1/1106 1954/1/1106 1972/1/1106
f 964/1/1106 886/1/1106 26/1/1106
f 913/1/1106 964/1/1106 26/1/1106
f 2014/1/1106 1972/1/1106 1933/1/1106
f 2014/1/1106 1933/1/1106 1939/1/1106
f 928/1/1106 913/1/1106 26/1/1106
f 1003/1/1106 921/1/1106 928/1/1106
f 1000/1/1922 1003/1/1922 928/1/1922
f 26/1/1106 2014/1/1106 1939/1/1106
f 26/1/1106 1939/1/1106 1945/1/1106
f 1000/1/1106 928/1/1106 26/1/1106
f 1024/1/1106 1000/1/1106 26/1/1106
f 26/1/1106 1945/1/1106 1930/1/1106
f 26/1/1106 1930/1/1106 1978/1/1106
f 985/1/1922 1024/1/1922 26/1/1922
f 991/1/1106 985/1/1106 26/1/1106
f 26/1/1106 1978/1/1106 1912/1/1106
f 26/1/1106 1912/1/1106 1918/1/1106
f 979/1/1106 991/1/1106 26/1/1106
f 976/1/1106 979/1/1106 26/1/1106
f 26/1/1106 1918/1/1106 1906/1/1106
f 26/1/1106 1906/1/1106 1924/1/1106
f 982/1/1106 976/1/1106 26/1/1106
f 994/1/1106 982/1/1106 26/1/1106
f 26/1/1106 1924/1/1106 1882/1/1106
f 26/1/1106 1882/1/1106 1888/1/1106
f 988/1/1106 994/1/1106 26/1/1106
f 1027/1/1106 988/1/1106 26/1/1106
f 26/1/1106 1888/1/1106 1894/1/1106
f 26/1/1106 1894/1/1106 1879/1/1106
f 1006/1/1106 1027/1/1106 26/1/1106
f 997/1/1106 1006/1/1106 26/1/1106
f 26/1/1106 1879/1/1106 1873/1/1106
f 26/1/1106 1873/1/1106 1876/1/1106
f 1021/1/1106 997/1/1106 26/1/1106
f 1015/1/1106 1021/1/1106 26/1/1106
f 26/1/1106 1876/1/1106 1891/1/1106
f 26/1/1106 1891/1/1106 1885/1/1106
f 1084/1/1106 1015/1/1106 26/1/1106
f 1033/1/1106 1084/1/1106 26/1/1106
f 26/1/1106 1885/1/1106 1921/1/1106
f 1903/1/1106 1897/1/1106 1812/1/1106
f 26/1/1106 1921/1/1106 1903/1/1106
f 1045/1/1106 1033/1/1106 26/1/1106
f 1039/1/1106 1045/1/1106 26/1/1106
f 1903/1/1106 1812/1/1106 1819/1/1106
f 1903/1/1106 1819/1/1106 1804/1/1106
f 1075/1/1106 1039/1/1106 26/1/1106
f 1054/1/1922 1075/1/1922 26/1/1922
f 1903/1/1106 1804/1/1106 1858/1/1106
f 1903/1/1106 1858/1/1106 1786/1/1106
f 1048/1/1928 1054/1/1928 26/1/1928
f 1903/1/1106 1786/1/1106 1792/1/1106
f 1903/1/1106 1792/1/1106 1771/1/1106
f 1111/1/1106 1104/1/1106 1120/1/1106
f 1132/1/1106 1111/1/1106 1120/1/1106
f 1132/1/1106 1120/1/1106 1138/1/1106
f 1129/1/1106 1132/1/1106 1138/1/1106
f 1129/1/1106 1138/1/1106 1096/1/1106
f 1195/1/1106 1129/1/1106 1096/1/1106
f 1195/1/1106 1096/1/1106 1102/1/1106
f 1144/1/1106 1195/1/1106 1102/1/1106
f 1144/1/1106 1102/1/1106 1090/1/1106
f 1156/1/1106 1144/1/1106 1090/1/1106
f 1156/1/1106 1090/1/1106 1198/1/1106
f 1150/1/1106 1156/1/1106 1198/1/1106
f 1150/1/1106 1198/1/1106 1063/1/1106
f 1186/1/1106 1150/1/1106 1063/1/1106
f 1186/1/1106 1063/1/1106 1069/1/1106
f 1165/1/1106 1186/1/1106 1069/1/1106
f 1165/1/1106 1069/1/1106 1048/1/1106
f 1159/1/1106 1165/1/1106 1048/1/1106
f 1903/1/1106 1771/1/1106 1777/1/1106
f 1903/1/1106 1777/1/1106 1798/1/1106
f 1159/1/1106 1048/1/1106 26/1/1106
f 1180/1/1106 1159/1/1106 26/1/1106
f 1903/1/1358 1798/1/1358 1762/1/1358
f 1903/1/1922 1762/1/1922 1768/1/1922
f 1174/1/1106 1180/1/1106 26/1/1106
f 1423/1/1106 1174/1/1106 26/1/1106
f 1903/1/1106 1768/1/1106 1756/1/1106
f 1903/1/1106 1756/1/1106 1867/1/1106
f 1204/1/1106 1423/1/1106 26/1/1106
f 1219/1/1922 1204/1/1922 26/1/1922
f 1711/1/1106 1705/1/1106 1701/1/1106
f 1711/1/1106 1701/1/1106 1714/1/1106
f 1729/1/1106 1711/1/1106 1714/1/1106
f 1729/1/1106 1714/1/1106 1696/1/1106
f 1723/1/1106 1729/1/1106 1696/1/1106
f 1723/1/1106 1696/1/1106 1750/1/1106
f 1744/1/1106 1723/1/1106 1750/1/1106
f 1744/1/1106 1750/1/1106 1678/1/1106
f 1738/1/1106 1744/1/1106 1678/1/1106
f 1738/1/1106 1678/1/1106 1684/1/1106
f 1867/1/1106 1738/1/1106 1684/1/1106
f 1867/1/1106 1684/1/1106 1663/1/1106
f 1213/1/1929 1219/1/1929 26/1/1929
f 1903/1/1106 1867/1/1106 1663/1/1106
f 1903/1/1106 1663/1/1106 1669/1/1106
f 1312/1/1106 1224/1/1106 1240/1/1106
f 1309/1/1106 1312/1/1106 1240/1/1106
f 1309/1/1106 1240/1/1106 1234/1/1106
f 1327/1/1106 1309/1/1106 1234/1/1106
f 1327/1/1106 1234/1/1106 1300/1/1106
f 1321/1/1106 1327/1/1106 1300/1/1106
f 1321/1/1106 1300/1/1106 1252/1/1106
f 1315/1/1106 1321/1/1106 1252/1/1106
f 1315/1/1106 1252/1/1106 1267/1/1106
f 1354/1/1106 1315/1/1106 1267/1/1106
f 1354/1/1106 1267/1/1106 1258/1/1106
f 1336/1/1106 1354/1/1106 1258/1/1106
f 1336/1/1106 1258/1/1106 1270/1/1106
f 1348/1/1106 1336/1/1106 1270/1/1106
f 1348/1/1106 1270/1/1106 1255/1/1106
f 1342/1/1358 1348/1/1358 1255/1/1358
f 1342/1/1106 1255/1/1106 1303/1/1106
f 1411/1/1106 1342/1/1106 1303/1/1106
f 1411/1/1106 1303/1/1106 1237/1/1106
f 1360/1/1106 1411/1/1106 1237/1/1106
f 1360/1/1106 1237/1/1106 1243/1/1106
f 1375/1/1106 1360/1/1106 1243/1/1106
f 1375/1/1928 1243/1/1928 1231/1/1928
f 1369/1/1106 1375/1/1106 1231/1/1106
f 1222/1/1106 1416/1/1106 1285/1/1106
f 1228/1/1106 1222/1/1106 1285/1/1106
f 1228/1/1106 1285/1/1106 1291/1/1106
f 1246/1/1106 1228/1/1106 1291/1/1106
f 1246/1/1106 1291/1/1106 1279/1/1106
f 1210/1/1106 1246/1/1106 1279/1/1106
f 1210/1/1106 1279/1/1106 1297/1/1106
f 1216/1/1106 1210/1/1106 1297/1/1106
f 1216/1/1106 1297/1/1106 1261/1/1106
f 1201/1/1106 1216/1/1106 1261/1/1106
f 1201/1/1106 1261/1/1106 1264/1/1106
f 1420/1/1106 1201/1/1106 1264/1/1106
f 1420/1/1106 1264/1/1106 1294/1/1106
f 1171/1/1922 1420/1/1922 1294/1/1922
f 1171/1/1106 1294/1/1106 1276/1/1106
f 1168/1/1106 1171/1/1106 1276/1/1106
f 1168/1/1106 1276/1/1106 1273/1/1106
f 1177/1/1106 1168/1/1106 1273/1/1106
f 1177/1/1358 1273/1/1358 1288/1/1358
f 1162/1/1922 1177/1/1922 1288/1/1922
f 1162/1/1106 1288/1/1106 1282/1/1106
f 1183/1/1106 1162/1/1106 1282/1/1106
f 1183/1/1928 1282/1/1928 1414/1/1928
f 1147/1/1106 1183/1/1106 1414/1/1106
f 1114/1/1106 1107/1/1106 1126/1/1106
f 1117/1/1106 1114/1/1106 1126/1/1106
f 1117/1/1106 1126/1/1106 1123/1/1106
f 1135/1/1106 1117/1/1106 1123/1/1106
f 1135/1/1106 1123/1/1106 1192/1/1106
f 1093/1/1106 1135/1/1106 1192/1/1106
f 1093/1/1106 1192/1/1106 1141/1/1106
f 1099/1/1106 1093/1/1106 1141/1/1106
f 1099/1/1106 1141/1/1106 1153/1/1106
f 1087/1/1106 1099/1/1106 1153/1/1106
f 1087/1/1106 1153/1/1106 1147/1/1106
f 1189/1/1106 1087/1/1106 1147/1/1106
f 1189/1/1106 1147/1/1106 1414/1/1106
f 1057/1/1106 1189/1/1106 1414/1/1106
f 1057/1/1106 1414/1/1106 1306/1/1106
f 1060/1/1106 1057/1/1106 1306/1/1106
f 1060/1/1358 1306/1/1358 1324/1/1358
f 1066/1/1106 1060/1/1106 1324/1/1106
f 1051/1/1106 1066/1/1106 1324/1/1106
f 1072/1/1106 1051/1/1106 1324/1/1106
f 1036/1/1106 1072/1/1106 1324/1/1106
f 1042/1/1922 1036/1/1922 1324/1/1922
f 1030/1/1106 1042/1/1106 1324/1/1106
f 1081/1/1106 1030/1/1106 1324/1/1106
f 1009/1/1106 1081/1/1106 1324/1/1106
f 919/1/1106 1017/1/1106 1012/1/1106
f 919/1/1106 1012/1/1106 1009/1/1106
f 958/1/1106 919/1/1106 1009/1/1106
f 958/1/1106 1009/1/1106 1324/1/1106
f 934/1/1106 958/1/1106 1324/1/1106
f 934/1/1106 1324/1/1106 1318/1/1106
f 952/1/1106 934/1/1106 1318/1/1106
f 952/1/1106 1318/1/1106 1351/1/1106
f 937/1/1106 952/1/1106 1351/1/1106
f 937/1/1106 1351/1/1106 1333/1/1106
f 946/1/1106 937/1/1106 1333/1/1106
f 946/1/1106 1333/1/1106 1330/1/1106
f 1078/1/1106 946/1/1106 1330/1/1106
f 940/1/1106 1078/1/1106 1330/1/1106
f 943/1/1106 940/1/1106 1330/1/1106
f 949/1/1106 943/1/1106 1330/1/1106
f 931/1/1106 949/1/1106 1330/1/1106
f 955/1/1106 931/1/1106 1330/1/1106
f 916/1/1106 955/1/1106 1330/1/1106
f 925/1/1106 916/1/1106 1330/1/1106
f 907/1/1106 925/1/1106 1330/1/1106
f 910/1/1106 907/1/1106 1330/1/1106
f 961/1/1106 910/1/1106 1330/1/1106
f 889/1/1106 961/1/1106 1330/1/1106
f 895/1/1106 889/1/1106 1330/1/1106
f 799/1/1106 795/1/1106 811/1/1106
f 808/1/1106 799/1/1106 811/1/1106
f 808/1/1106 811/1/1106 820/1/1106
f 847/1/1106 808/1/1106 820/1/1106
f 847/1/1106 820/1/1106 835/1/1106
f 766/1/1106 847/1/1106 835/1/1106
f 766/1/1106 835/1/1106 829/1/1106
f 778/1/1106 766/1/1106 829/1/1106
f 778/1/1106 829/1/1106 844/1/1106
f 754/1/1106 778/1/1106 844/1/1106
f 754/1/1106 844/1/1106 862/1/1106
f 967/1/1106 754/1/1106 862/1/1106
f 967/1/1106 862/1/1106 859/1/1106
f 724/1/1106 967/1/1106 859/1/1106
f 724/1/1106 859/1/1106 874/1/1106
f 709/1/1106 724/1/1106 874/1/1106
f 709/1/1106 874/1/1106 868/1/1106
f 730/1/1106 709/1/1106 868/1/1106
f 730/1/1106 868/1/1106 901/1/1106
f 703/1/1106 730/1/1106 901/1/1106
f 703/1/1106 901/1/1106 880/1/1106
f 736/1/1106 703/1/1106 880/1/1106
f 736/1/1106 880/1/1106 895/1/1106
f 676/1/1106 736/1/1106 895/1/1106
f 55/1/1106 607/1/1106 634/1/1106
f 59/1/1106 57/1/1106 55/1/1106
f 65/1/1106 62/1/1106 59/1/1106
f 72/1/1106 69/1/1106 65/1/1106
f 76/1/1106 74/1/1106 72/1/1106
f 2212/1/1106 2244/1/1106 76/1/1106
f 2308/1/1106 2212/1/1106 76/1/1106
f 76/1/1106 72/1/1106 65/1/1106
f 65/1/1106 59/1/1106 55/1/1106
f 55/1/1106 634/1/1106 613/1/1106
f 55/1/1106 613/1/1106 628/1/1106
f 76/1/1106 65/1/1106 55/1/1106
f 2182/1/1106 2308/1/1106 76/1/1106
f 2188/1/1106 2182/1/1106 76/1/1106
f 55/1/1106 628/1/1106 742/1/1106
f 55/1/1106 742/1/1106 655/1/1106
f 2158/1/1106 2188/1/1106 76/1/1106
f 2194/1/1106 2158/1/1106 76/1/1106
f 55/1/1106 655/1/1106 682/1/1106
f 55/1/1106 682/1/1106 676/1/1106
f 2194/1/1106 76/1/1106 55/1/1106
f 2125/1/1106 2194/1/1106 55/1/1106
f 55/1/1106 676/1/1106 895/1/1106
f 55/1/1106 895/1/1106 1330/1/1106
f 2134/1/1106 2125/1/1106 55/1/1106
f 2140/1/1106 2134/1/1106 55/1/1106
f 2140/1/1106 55/1/1106 1330/1/1106
f 2110/1/1106 2140/1/1106 1330/1/1106
f 2110/1/1106 1330/1/1106 1345/1/1106
f 2311/1/1106 2110/1/1106 1345/1/1106
f 2311/1/1106 1345/1/1106 1339/1/1106
f 2065/1/1106 2311/1/1106 1339/1/1106
f 2065/1/1106 1339/1/1106 1408/1/1106
f 2071/1/1106 2065/1/1106 1408/1/1106
f 2071/1/1106 1408/1/1106 1357/1/1106
f 2041/1/1106 2071/1/1106 1357/1/1106
f 2041/1/1106 1357/1/1106 1372/1/1106
f 2035/1/1106 2041/1/1106 1372/1/1106
f 2035/1/1106 1372/1/1106 1366/1/1106
f 2083/1/1106 2035/1/1106 1366/1/1106
f 2083/1/1106 1366/1/1106 1405/1/1106
f 2020/1/1106 2083/1/1106 1405/1/1106
f 2020/1/1106 1405/1/1106 1381/1/1106
f 2023/1/1106 2020/1/1106 1381/1/1106
f 2023/1/1106 1381/1/1106 1378/1/1106
f 2086/1/1106 2023/1/1106 1378/1/1106
f 2086/1/1106 1378/1/1106 1393/1/1106
f 2044/1/1106 2086/1/1106 1393/1/1106
f 2044/1/1106 1393/1/1106 1396/1/1106
f 2074/1/1106 2044/1/1106 1396/1/1106
f 2074/1/1106 1396/1/1106 1387/1/1106
f 2056/1/1106 2074/1/1106 1387/1/1106
f 2056/1/1106 1387/1/1106 1390/1/1106
f 2059/1/1106 2056/1/1106 1390/1/1106
f 2059/1/1106 1390/1/1106 1399/1/1106
f 2098/1/1106 2059/1/1106 1399/1/1106
f 2098/1/1106 1399/1/1106 1384/1/1106
f 2107/1/1106 2098/1/1106 1384/1/1106
f 2107/1/1106 1384/1/1106 1402/1/1106
f 2119/1/1106 2107/1/1106 1402/1/1106
f 2119/1/1106 1402/1/1106 1363/1/1106
f 2131/1/1106 2119/1/1106 1363/1/1106
f 2131/1/1106 1363/1/1106 1369/1/1106
f 2151/1/1106 2155/1/1106 2146/1/1106
f 2146/1/1106 2131/1/1106 1369/1/1106
f 2146/1/1106 1369/1/1106 1231/1/1106
f 2149/1/1106 2151/1/1106 2146/1/1106
f 2128/1/1106 2149/1/1106 2146/1/1106
f 2146/1/1106 1231/1/1106 1249/1/1106
f 2146/1/1106 1249/1/1106 1207/1/1106
f 2116/1/1106 2128/1/1106 2146/1/1106
f 2104/1/1106 2116/1/1106 2146/1/1106
f 2146/1/1106 1207/1/1106 1213/1/1106
f 1903/1/1106 1669/1/1106 1690/1/1106
f 1903/1/1106 1690/1/1106 1654/1/1106
f 2104/1/1106 2146/1/1106 1213/1/1106
f 2101/1/1106 2104/1/1106 1213/1/1106
f 1903/1/1106 1654/1/1106 1660/1/1106
f 1903/1/1106 1660/1/1106 1648/1/1106
f 2062/1/1106 2101/1/1106 1213/1/1106
f 2053/1/1106 2062/1/1106 1213/1/1106
f 1903/1/1106 1648/1/1106 1870/1/1106
f 1903/1/1106 1870/1/1106 1618/1/1106
f 2077/1/1106 2053/1/1106 1213/1/1106
f 2038/1/1106 2077/1/1106 1213/1/1106
f 1903/1/1106 1618/1/1106 1624/1/1106
f 1903/1/1358 1624/1/1358 1603/1/1358
f 2047/1/1106 2038/1/1106 1213/1/1106
f 2005/1/1106 2007/1/1106 2026/1/1106
f 2026/1/1106 2047/1/1106 1213/1/1106
f 1903/1/1930 1603/1/1930 1609/1/1930
f 1630/1/1358 1591/1/1358 1638/1/1358
f 1609/1/1106 1630/1/1106 1638/1/1106
f 1609/1/1106 1638/1/1106 1534/1/1106
f 2011/1/1106 2005/1/1106 2026/1/1106
f 2032/1/1106 2011/1/1106 2026/1/1106
f 1903/1/1106 1609/1/1106 1534/1/1106
f 1903/1/1106 1534/1/1106 1546/1/1106
f 1990/1/1106 2032/1/1106 2026/1/1106
f 1996/1/1106 1990/1/1106 2026/1/1106
f 1903/1/1106 1546/1/1106 1540/1/1106
f 1903/1/1106 1540/1/1106 1576/1/1106
f 1996/1/1106 2026/1/1106 1213/1/1106
f 1981/1/1106 1996/1/1106 1213/1/1106
f 1903/1/1106 1576/1/1106 1555/1/1106
f 1903/1/1106 1555/1/1106 1552/1/1106
f 2092/1/1106 1981/1/1106 1213/1/1106
f 1957/1/1106 2092/1/1106 1213/1/1106
f 1903/1/1106 1552/1/1106 1558/1/1106
f 1903/1/1106 1558/1/1106 1579/1/1106
f 1963/1/1106 1957/1/1106 1213/1/1106
f 1948/1/1106 1963/1/1106 1213/1/1106
f 1903/1/1106 1579/1/1106 1543/1/1106
f 1903/1/1106 1543/1/1106 1549/1/1106
f 1951/1/1106 1948/1/1106 1213/1/1106
f 1969/1/1106 1951/1/1106 1213/1/1106
f 1903/1/1106 1549/1/1106 1537/1/1106
f 1903/1/1106 1537/1/1106 1642/1/1106
f 1936/1/1106 1969/1/1106 1213/1/1106
f 1942/1/1106 1936/1/1106 1213/1/1106
f 1903/1/1106 1642/1/1106 1513/1/1106
f 1903/1/1106 1513/1/1106 1519/1/1106
f 1927/1/1106 1942/1/1106 1213/1/1106
f 1975/1/1106 1927/1/1106 1213/1/1106
f 1903/1/1106 1519/1/1106 1495/1/1106
f 1903/1/1106 1495/1/1106 1501/1/1106
f 1909/1/1106 1975/1/1106 1213/1/1106
f 1810/1/1106 1899/1/1106 1915/1/1106
f 1915/1/1106 1909/1/1106 1213/1/1106
f 1903/1/1106 1501/1/1106 1525/1/1106
f 1903/1/1106 1525/1/1106 1486/1/1106
f 1852/1/1106 1810/1/1106 1915/1/1106
f 1828/1/1106 1852/1/1106 1915/1/1106
f 26/1/1106 1903/1/1106 1486/1/1106
f 26/1/1106 1486/1/1106 1492/1/1106
f 1822/1/1106 1828/1/1106 1915/1/1106
f 1846/1/1106 1822/1/1106 1915/1/1106
f 26/1/1106 1492/1/1106 1480/1/1106
f 26/1/1106 1480/1/1106 1531/1/1106
f 1840/1/1106 1846/1/1106 1915/1/1106
f 1834/1/1106 1840/1/1106 1915/1/1106
f 26/1/1106 1531/1/1106 1468/1/1106
f 26/1/1106 1468/1/1106 1474/1/1106
f 1834/1/1106 1915/1/1106 1213/1/1106
f 1837/1/1931 1834/1/1931 1213/1/1931
f 26/1/1106 1474/1/1106 1453/1/1106
f 26/1/1106 1453/1/1106 1459/1/1106
f 1831/1/1106 1837/1/1106 1213/1/1106
f 1843/1/1358 1831/1/1358 1213/1/1358
f 26/1/1106 1459/1/1106 1450/1/1106
f 26/1/1106 1450/1/1106 1441/1/1106
f 1825/1/1922 1843/1/1922 1213/1/1922
f 1849/1/1106 1825/1/1106 1213/1/1106
f 26/1/1106 1441/1/1106 1447/1/1106
f 26/1/1106 1447/1/1106 1435/1/1106
f 1807/1/1106 1849/1/1106 1213/1/1106
f 1816/1/1106 1807/1/1106 1213/1/1106
f 26/1/1106 1435/1/1106 1426/1/1106
f 26/1/1106 1426/1/1106 1432/1/1106
f 1801/1/1106 1816/1/1106 1213/1/1106
f 1855/1/1106 1801/1/1106 1213/1/1106
f 26/1/1106 1432/1/1106 1429/1/1106
f 26/1/1106 1429/1/1106 1438/1/1106
f 1780/1/1106 1855/1/1106 1213/1/1106
f 1783/1/1106 1780/1/1106 1213/1/1106
f 26/1/1106 1438/1/1106 1444/1/1106
f 26/1/1106 1444/1/1106 1456/1/1106
f 1789/1/1106 1783/1/1106 1213/1/1106
f 1774/1/1106 1789/1/1106 1213/1/1106
f 26/1/1106 1456/1/1106 1471/1/1106
f 26/1/1106 1471/1/1106 1465/1/1106
f 1795/1/1106 1774/1/1106 1213/1/1106
f 1759/1/1106 1795/1/1106 1213/1/1106
f 26/1/1106 1465/1/1106 1462/1/1106
f 26/1/1106 1462/1/1106 1528/1/1106
f 1765/1/1106 1759/1/1106 1213/1/1106
f 1753/1/1106 1765/1/1106 1213/1/1106
f 26/1/1106 1528/1/1106 1477/1/1106
f 26/1/1358 1477/1/1358 1489/1/1358
f 1864/1/1106 1753/1/1106 1213/1/1106
f 1732/1/1922 1864/1/1922 1213/1/1922
f 1504/1/1106 1507/1/1106 1593/1/1106
f 1504/1/1106 1593/1/1106 1600/1/1106
f 1510/1/1106 1504/1/1106 1600/1/1106
f 1510/1/1106 1600/1/1106 1585/1/1106
f 1516/1/1106 1510/1/1106 1585/1/1106
f 1516/1/1106 1585/1/1106 1636/1/1106
f 1498/1/1106 1516/1/1106 1636/1/1106
f 1498/1/1106 1636/1/1106 1567/1/1106
f 1522/1/1106 1498/1/1106 1567/1/1106
f 1522/1/1106 1567/1/1106 1573/1/1106
f 1483/1/1106 1522/1/1106 1573/1/1106
f 1483/1/1106 1573/1/1106 1570/1/1106
f 1489/1/1106 1483/1/1106 1570/1/1106
f 1489/1/1106 1570/1/1106 1564/1/1106
f 1735/1/1358 1732/1/1358 1213/1/1358
f 1741/1/1922 1735/1/1922 1213/1/1922
f 26/1/1106 1489/1/1106 1564/1/1106
f 26/1/1106 1564/1/1106 1561/1/1106
f 1726/1/1106 1741/1/1106 1213/1/1106
f 1699/1/1106 1707/1/1106 1720/1/1106
f 1720/1/1106 1726/1/1106 1213/1/1106
f 26/1/1106 1561/1/1106 1633/1/1106
f 26/1/1106 1633/1/1106 1582/1/1106
f 1699/1/1106 1720/1/1106 1213/1/1106
f 1717/1/1106 1699/1/1106 1213/1/1106
f 26/1/1106 1582/1/1106 1597/1/1106
f 26/1/1106 1597/1/1106 1588/1/1106
f 1693/1/1106 1717/1/1106 1213/1/1106
f 1747/1/1106 1693/1/1106 1213/1/1106
f 26/1/1106 1588/1/1106 1627/1/1106
f 26/1/1106 1627/1/1106 1606/1/1106
f 1672/1/1106 1747/1/1106 1213/1/1106
f 1675/1/1106 1672/1/1106 1213/1/1106
f 1213/1/1106 26/1/1106 1606/1/1106
f 1213/1/1358 1606/1/1358 1621/1/1358
f 1681/1/1106 1675/1/1106 1213/1/1106
f 1666/1/1106 1681/1/1106 1213/1/1106
f 1213/1/1106 1621/1/1106 1615/1/1106
f 1213/1/1106 1615/1/1106 1612/1/1106
f 1687/1/1106 1666/1/1106 1213/1/1106
f 1651/1/1106 1687/1/1106 1213/1/1106
f 1213/1/1106 1612/1/1106 1861/1/1106
f 1213/1/1106 1861/1/1106 1645/1/1106
f 1657/1/1106 1651/1/1106 1213/1/1106
f 604/56/1341 636/97/1341 2409/168/1341
f 609/54/1351 604/56/1351 2415/167/1351
f 633/76/1327 606/77/1327 2370/147/1327
f 633/76/1347 2380/192/1347 2412/281/1347
f 612/81/1285 2412/281/1285 2406/274/1285
f 615/81/1285 2394/191/1285 2400/188/1285
f 618/97/1286 621/96/1286 2397/172/1286
f 621/96/1287 642/93/1287 2418/171/1287
f 624/80/1288 2400/188/1288 2421/187/1288
f 627/123/1288 2406/274/1288 2520/187/1288
f 630/96/1287 744/93/1287 2523/171/1287
f 636/97/1286 630/96/1286 2403/172/1286
f 639/82/1289 2421/187/1289 2427/184/1289
f 642/93/1290 648/91/1290 2424/175/1290
f 645/84/1291 2427/184/1291 2460/180/1291
f 648/91/1292 651/89/1292 2457/178/1292
f 651/89/1293 661/104/1293 2436/179/1293
f 741/82/1289 2520/187/1289 2430/184/1289
f 654/84/1291 2430/184/1291 2454/180/1291
f 657/91/1292 684/89/1292 2463/178/1292
f 744/93/1290 657/91/1290 2433/175/1290
f 661/37/1294 669/35/1294 2442/250/1294
f 666/114/1295 2460/180/1295 2440/182/1295
f 663/39/1296 2440/182/1296 2445/246/1296
f 669/35/1297 690/108/1297 2469/269/1297
f 672/43/1298 2445/246/1298 2472/245/1298
f 681/114/1295 2454/180/1295 2448/182/1295
f 675/39/1296 2448/182/1296 2514/246/1296
f 678/37/1294 738/35/1294 2517/250/1294
f 684/89/1293 678/104/1293 2451/179/1293
f 687/42/1332 2472/245/1332 2475/241/1332
f 690/108/1932 696/31/1932 2478/252/1932
f 693/45/1301 2475/241/1301 2490/239/1301
f 696/31/1302 714/29/1302 2487/255/1302
f 699/31/1302 732/29/1302 2505/255/1302
f 705/34/1932 699/31/1932 2511/252/1932
f 735/43/1298 2514/246/1298 2466/245/1298
f 702/42/1332 2466/245/1332 2481/241/1332
f 738/35/1297 705/34/1297 2484/262/1297
f 729/45/1301 2481/241/1301 2508/239/1301
f 708/49/1359 2508/239/1359 2502/237/1359
f 711/49/1359 2490/239/1359 2496/237/1359
f 714/29/1933 717/27/1933 2493/257/1933
f 717/27/1305 750/26/1305 2526/209/1305
f 720/48/1306 2496/237/1306 2529/204/1306
f 723/48/1307 2502/237/1307 2751/204/1307
f 726/27/1305 972/26/1305 2748/209/1305
f 732/29/1933 726/27/1933 2499/257/1933
f 747/3/1344 2529/204/1344 2538/218/1344
f 756/23/1361 2535/258/1361 2526/209/1361
f 966/3/1350 2751/204/1350 2532/218/1350
f 753/6/1310 2532/218/1310 2556/236/1310
f 780/21/1311 2559/223/1311 2535/258/1311
f 759/6/1310 2538/218/1310 2562/236/1310
f 786/21/1312 2565/223/1312 2541/258/1312
f 762/23/1361 2541/258/1361 2748/209/1361
f 777/7/1313 2556/236/1313 2544/234/1313
f 765/9/1338 2544/234/1338 2622/261/1338
f 849/103/1362 2625/226/1362 2547/227/1362
f 768/19/1316 2547/227/1316 2559/223/1316
f 783/7/1313 2562/236/1313 2550/234/1313
f 771/9/1338 2550/234/1338 2628/261/1338
f 855/103/1362 2631/226/1362 2553/227/1362
f 774/19/1316 2553/227/1316 2565/223/1316
f 802/14/1339 2586/195/1339 2589/229/1339
f 789/16/1318 2589/229/1318 2625/226/1318
f 3213/158/1271 3204/157/1271 796/65/1271
f 792/137/1271 840/63/1271 3213/158/1271
f 795/1/1106 799/1/1106 801/1/1106
f 810/68/1319 796/65/1319 3204/157/1319
f 2586/195/1321 802/14/1321 798/125/1321
f 798/125/1934 807/12/1934 2568/231/1934
f 813/12/1320 2592/231/1320 2574/195/1320
f 2595/259/1317 816/16/1317 804/14/1317
f 804/14/1339 2574/195/1339 2583/263/1339
f 846/10/1323 2622/261/1323 2568/231/1323
f 819/71/1935 810/68/1935 3210/155/1935
f 852/10/1323 2628/261/1323 2592/231/1323
f 816/16/1318 2595/259/1318 2631/226/1318
f 834/72/1272 819/71/1272 3207/153/1272
f 822/61/1340 837/60/1340 3219/164/1340
f 840/63/1273 822/61/1273 3225/160/1273
f 825/54/1281 969/56/1281 3252/167/1281
f 831/58/1278 825/54/1278 3237/165/1278
f 828/73/1275 834/72/1275 3216/152/1275
f 843/77/1326 828/73/1326 3222/150/1326
f 837/60/1276 831/58/1276 3228/143/1276
f 861/76/1280 843/77/1280 3234/147/1280
f 861/76/1347 3231/275/1347 3249/191/1347
f 858/81/1285 3249/191/1285 3243/274/1285
f 864/97/1286 876/96/1286 3240/172/1286
f 969/56/1341 864/97/1341 3246/168/1341
f 873/80/1288 3243/274/1288 3306/187/1288
f 867/82/1329 3306/187/1329 3255/184/1329
f 870/93/1330 903/91/1330 3258/175/1330
f 876/96/1287 870/93/1287 3309/171/1287
f 900/84/1291 3255/184/1291 3267/180/1291
f 879/114/1295 3267/180/1295 3261/182/1295
f 882/89/1293 897/104/1293 3264/179/1293
f 903/91/1292 882/89/1292 3270/178/1292
f 885/108/1300 963/31/1300 3297/252/1300
f 891/35/1297 885/108/1297 3279/269/1297
f 894/39/1296 3261/182/1296 3300/246/1296
f 888/43/1298 3300/246/1298 3276/245/1298
f 897/37/1294 891/35/1294 3303/250/1294
f 909/45/1301 3273/241/1301 3294/239/1301
f 906/49/1331 3294/239/1331 3288/237/1331
f 960/42/1332 3276/245/1332 3273/241/1332
f 912/29/1333 927/27/1333 3285/257/1333
f 963/31/1302 912/29/1302 3291/255/1302
f 924/48/1334 3288/237/1334 3420/204/1334
f 915/3/1308 3420/204/1308 3312/218/1308
f 3411/209/1309 922/26/1309 918/128/1309
f 918/128/1361 957/113/1361 3315/258/1361
f 921/1/1106 1003/1/1106 1017/1/1106
f 3282/211/1360 3285/257/1360 927/27/1360
f 927/27/1348 922/26/1348 3411/209/1348
f 954/6/1335 3312/218/1335 3324/236/1335
f 930/7/1313 3324/236/1313 3318/234/1313
f 951/19/1316 3321/227/1316 3327/223/1316
f 933/21/1311 3327/223/1311 3315/258/1311
f 945/16/1318 3336/229/1318 3357/226/1318
f 936/103/1315 3357/226/1315 3321/227/1315
f 942/10/1323 3354/261/1323 3333/231/1323
f 939/12/1321 3333/231/1321 3330/195/1321
f 948/9/1346 3318/234/1346 3354/261/1346
f 1077/127/1339 3330/195/1339 3336/229/1339
f 975/65/1271 981/63/1271 3345/277/1271
f 978/68/1319 975/65/1319 3351/157/1319
f 990/71/1270 978/68/1270 3348/155/1270
f 981/63/1273 993/61/1273 3339/160/1273
f 984/72/1324 990/71/1324 3342/153/1324
f 1023/73/1275 984/72/1275 3414/152/1275
f 987/60/1276 1026/58/1276 3363/143/1276
f 993/61/1340 987/60/1340 3417/287/1340
f 996/56/1341 1020/97/1341 3408/168/1341
f 1005/54/1342 996/56/1342 3372/167/1342
f 999/77/1326 1023/73/1326 3360/150/1326
f 3375/147/1343 3366/192/1343 1018/76/1343
f 1002/105/1343 999/77/1343 3375/147/1343
f 1026/58/1278 1005/54/1278 3378/165/1278
f 1011/81/1285 3405/281/1285 3384/274/1285
f 1008/80/1288 3384/274/1288 3381/187/1288
f 3405/281/1282 1011/81/1282 1018/76/1282
f 1018/76/1282 3366/192/1282 3369/285/1282
f 1014/96/1287 1083/93/1287 3402/171/1287
f 1020/97/1286 1014/96/1286 3387/172/1286
f 1080/82/1289 3381/187/1289 3399/184/1289
f 1029/84/1291 3399/184/1291 3393/180/1291
f 1032/91/1292 1044/100/1292 3390/178/1292
f 1083/93/1330 1032/91/1330 3396/175/1330
f 1041/114/1295 3393/180/1295 3648/182/1295
f 1035/39/1296 3648/182/1296 3423/246/1296
f 1038/37/1294 1074/35/1294 3426/250/1294
f 1044/100/1293 1038/101/1293 3645/179/1293
f 1047/31/1302 1068/29/1302 3468/255/1302
f 1053/34/1300 1047/31/1300 3432/266/1300
f 1071/43/1298 3423/246/1298 3435/245/1298
f 1050/42/1299 3435/245/1299 3429/241/1299
f 1074/35/1297 1053/34/1297 3438/262/1297
f 1059/49/1331 3465/239/1331 3444/237/1331
f 1056/48/1306 3444/237/1306 3441/204/1306
f 1065/116/1301 3429/241/1301 3465/239/1301
f 1062/27/1305 1197/26/1305 3462/209/1305
f 1068/29/1333 1062/27/1333 3447/257/1333
f 1188/3/1344 3441/204/1344 3459/218/1344
f 1086/6/1335 3459/218/1335 3453/236/1335
f 1101/21/1311 3450/223/1311 3456/288/1311
f 1089/113/1345 3456/288/1345 3462/209/1345
f 1098/7/1313 3453/236/1313 3525/234/1313
f 1092/9/1346 3525/234/1346 3471/261/1346
f 1137/103/1337 3474/226/1337 3528/227/1337
f 1095/19/1316 3528/227/1316 3450/223/1316
f 1107/1/1106 1114/1/1106 1104/1/1106
f 3477/195/1320 1105/14/1320 1113/121/1320
f 1113/121/1321 1116/12/1321 3498/272/1321
f 3492/259/1339 1119/16/1339 1105/14/1339
f 1105/14/1317 3477/195/1317 3480/263/1317
f 3495/158/1271 3483/157/1271 1108/65/1271
f 1110/135/1271 1131/63/1271 3495/158/1271
f 3486/284/1269 3489/155/1269 1125/68/1269
f 1125/68/1319 1108/65/1319 3483/157/1319
f 1134/10/1323 3471/261/1323 3498/272/1323
f 1119/16/1318 3492/259/1318 3474/226/1318
f 1122/71/1270 1125/68/1270 3489/155/1270
f 1191/72/1324 1122/71/1324 3504/153/1324
f 1128/61/1340 1194/60/1340 3522/287/1340
f 1131/63/1273 1128/61/1273 3507/160/1273
f 1140/73/1275 1191/72/1275 3501/152/1275
f 1152/77/1326 1140/73/1326 3519/150/1326
f 1143/58/1278 1155/54/1278 3510/165/1278
f 1194/60/1276 1143/58/1276 3516/143/1276
f 1146/131/1343 1152/77/1343 3513/147/1343
f 1146/131/1282 3639/192/1282 3531/281/1282
f 1149/56/1341 1185/97/1341 3534/168/1341
f 1155/54/1342 1149/56/1342 3642/167/1342
f 1158/93/1330 1179/91/1330 3576/175/1330
f 1164/96/1287 1158/93/1287 3540/171/1287
f 1182/81/1285 3531/281/1285 3543/274/1285
f 1161/80/1288 3543/274/1288 3537/187/1288
f 1185/97/1286 1164/96/1286 3546/172/1286
f 1176/82/1289 3537/187/1289 3573/184/1289
f 1167/84/1291 3573/184/1291 3552/180/1291
f 1170/114/1295 3552/180/1295 3549/182/1295
f 1173/89/1293 1422/101/1293 3570/179/1293
f 1179/91/1292 1173/89/1292 3555/178/1292
f 1419/39/1296 3549/182/1296 3567/246/1296
f 1200/43/1298 3567/246/1298 3561/245/1298
f 1203/35/1297 1218/34/1297 3558/269/1297
f 1422/37/1294 1203/35/1294 3564/250/1294
f 1206/29/1333 1248/27/1333 3597/257/1333
f 1212/31/1302 1206/29/1302 3582/255/1302
f 1215/42/1299 3561/245/1299 3633/241/1299
f 1209/116/1301 3633/241/1301 3579/239/1301
f 1218/34/1300 1212/31/1300 3636/252/1300
f 3586/204/1306 1225/3/1306 1221/132/1306
f 1221/132/1307 1227/48/1307 3594/237/1307
f 1224/1/1106 1312/1/1106 1416/1/1106
f 3627/218/1344 1239/6/1344 1225/3/1344
f 1225/3/1308 3586/204/1308 3588/265/1308
f 1245/49/1331 3579/239/1331 3594/237/1331
f 1242/113/1345 3630/258/1345 3591/209/1345
f 1248/27/1305 1230/26/1305 3591/209/1305
f 1239/6/1335 3627/218/1335 3603/236/1335
f 1233/7/1313 3603/236/1313 3600/234/1313
f 1302/19/1316 3624/227/1316 3606/223/1316
f 1236/21/1311 3606/223/1311 3630/258/1311
f 1299/9/1346 3600/234/1346 3621/261/1346
f 1251/10/1323 3621/261/1323 3615/272/1323
f 1269/16/1318 3618/259/1318 3609/226/1318
f 1254/103/1337 3609/226/1337 3624/227/1337
f 1266/12/1321 3615/272/1321 3612/195/1321
f 1257/14/1339 3612/195/1339 3618/259/1339
f 1260/63/1936 1296/61/1936 3672/160/1936
f 1263/65/1271 1260/63/1271 3657/158/1271
f 1293/68/1319 1263/65/1319 3651/157/1319
f 1272/72/1272 1275/71/1272 3669/153/1272
f 1287/73/1275 1272/72/1275 3663/152/1275
f 1275/71/1270 1293/68/1270 3654/155/1270
f 1278/60/1276 1290/58/1276 3702/143/1276
f 1296/61/1340 1278/60/1340 3666/164/1340
f 1281/77/1326 1287/73/1326 3660/150/1326
f 1413/76/1280 1281/77/1280 3699/147/1280
f 3678/282/1351 3684/165/1351 1284/54/1351
f 1284/54/1281 1417/56/1281 3676/167/1281
f 1290/58/1278 1284/54/1278 3684/165/1278
f 1413/76/1347 3681/192/1347 3693/281/1347
f 1305/81/1285 3693/281/1285 3687/274/1285
f 1308/97/1286 1326/96/1286 3690/172/1286
f 3696/168/1328 3676/167/1328 1417/56/1328
f 1311/134/1283 1308/97/1283 3696/168/1283
f 1314/91/1292 1353/89/1292 3723/178/1292
f 1320/93/1330 1314/91/1330 3708/175/1330
f 1323/80/1288 3687/274/1288 3753/187/1288
f 1317/82/1329 3753/187/1329 3705/184/1329
f 1326/96/1287 1320/93/1287 3756/171/1287
f 1332/114/1295 3720/180/1295 3714/182/1295
f 1329/39/1296 3714/182/1296 3711/246/1296
f 1350/84/1291 3705/184/1291 3720/180/1291
f 1335/37/1294 1347/35/1294 3750/250/1294
f 1353/89/1293 1335/104/1293 3717/179/1293
f 1344/43/1298 3711/246/1298 3747/245/1298
f 1338/42/1332 3747/245/1332 3729/241/1332
f 1341/108/1300 1410/31/1300 3726/252/1300
f 1347/35/1297 1341/108/1297 3732/262/1297
f 1407/45/1301 3729/241/1301 3741/239/1301
f 1356/49/1331 3741/239/1331 3735/237/1331
f 1359/29/1333 1374/27/1333 3738/257/1333
f 1410/31/1302 1359/29/1302 3744/255/1302
f 1401/21/1311 3777/223/1311 3762/258/1311
f 1362/113/1361 3762/258/1361 3867/209/1361
f 1371/48/1334 3735/237/1334 3876/204/1334
f 1365/3/1308 3876/204/1308 3759/218/1308
f 1374/27/1348 1368/26/1348 3867/209/1348
f 1380/7/1313 3774/236/1313 3768/234/1313
f 1377/9/1346 3768/234/1346 3765/261/1346
f 1404/6/1335 3759/218/1335 3774/236/1335
f 1398/103/1315 3810/226/1315 3771/227/1315
f 1383/19/1316 3771/227/1316 3777/223/1316
f 1395/12/1321 3801/231/1321 3786/195/1321
f 3792/259/1339 1389/16/1339 1386/14/1339
f 1386/14/1339 3786/195/1339 3789/290/1339
f 1389/16/1318 3792/259/1318 3810/226/1318
f 1392/10/1323 3765/261/1323 3801/231/1323
f 1425/65/1271 1434/63/1271 2619/158/1271
f 2577/278/1319 2580/155/1319 1431/68/1319
f 1431/68/1319 1425/65/1319 2571/157/1319
f 1428/71/1935 1431/68/1935 2580/155/1935
f 1437/72/1272 1428/71/1272 2598/153/1272
f 1434/63/1273 1446/61/1273 2601/160/1273
f 1443/73/1275 1437/72/1275 2613/152/1275
f 1440/60/1276 1449/58/1276 2610/143/1276
f 1446/61/1340 1440/60/1340 2616/164/1340
f 1455/77/1326 1443/73/1326 2607/150/1326
f 1449/58/1278 1458/54/1278 2634/165/1278
f 1452/56/1341 1473/97/1341 2637/168/1341
f 1458/54/1281 1452/56/1281 2643/167/1281
f 1470/76/1327 1455/77/1327 2604/147/1327
f 1464/81/1285 2640/191/1285 2652/274/1285
f 1461/80/1288 2652/274/1288 2646/187/1288
f 1470/76/1284 2745/192/1284 2640/191/1284
f 1467/96/1287 1530/93/1287 2649/171/1287
f 1473/97/1286 1467/96/1286 2655/172/1286
f 1527/82/1329 2646/187/1329 2679/184/1329
f 1476/84/1291 2679/184/1291 2658/180/1291
f 1479/91/1292 1491/100/1292 2661/178/1292
f 1530/93/1330 1479/91/1330 2682/175/1330
f 1488/114/1295 2658/180/1295 2673/182/1295
f 1482/39/1296 2673/182/1296 2667/246/1296
f 1485/37/1294 1524/35/1294 2670/250/1294
f 1491/100/1293 1485/104/1293 2676/179/1293
f 1494/31/1302 1518/29/1302 2685/255/1302
f 1500/34/1300 1494/31/1300 2691/252/1300
f 1521/43/1298 2667/246/1298 2664/245/1298
f 1497/42/1332 2664/245/1332 2739/241/1332
f 1524/35/1297 1500/34/1297 2742/269/1297
f 1509/49/1331 2688/239/1331 2703/237/1331
f 2694/204/1306 1639/3/1306 1506/115/1306
f 1506/115/1307 1503/48/1307 2703/237/1307
f 1593/1/1106 1507/1/1106 1638/1/1106
f 1515/45/1301 2739/241/1301 2688/239/1301
f 1512/27/1348 1641/26/1348 2700/209/1348
f 1518/29/1333 1512/27/1333 2706/257/1333
f 2733/218/1308 1533/6/1308 1639/3/1308
f 1639/3/1308 2694/204/1308 2697/265/1308
f 1533/6/1335 2733/218/1335 2709/236/1335
f 1548/21/1311 2712/223/1311 2736/258/1311
f 1536/113/1361 2736/258/1361 2700/209/1361
f 1545/7/1313 2709/236/1313 2727/234/1313
f 1539/9/1346 2727/234/1346 2715/261/1346
f 1578/103/1315 2724/226/1315 2730/227/1315
f 1542/19/1316 2730/227/1316 2712/223/1316
f 1554/12/1321 2721/231/1321 2862/195/1321
f 1551/14/1339 2862/195/1339 2718/229/1339
f 1575/10/1323 2715/261/1323 2721/231/1323
f 1557/16/1318 2718/229/1318 2724/226/1318
f 1560/71/1270 1563/68/1270 2757/155/1270
f 1632/72/1324 1560/71/1324 2769/153/1324
f 1563/68/1319 1569/65/1319 2754/157/1319
f 1566/61/1340 1635/60/1340 2766/164/1340
f 1572/63/1273 1566/61/1273 2772/160/1273
f 1569/65/1271 1572/63/1271 2760/277/1271
f 1581/73/1275 1632/72/1275 2763/152/1275
f 1596/77/1326 1581/73/1326 2802/150/1326
f 1584/58/1278 1599/54/1278 2781/165/1278
f 1635/60/1276 1584/58/1276 2805/143/1276
f 1587/76/1327 1596/77/1327 2778/147/1327
f 1587/76/1282 2775/275/1282 2796/191/1282
f 2793/168/1341 2799/167/1341 1594/56/1341
f 1590/111/1341 1629/97/1341 2793/168/1341
f 2784/207/1342 2781/165/1342 1599/54/1342
f 1599/54/1342 1594/56/1342 2799/167/1342
f 1602/93/1330 1623/91/1330 2811/175/1330
f 1608/96/1287 1602/93/1287 2859/171/1287
f 1626/81/1285 2796/191/1285 2790/274/1285
f 1605/80/1288 2790/274/1288 2856/187/1288
f 1629/97/1286 1608/96/1286 2787/172/1286
f 1614/84/1291 2808/184/1291 2820/180/1291
f 1611/114/1295 2820/180/1295 2814/182/1295
f 1620/82/1329 2856/187/1329 2808/184/1329
f 1617/89/1293 1869/101/1293 2817/179/1293
f 1623/91/1292 1617/89/1292 2823/178/1292
f 1860/39/1296 2814/182/1296 2850/246/1296
f 1644/43/1298 2850/246/1298 2829/245/1298
f 1647/35/1297 1659/34/1297 2832/262/1297
f 1869/37/1294 1647/35/1294 2853/250/1294
f 1656/42/1332 2829/245/1332 2826/241/1332
f 1650/116/1301 2826/241/1301 2844/239/1301
f 1653/31/1302 1689/29/1302 2841/255/1302
f 1659/34/1300 1653/31/1300 2847/266/1300
f 1683/23/1345 2868/258/1345 2976/209/1345
f 1668/27/1305 1662/26/1305 2976/209/1305
f 1686/49/1331 2844/239/1331 2838/237/1331
f 1665/48/1306 2838/237/1306 2967/204/1306
f 1689/29/1333 1668/27/1333 2835/257/1333
f 1674/6/1335 2865/218/1335 2877/236/1335
f 1671/7/1313 2877/236/1313 2871/234/1313
f 1680/3/1350 2967/204/1350 2865/218/1350
f 1749/19/1316 2874/227/1316 2880/223/1316
f 1677/21/1311 2880/223/1311 2868/258/1311
f 1746/9/1346 2871/234/1346 2913/261/1346
f 1692/10/1323 2913/261/1323 2895/272/1323
f 1713/16/1318 2898/259/1318 2916/226/1318
f 1695/103/1337 2916/226/1337 2874/227/1337
f 2886/195/1320 1702/14/1320 1698/117/1320
f 1698/117/1321 1716/12/1321 2895/272/1321
f 1701/1/1106 1705/1/1106 1707/1/1106
f 2898/259/1339 1713/16/1339 1702/14/1339
f 1702/14/1317 2886/195/1317 2892/267/1317
f 2907/158/1271 2883/157/1271 1708/65/1271
f 1704/109/1923 1710/63/1923 2907/158/1923
f 2889/276/1269 2910/155/1269 1719/68/1269
f 1719/68/1319 1708/65/1319 2883/157/1319
f 1710/63/1273 1728/61/1273 2901/160/1273
f 1725/71/1270 1719/68/1270 2910/155/1270
f 1722/60/1276 1743/58/1276 2922/143/1276
f 1728/61/1340 1722/60/1340 2973/164/1340
f 1740/72/1324 1725/71/1324 2904/153/1324
f 1731/77/1326 1734/73/1326 2919/150/1326
f 1863/76/1327 1731/77/1327 2931/147/1327
f 1734/73/1275 1740/72/1275 2970/152/1275
f 1737/54/1342 1866/56/1342 2928/167/1342
f 1743/58/1278 1737/54/1278 2934/165/1278
f 1863/76/1282 2925/275/1282 2961/191/1282
f 1752/81/1285 2961/191/1285 2940/274/1285
f 1755/97/1286 1767/96/1286 2943/172/1286
f 1866/56/1341 1755/97/1341 2964/168/1341
f 1764/80/1288 2940/274/1288 2937/187/1288
f 1758/82/1329 2937/187/1329 2955/184/1329
f 1761/93/1330 1797/91/1330 2946/175/1330
f 1767/96/1287 1761/93/1287 2958/171/1287
f 1770/37/1294 1791/35/1294 2985/250/1294
f 1776/100/1293 1770/101/1293 3090/179/1293
f 1794/84/1291 2955/184/1291 2949/180/1291
f 1773/114/1295 2949/180/1295 2979/182/1295
f 1797/91/1292 1776/100/1292 2952/268/1292
f 1782/43/1298 2982/246/1298 2997/245/1298
f 1779/42/1332 2997/245/1332 2991/241/1332
f 1788/39/1296 2979/182/1296 2982/246/1296
f 1785/108/1300 1857/31/1300 2994/252/1300
f 1791/35/1297 1785/108/1297 3000/269/1297
f 1854/116/1301 2991/241/1301 2988/239/1301
f 1800/49/1331 2988/239/1331 3027/237/1331
f 1803/29/1333 1818/27/1333 3012/257/1333
f 1857/31/1302 1803/29/1302 3030/255/1302
f 1815/48/1306 3027/237/1306 3009/204/1306
f 1806/3/1350 3009/204/1350 3021/218/1350
f 3003/200/1345 1813/107/1345 1809/119/1345
f 1809/119/1345 1851/23/1345 3024/258/1345
f 1812/1/1106 1897/1/1106 1899/1/1106
f 3006/270/1305 3012/257/1305 1818/27/1305
f 1818/27/1305 1813/107/1305 3003/200/1305
f 1845/103/1337 3036/226/1337 3084/227/1337
f 1821/19/1316 3084/227/1316 3018/223/1316
f 1848/6/1335 3021/218/1335 3015/236/1335
f 1824/7/1313 3015/236/1313 3081/234/1313
f 1827/21/1311 3018/223/1311 3024/258/1311
f 1842/9/1346 3081/234/1346 3033/261/1346
f 1830/10/1323 3033/261/1323 3048/272/1323
f 1836/12/1321 3048/272/1321 3039/195/1321
f 1833/14/1339 3039/195/1339 3051/259/1339
f 1839/16/1318 3051/259/1318 3036/226/1318
f 1872/65/1271 1878/63/1271 3078/277/1271
f 1875/68/1319 1872/65/1319 3045/157/1319
f 1890/71/1270 1875/68/1270 3042/155/1270
f 1878/63/1936 1893/61/1936 3060/160/1936
f 1881/58/1278 1923/54/1278 3066/165/1278
f 1887/60/1276 1881/58/1276 3072/143/1276
f 1884/72/1272 1890/71/1272 3075/153/1272
f 1920/73/1275 1884/72/1275 3057/152/1275
f 1893/61/1340 1887/60/1340 3054/164/1340
f 3063/147/1327 3087/192/1327 1900/76/1327
f 1896/105/1280 1902/77/1280 3063/147/1280
f 3096/191/1284 1914/81/1284 1900/76/1284
f 1900/76/1347 3087/192/1347 3093/271/1347
f 1902/77/1326 1920/73/1326 3069/150/1326
f 1905/56/1328 1917/97/1328 3099/168/1328
f 1923/54/1342 1905/56/1342 3201/167/1342
f 1914/81/1285 3096/191/1285 3111/188/1285
f 1908/80/1288 3111/188/1288 3105/187/1288
f 1911/96/1287 1977/93/1287 3108/171/1287
f 1917/97/1286 1911/96/1286 3114/172/1286
f 1974/82/1329 3105/187/1329 3102/184/1329
f 1926/84/1291 3102/184/1291 3138/180/1291
f 1929/91/1292 1944/100/1292 3123/178/1292
f 1977/93/1330 1929/91/1330 3141/175/1330
f 1932/35/1297 1971/34/1297 3129/262/1297
f 1938/37/1294 1932/35/1294 3135/250/1294
f 1941/114/1295 3138/180/1295 3120/182/1295
f 1935/39/1296 3120/182/1296 3132/246/1296
f 1944/100/1293 1938/104/1293 3117/179/1293
f 1950/42/1332 3126/245/1332 3198/241/1332
f 1947/45/1301 3198/241/1301 3144/239/1301
f 1968/43/1298 3132/246/1298 3126/245/1298
f 1953/31/1302 1965/29/1302 3147/255/1302
f 1971/34/1300 1953/31/1300 3195/252/1300
f 1962/49/1331 3144/239/1331 3159/237/1331
f 1956/48/1307 3159/237/1307 3153/204/1307
f 1959/27/1348 2094/26/1348 3156/209/1348
f 1965/29/1333 1959/27/1333 3162/257/1333
f 2091/3/1350 3153/204/1350 3150/218/1350
f 1980/6/1335 3150/218/1335 3189/236/1335
f 1998/21/1311 3171/223/1311 3192/258/1311
f 1983/23/1361 3192/258/1361 3156/209/1361
f 2028/16/1318 3177/229/1318 3186/226/1318
f 1986/103/1315 3186/226/1315 3165/227/1315
f 1995/7/1313 3189/236/1313 3168/234/1313
f 1989/9/1346 3168/234/1346 3180/261/1346
f 1992/19/1316 3165/227/1316 3171/223/1316
f 2001/1/1106 2017/1/1106 2007/1/1106
f 3174/195/1321 2002/14/1321 2004/121/1321
f 2004/121/1321 2010/12/1321 3183/231/1321
f 2002/14/1339 3174/195/1339 3177/229/1339
f 3873/277/1354 3807/157/1354 2008/65/1354
f 2016/102/1271 2013/63/1271 3873/277/1271
f 2025/68/1937 2008/65/1937 3807/157/1937
f 2031/10/1323 3180/261/1323 3183/231/1323
f 2013/63/1273 2088/61/1273 3828/160/1273
f 2019/65/1271 2022/63/1271 3804/277/1271
f 3780/215/1319 3798/155/1319 2082/68/1319
f 2082/68/1937 2019/65/1937 3783/157/1937
f 2022/63/1273 2085/61/1273 3813/160/1273
f 2046/71/1938 2025/68/1938 3795/155/1938
f 2034/71/1938 2082/68/1938 3798/155/1938
f 2040/72/1324 2034/71/1324 3864/153/1324
f 2037/72/1324 2046/71/1324 3870/153/1324
f 2076/73/1275 2037/72/1275 3825/152/1275
f 2070/73/1275 2040/72/1275 3819/152/1275
f 2043/60/1276 2073/58/1276 3852/143/1276
f 2085/61/1340 2043/60/1340 3822/164/1340
f 2049/60/1276 2079/58/1276 3858/143/1276
f 2088/61/1340 2049/60/1340 3816/164/1340
f 2052/77/1356 2076/73/1356 3855/150/1356
f 2061/76/1280 2052/77/1280 3831/147/1280
f 2055/54/1351 2058/56/1351 3837/167/1351
f 2073/58/1278 2055/54/1278 3834/165/1278
f 2058/56/1283 2097/97/1283 3879/168/1283
f 2061/76/1282 3840/192/1282 3882/191/1282
f 2064/77/1356 2070/73/1356 3849/150/1356
f 2310/76/1280 2064/77/1280 3843/147/1280
f 2067/54/1351 2313/56/1351 4092/167/1351
f 2079/58/1279 2067/54/1279 3846/165/1279
f 2097/97/1286 2106/96/1286 3888/172/1286
f 2100/81/1285 3882/191/1285 3891/274/1285
f 2103/123/1288 3891/274/1288 3900/187/1288
f 2106/96/1287 2118/93/1287 3903/171/1287
f 2310/76/1284 3861/192/1284 3894/281/1284
f 2109/81/1357 3894/281/1357 3885/274/1357
f 2112/97/1286 2142/96/1286 3921/172/1286
f 2313/56/1283 2112/97/1283 3897/168/1283
f 2115/82/1329 3900/187/1329 3909/184/1329
f 2118/93/1330 2130/91/1330 3906/175/1330
f 2121/93/1330 2136/91/1330 3978/175/1330
f 2142/96/1287 2121/93/1287 3915/171/1287
f 2133/82/1329 3918/187/1329 3912/184/1329
f 2124/124/1291 3912/184/1291 3975/180/1291
f 2127/84/1291 3909/184/1291 3927/180/1291
f 2130/91/1292 2145/100/1292 3924/268/1292
f 2139/80/1939 3885/274/1939 3918/187/1939
f 2136/91/1292 2196/100/1292 3930/268/1292
f 2145/100/1293 2154/101/1293 3934/179/1293
f 2148/114/1295 3927/180/1295 3936/182/1295
f 86/1/1106 83/1/1106 79/1/1106
f 79/1/1106 76/1/1106 2244/1/1106
f 79/1/1106 2244/1/1106 2239/1/1106
f 89/1/1106 86/1/1106 79/1/1106
f 93/1/1106 91/1/1106 89/1/1106
f 1/1/1106 95/1/1106 93/1/1106
f 7/1/1106 5/1/1106 1/1/1106
f 11/1/1106 9/1/1106 7/1/1106
f 2242/1/1106 2224/1/1106 11/1/1106
f 2302/1/1106 2242/1/1106 11/1/1106
f 11/1/1106 7/1/1106 1/1/1106
f 1/1/1106 93/1/1106 89/1/1106
f 89/1/1106 79/1/1106 2239/1/1106
f 89/1/1106 2239/1/1106 2230/1/1106
f 11/1/1106 1/1/1106 89/1/1106
f 2263/1/1106 2302/1/1106 11/1/1106
f 2290/1/1106 2263/1/1106 11/1/1106
f 89/1/1106 2230/1/1106 2293/1/1106
f 89/1/1106 2293/1/1106 2254/1/1106
f 2275/1/1106 2290/1/1106 11/1/1106
f 2266/1/1106 2275/1/1106 11/1/1106
f 89/1/1106 2254/1/1106 2296/1/1106
f 89/1/1106 2296/1/1106 2278/1/1106
f 2266/1/1106 11/1/1106 89/1/1106
f 2272/1/1926 2266/1/1926 89/1/1926
f 89/1/1106 2278/1/1106 2269/1/1106
f 89/1/1106 2269/1/1106 2281/1/1106
f 2287/1/1358 2272/1/1358 89/1/1358
f 2260/1/1922 2287/1/1922 89/1/1922
f 89/1/1106 2281/1/1106 2284/1/1106
f 89/1/1106 2284/1/1106 2257/1/1106
f 2251/1/1106 2260/1/1106 89/1/1106
f 2236/1/1106 2251/1/1106 89/1/1106
f 89/1/1358 2257/1/1358 2299/1/1358
f 89/1/1922 2299/1/1922 2233/1/1922
f 2218/1/1106 2236/1/1106 89/1/1106
f 2206/1/1106 2218/1/1106 89/1/1106
f 89/1/1929 2233/1/1929 2221/1/1929
f 2206/1/1106 89/1/1106 2221/1/1106
f 2203/1/1106 2206/1/1106 2221/1/1106
f 2203/1/1106 2221/1/1106 2209/1/1106
f 2176/1/1106 2203/1/1106 2209/1/1106
f 2176/1/1106 2209/1/1106 2200/1/1106
f 2179/1/1106 2176/1/1106 2200/1/1106
f 2179/1/1106 2200/1/1106 2173/1/1106
f 2155/1/1106 2151/1/1106 2164/1/1106
f 2164/1/1106 2179/1/1106 2173/1/1106
f 2164/1/1106 2173/1/1106 2170/1/1106
f 2167/1/1106 2155/1/1106 2164/1/1106
f 2152/39/1296 3936/182/1296 3948/246/1296
f 2154/37/1294 2166/35/1294 3945/250/1294
f 2193/114/1295 3975/180/1295 3939/182/1295
f 2157/39/1296 3939/182/1296 3969/246/1296
f 2160/37/1294 2190/35/1294 3972/250/1294
f 2196/100/1293 2160/101/1293 3942/179/1293
f 2163/43/1298 3948/246/1298 3963/245/1298
f 2166/35/1297 2169/34/1297 3960/269/1297
f 2169/34/1300 2172/31/1300 3951/252/1300
f 2172/31/1302 2199/29/1302 3981/255/1302
f 2178/42/1332 3963/245/1332 3954/241/1332
f 2175/45/1301 3954/241/1301 3984/239/1301
f 2187/43/1298 3969/246/1298 3957/245/1298
f 2181/42/1332 3957/245/1332 4089/241/1332
f 2184/34/1300 2304/31/1300 4086/252/1300
f 2190/35/1297 2184/34/1297 3966/262/1297
f 2199/29/1304 2208/27/1304 3990/257/1304
f 2202/49/1331 3984/239/1331 3993/237/1331
f 2205/48/1334 3993/237/1334 4002/204/1334
f 2208/27/1305 2220/26/1305 4005/209/1305
f 2307/45/1301 4089/241/1301 3996/239/1301
f 2211/49/1331 3996/239/1331 3987/237/1331
f 2214/29/1304 2247/27/1304 4027/257/1304
f 2304/31/1302 2214/29/1302 4000/255/1302
f 2217/3/1308 4002/204/1308 4011/218/1308
f 2232/23/1309 4008/258/1309 4005/209/1309
f 4020/209/1940 2226/26/1940 2223/53/1940
f 2223/53/1345 2241/23/1345 4083/258/1345
f 2247/27/1305 2226/26/1305 4020/209/1305
f 4014/218/1350 2229/6/1350 2238/3/1350
f 2238/3/1941 4023/204/1941 4017/280/1941
f 2229/6/1310 4014/218/1310 4072/236/1310
f 2298/21/1311 4077/223/1311 4008/258/1311
f 2235/6/1310 4011/218/1310 4080/236/1310
f 2245/48/1334 3987/237/1334 4023/204/1334
f 2301/21/1312 4029/223/1312 4083/258/1312
f 2250/7/1313 4080/236/1313 4038/234/1313
f 2292/7/1313 4072/236/1313 4032/234/1313
f 2253/9/1314 4032/234/1314 4074/261/1314
f 2283/103/1315 4062/226/1315 4035/227/1315
f 2256/19/1316 4035/227/1316 4077/223/1316
f 2259/9/1314 4038/234/1314 4065/261/1314
f 2289/103/1315 4068/226/1315 4041/227/1315
f 2262/19/1316 4041/227/1316 4029/223/1316
f 2271/12/1321 4050/231/1321 4044/195/1321
f 2265/14/1339 4044/195/1339 4053/229/1339
f 2277/12/1321 4056/231/1321 4047/195/1321
f 2268/14/1339 4047/195/1339 4059/259/1339
f 2286/10/1323 4065/261/1323 4050/231/1323
f 2274/16/1318 4053/229/1318 4068/226/1318
f 2295/10/1323 4074/261/1323 4056/231/1323
f 2280/16/1318 4059/259/1318 4062/226/1318
f 2367/1/1103 2389/1/1103 139/1/1103
f 139/1/1103 141/1/1103 143/1/1103
f 143/1/1942 146/1/1942 149/1/1942
f 149/1/1103 151/1/1103 153/1/1103
f 153/1/1103 155/1/1103 158/1/1103
f 158/1/1103 2379/1/1103 2371/1/1103
f 158/1/1103 2371/1/1103 2353/1/1103
f 149/1/1103 153/1/1103 158/1/1103
f 139/1/1103 143/1/1103 149/1/1103
f 2350/1/1103 2367/1/1103 139/1/1103
f 2365/1/1103 2350/1/1103 139/1/1103
f 139/1/1103 149/1/1103 158/1/1103
f 158/1/1103 2353/1/1103 2341/1/1103
f 158/1/1103 2341/1/1103 2326/1/1103
f 2338/1/1103 2365/1/1103 139/1/1103
f 2323/1/1103 2338/1/1103 139/1/1103
f 158/1/1103 2326/1/1103 2317/1/1103
f 158/1/1103 2317/1/1103 2320/1/1103
f 2323/1/1103 139/1/1103 158/1/1103
f 2335/1/1943 2323/1/1943 158/1/1943
f 158/1/1103 2320/1/1103 2329/1/1103
f 158/1/1103 2329/1/1103 2332/1/1103
f 2362/1/1103 2335/1/1103 158/1/1103
f 2347/1/1103 2362/1/1103 158/1/1103
f 158/1/1103 2332/1/1103 2344/1/1103
f 158/1/1103 2344/1/1103 2356/1/1103
f 2359/1/1942 2347/1/1942 158/1/1942
f 2386/1/1944 2359/1/1944 158/1/1944
f 158/1/1942 2356/1/1942 2383/1/1942
f 2386/1/1103 158/1/1103 2383/1/1103
f 2374/1/1103 2386/1/1103 2383/1/1103
f 2374/1/1103 2383/1/1103 2377/1/1103
f 2395/1/1103 2374/1/1103 2377/1/1103
f 2395/1/1103 2377/1/1103 2392/1/1103
f 2401/1/1103 2395/1/1103 2392/1/1103
f 2401/1/1103 2392/1/1103 2398/1/1103
f 2422/1/1103 2401/1/1103 2398/1/1103
f 2422/1/1103 2398/1/1103 2419/1/1103
f 2428/1/1103 2422/1/1103 2419/1/1103
f 2428/1/1103 2419/1/1103 2425/1/1103
f 2437/1/1103 2439/1/1103 2461/1/1103
f 2461/1/1103 2428/1/1103 2425/1/1103
f 2458/1/1103 2437/1/1103 2461/1/1103
f 3999/1/1103 4026/1/1103 117/1/1103
f 117/1/1103 120/1/1103 122/1/1103
f 122/1/1103 124/1/1103 127/1/1103
f 127/1/1103 131/1/1103 134/1/1103
f 134/1/1103 137/1/1103 139/1/1103
f 139/1/1103 2389/1/1103 2416/1/1103
f 139/1/1103 2416/1/1103 2410/1/1103
f 127/1/1103 134/1/1103 139/1/1103
f 117/1/1103 122/1/1103 127/1/1103
f 4087/1/1103 3999/1/1103 117/1/1103
f 3967/1/1103 4087/1/1103 117/1/1103
f 117/1/1103 127/1/1103 139/1/1103
f 139/1/1103 2410/1/1103 2404/1/1103
f 139/1/1103 2404/1/1103 2524/1/1103
f 3973/1/1103 3967/1/1103 117/1/1103
f 3943/1/1103 3973/1/1103 117/1/1103
f 139/1/1103 2524/1/1103 2434/1/1103
f 139/1/1103 2434/1/1103 2464/1/1103
f 3943/1/1103 117/1/1103 139/1/1103
f 3931/1/1103 3943/1/1103 139/1/1103
f 139/1/1103 2464/1/1103 2452/1/1103
f 139/1/1103 2452/1/1103 2518/1/1103
f 3979/1/1103 3931/1/1103 139/1/1103
f 3916/1/1103 3979/1/1103 139/1/1103
f 139/1/1103 2518/1/1103 2485/1/1103
f 139/1/1103 2485/1/1103 2512/1/1103
f 3922/1/1103 3916/1/1103 139/1/1103
f 3898/1/1103 3922/1/1103 139/1/1103
f 139/1/1944 2512/1/1944 2506/1/1944
f 4093/1/1103 3898/1/1103 139/1/1103
f 3847/1/1103 4093/1/1103 139/1/1103
f 3859/1/1103 3847/1/1103 139/1/1103
f 3817/1/1103 3859/1/1103 139/1/1103
f 3829/1/1103 3817/1/1103 139/1/1103
f 3874/1/1103 3829/1/1103 139/1/1103
f 3808/1/1103 3874/1/1103 139/1/1103
f 3796/1/1103 3808/1/1103 139/1/1103
f 3871/1/1103 3796/1/1103 139/1/1103
f 3826/1/1103 3871/1/1103 139/1/1103
f 3856/1/1103 3826/1/1103 139/1/1103
f 3832/1/1103 3856/1/1103 139/1/1103
f 3841/1/1103 3832/1/1103 139/1/1103
f 3883/1/1103 3841/1/1103 139/1/1103
f 3892/1/1103 3883/1/1103 139/1/1103
f 3901/1/1103 3892/1/1103 139/1/1103
f 3910/1/1103 3901/1/1103 139/1/1103
f 3933/1/1103 3937/1/1103 3928/1/1103
f 3928/1/1103 3910/1/1103 139/1/1103
f 3925/1/1103 3933/1/1103 3928/1/1103
f 3907/1/1103 3925/1/1103 3928/1/1103
f 2596/1/1103 2584/1/1103 2572/1/1103
f 2596/1/1103 2572/1/1103 2620/1/1103
f 2632/1/1103 2596/1/1103 2620/1/1103
f 2632/1/1103 2620/1/1103 2602/1/1103
f 2554/1/1103 2632/1/1103 2602/1/1103
f 2554/1/1103 2602/1/1103 2617/1/1103
f 2566/1/1103 2554/1/1103 2617/1/1103
f 2566/1/1103 2617/1/1103 2611/1/1103
f 2542/1/1103 2566/1/1103 2611/1/1103
f 2542/1/1103 2611/1/1103 2635/1/1103
f 2749/1/1103 2542/1/1103 2635/1/1103
f 2749/1/1103 2635/1/1103 2644/1/1103
f 2500/1/1103 2749/1/1103 2644/1/1103
f 2500/1/1103 2644/1/1103 2638/1/1103
f 2506/1/1103 2500/1/1103 2638/1/1103
f 2506/1/1103 2638/1/1103 2656/1/1103
f 3904/1/1103 3907/1/1103 3928/1/1103
f 3889/1/1103 3904/1/1103 3928/1/1103
f 139/1/1103 2506/1/1103 2656/1/1103
f 139/1/1103 2656/1/1103 2650/1/1103
f 3880/1/1944 3889/1/1944 3928/1/1944
f 3838/1/1103 3880/1/1103 3928/1/1103
f 139/1/1103 2650/1/1103 2683/1/1103
f 139/1/1103 2683/1/1103 2662/1/1103
f 3835/1/1103 3838/1/1103 3928/1/1103
f 3853/1/1944 3835/1/1944 3928/1/1944
f 139/1/1103 2662/1/1103 2677/1/1103
f 139/1/1942 2677/1/1942 2671/1/1942
f 3823/1/1942 3853/1/1942 3928/1/1942
f 3814/1/1103 3823/1/1103 3928/1/1103
f 2734/1/1103 2698/1/1103 2800/1/1103
f 2734/1/1103 2800/1/1103 2794/1/1103
f 2710/1/1103 2734/1/1103 2794/1/1103
f 2710/1/1103 2794/1/1103 2788/1/1103
f 2728/1/1103 2710/1/1103 2788/1/1103
f 2728/1/1103 2788/1/1103 2860/1/1103
f 2716/1/1103 2728/1/1103 2860/1/1103
f 2716/1/1103 2860/1/1103 2812/1/1103
f 2722/1/1103 2716/1/1103 2812/1/1103
f 2722/1/1103 2812/1/1103 2824/1/1103
f 2863/1/1103 2722/1/1103 2824/1/1103
f 2863/1/1103 2824/1/1103 2818/1/1103
f 2719/1/1103 2863/1/1103 2818/1/1103
f 2719/1/1103 2818/1/1103 2854/1/1103
f 2725/1/1103 2719/1/1103 2854/1/1103
f 2725/1/1103 2854/1/1103 2833/1/1103
f 2731/1/1103 2725/1/1103 2833/1/1103
f 2731/1/1103 2833/1/1103 2848/1/1103
f 2713/1/1103 2731/1/1103 2848/1/1103
f 2713/1/1103 2848/1/1103 2842/1/1103
f 2737/1/1945 2713/1/1945 2842/1/1945
f 2737/1/1944 2842/1/1944 2836/1/1944
f 2701/1/1103 2737/1/1103 2836/1/1103
f 2701/1/1103 2836/1/1103 2977/1/1103
f 2899/1/1103 2893/1/1103 2884/1/1103
f 2899/1/1103 2884/1/1103 2908/1/1103
f 2917/1/1103 2899/1/1103 2908/1/1103
f 2917/1/1103 2908/1/1103 2902/1/1103
f 2875/1/1103 2917/1/1103 2902/1/1103
f 2875/1/1103 2902/1/1103 2974/1/1103
f 2881/1/1103 2875/1/1103 2974/1/1103
f 2881/1/1103 2974/1/1103 2923/1/1103
f 2869/1/1103 2881/1/1103 2923/1/1103
f 2869/1/1103 2923/1/1103 2935/1/1103
f 2977/1/1103 2869/1/1103 2935/1/1103
f 2977/1/1103 2935/1/1103 2929/1/1103
f 2701/1/1103 2977/1/1103 2929/1/1103
f 2701/1/1103 2929/1/1103 2965/1/1103
f 2707/1/1942 2701/1/1942 2965/1/1942
f 2707/1/1103 2965/1/1103 2944/1/1103
f 2686/1/1103 2707/1/1103 2944/1/1103
f 2686/1/1103 2944/1/1103 2959/1/1103
f 2686/1/1103 2959/1/1103 2947/1/1103
f 2686/1/1103 2947/1/1103 2953/1/1103
f 2686/1/1103 2953/1/1103 3091/1/1103
f 2686/1/1944 3091/1/1944 2986/1/1944
f 2686/1/1942 2986/1/1942 3001/1/1942
f 2686/1/1944 3001/1/1944 2995/1/1944
f 2686/1/1945 2995/1/1945 3031/1/1945
f 3013/1/1103 3007/1/1103 3088/1/1103
f 3031/1/1103 3013/1/1103 3088/1/1103
f 3031/1/1103 3088/1/1103 3064/1/1103
f 2686/1/1103 3031/1/1103 3064/1/1103
f 2686/1/1103 3064/1/1103 3070/1/1103
f 2692/1/1103 2686/1/1103 3070/1/1103
f 2692/1/1103 3070/1/1103 3058/1/1103
f 2743/1/1103 2692/1/1103 3058/1/1103
f 2743/1/1103 3058/1/1103 3076/1/1103
f 2671/1/1103 2743/1/1103 3076/1/1103
f 2671/1/1103 3076/1/1103 3043/1/1103
f 3805/1/1943 3814/1/1943 3928/1/1943
f 3790/1/1103 3784/1/1103 3805/1/1103
f 3793/1/1103 3790/1/1103 3805/1/1103
f 139/1/1103 2671/1/1103 3043/1/1103
f 139/1/1103 3043/1/1103 3046/1/1103
f 3793/1/1103 3805/1/1103 3928/1/1103
f 3811/1/1103 3793/1/1103 3928/1/1103
f 139/1/1103 3046/1/1103 3079/1/1103
f 139/1/1103 3079/1/1103 3061/1/1103
f 3772/1/1103 3811/1/1103 3928/1/1103
f 3778/1/1103 3772/1/1103 3928/1/1103
f 139/1/1103 3061/1/1103 3055/1/1103
f 139/1/1103 3055/1/1103 3073/1/1103
f 3763/1/1103 3778/1/1103 3928/1/1103
f 3868/1/1103 3763/1/1103 3928/1/1103
f 139/1/1103 3073/1/1103 3067/1/1103
f 139/1/1103 3067/1/1103 3202/1/1103
f 3739/1/1103 3868/1/1103 3928/1/1103
f 3745/1/1103 3739/1/1103 3928/1/1103
f 139/1/1103 3202/1/1103 3100/1/1103
f 139/1/1103 3100/1/1103 3115/1/1103
f 3727/1/1103 3745/1/1103 3928/1/1103
f 3733/1/1103 3727/1/1103 3928/1/1103
f 139/1/1103 3115/1/1103 3109/1/1103
f 139/1/1103 3109/1/1103 3142/1/1103
f 3751/1/1103 3733/1/1103 3928/1/1103
f 3718/1/1103 3751/1/1103 3928/1/1103
f 139/1/1103 3142/1/1103 3124/1/1103
f 139/1/1103 3124/1/1103 3118/1/1103
f 3724/1/1103 3718/1/1103 3928/1/1103
f 3709/1/1103 3724/1/1103 3928/1/1103
f 3928/1/1103 139/1/1103 3118/1/1103
f 3928/1/1103 3118/1/1103 3136/1/1103
f 3757/1/1103 3709/1/1103 3928/1/1103
f 3691/1/1944 3757/1/1944 3928/1/1944
f 3928/1/1103 3136/1/1103 3130/1/1103
f 3928/1/1103 3130/1/1103 3196/1/1103
f 3697/1/1103 3691/1/1103 3928/1/1103
f 3589/1/1103 3675/1/1103 3697/1/1103
f 3628/1/1103 3589/1/1103 3697/1/1103
f 3928/1/1103 3196/1/1103 3148/1/1103
f 3928/1/1103 3148/1/1103 3163/1/1103
f 3628/1/1103 3697/1/1103 3928/1/1103
f 3604/1/1103 3628/1/1103 3928/1/1103
f 3928/1/1103 3163/1/1103 3157/1/1103
f 3928/1/1103 3157/1/1103 3193/1/1103
f 3601/1/1103 3604/1/1103 3928/1/1103
f 3622/1/1103 3601/1/1103 3928/1/1103
f 3928/1/1103 3193/1/1103 3172/1/1103
f 3928/1/1103 3172/1/1103 3166/1/1103
f 3616/1/1103 3622/1/1103 3928/1/1103
f 3613/1/1103 3616/1/1103 3928/1/1103
f 3928/1/1103 3166/1/1103 3187/1/1103
f 3928/1/1103 3187/1/1103 3178/1/1103
f 3619/1/1103 3613/1/1103 3928/1/1103
f 3610/1/1103 3619/1/1103 3928/1/1103
f 3928/1/1103 3178/1/1103 3175/1/1103
f 3928/1/1103 3175/1/1103 3184/1/1103
f 3625/1/1103 3610/1/1103 3928/1/1103
f 3607/1/1103 3625/1/1103 3928/1/1103
f 3928/1/1103 3184/1/1103 3181/1/1103
f 3928/1/1103 3181/1/1103 3169/1/1103
f 3631/1/1103 3607/1/1103 3928/1/1103
f 3592/1/1103 3631/1/1103 3928/1/1103
f 3928/1/1103 3169/1/1103 3190/1/1103
f 3928/1/1103 3190/1/1103 3151/1/1103
f 3598/1/1103 3592/1/1103 3928/1/1103
f 3583/1/1103 3598/1/1103 3928/1/1103
f 3928/1/1103 3151/1/1103 3154/1/1103
f 3928/1/1103 3154/1/1103 3160/1/1103
f 3637/1/1103 3583/1/1103 3928/1/1103
f 3559/1/1103 3637/1/1103 3928/1/1103
f 3928/1/1103 3160/1/1103 3145/1/1103
f 3928/1/1103 3145/1/1103 3199/1/1103
f 3565/1/1103 3559/1/1103 3928/1/1103
f 3571/1/1103 3565/1/1103 3928/1/1103
f 3928/1/1103 3199/1/1103 3127/1/1103
f 3928/1/1103 3127/1/1103 3133/1/1103
f 3556/1/1103 3571/1/1103 3928/1/1103
f 3577/1/1103 3556/1/1103 3928/1/1103
f 3928/1/1103 3133/1/1103 3121/1/1103
f 3577/1/1103 3928/1/1103 3121/1/1103
f 3541/1/1103 3577/1/1103 3121/1/1103
f 3541/1/1103 3121/1/1103 3139/1/1103
f 3547/1/1103 3541/1/1103 3139/1/1103
f 3547/1/1103 3139/1/1103 3103/1/1103
f 3535/1/1942 3547/1/1942 3103/1/1942
f 3535/1/1103 3103/1/1103 3106/1/1103
f 3643/1/1103 3535/1/1103 3106/1/1103
f 3643/1/1103 3106/1/1103 3112/1/1103
f 3511/1/1103 3643/1/1103 3112/1/1103
f 3097/1/1103 3094/1/1103 3004/1/1103
f 3511/1/1103 3112/1/1103 3097/1/1103
f 3517/1/1103 3511/1/1103 3097/1/1103
f 3097/1/1103 3004/1/1103 3025/1/1103
f 3097/1/1103 3025/1/1103 3019/1/1103
f 3097/1/1103 3019/1/1103 3085/1/1103
f 3097/1/1103 3085/1/1103 3037/1/1103
f 3097/1/1103 3037/1/1103 3052/1/1103
f 3097/1/1103 3052/1/1103 3040/1/1103
f 3097/1/1103 3040/1/1103 3049/1/1103
f 3097/1/1103 3049/1/1103 3034/1/1103
f 3517/1/1103 3097/1/1103 3034/1/1103
f 3517/1/1103 3034/1/1103 3082/1/1103
f 3523/1/1103 3517/1/1103 3082/1/1103
f 3523/1/1944 3082/1/1944 3016/1/1944
f 3508/1/1103 3523/1/1103 3016/1/1103
f 3508/1/1103 3016/1/1103 3022/1/1103
f 3481/1/1103 3484/1/1103 3496/1/1103
f 3496/1/1103 3508/1/1103 3022/1/1103
f 3496/1/1103 3022/1/1103 3010/1/1103
f 3493/1/1103 3481/1/1103 3496/1/1103
f 3475/1/1103 3493/1/1103 3496/1/1103
f 3496/1/1103 3010/1/1103 3028/1/1103
f 3496/1/1103 3028/1/1103 2989/1/1103
f 3529/1/1103 3475/1/1103 3496/1/1103
f 3451/1/1103 3529/1/1103 3496/1/1103
f 3496/1/1103 2989/1/1103 2992/1/1103
f 3496/1/1103 2992/1/1103 2998/1/1103
f 3457/1/1103 3451/1/1103 3496/1/1103
f 3463/1/1103 3457/1/1103 3496/1/1103
f 3496/1/1103 2998/1/1103 2983/1/1103
f 3496/1/1103 2983/1/1103 2980/1/1103
f 3448/1/1103 3463/1/1103 3496/1/1103
f 3469/1/1103 3448/1/1103 3496/1/1103
f 3496/1/1103 2980/1/1103 2950/1/1103
f 3496/1/1103 2950/1/1103 2956/1/1103
f 3433/1/1103 3469/1/1103 3496/1/1103
f 3439/1/1103 3433/1/1103 3496/1/1103
f 3496/1/1944 2956/1/1944 2938/1/1944
f 3496/1/1942 2938/1/1942 2941/1/1942
f 3427/1/1103 3439/1/1103 3496/1/1103
f 3427/1/1103 3496/1/1103 2941/1/1103
f 3427/1/1103 2941/1/1103 2962/1/1103
f 3646/1/1103 3427/1/1103 2962/1/1103
f 3646/1/1103 2962/1/1103 2926/1/1103
f 3391/1/1103 3646/1/1103 2926/1/1103
f 3391/1/1103 2926/1/1103 2932/1/1103
f 3397/1/1103 3391/1/1103 2932/1/1103
f 3397/1/1103 2932/1/1103 2920/1/1103
f 3403/1/1103 3397/1/1103 2920/1/1103
f 3403/1/1103 2920/1/1103 2971/1/1103
f 3388/1/1944 3403/1/1944 2971/1/1944
f 3388/1/1103 2971/1/1103 2905/1/1103
f 3409/1/1103 3388/1/1103 2905/1/1103
f 2911/1/1103 2890/1/1103 2887/1/1103
f 3409/1/1103 2905/1/1103 2911/1/1103
f 3373/1/1103 3409/1/1103 2911/1/1103
f 2911/1/1103 2887/1/1103 2896/1/1103
f 2911/1/1103 2896/1/1103 2914/1/1103
f 3373/1/1103 2911/1/1103 2914/1/1103
f 3373/1/1944 2914/1/1944 2872/1/1944
f 3379/1/1103 3373/1/1103 2872/1/1103
f 3379/1/1103 2872/1/1103 2878/1/1103
f 3364/1/1103 3379/1/1103 2878/1/1103
f 3364/1/1944 2878/1/1944 2866/1/1944
f 3418/1/1103 3364/1/1103 2866/1/1103
f 3418/1/1103 2866/1/1103 2968/1/1103
f 3340/1/1103 3418/1/1103 2968/1/1103
f 3340/1/1103 2968/1/1103 2839/1/1103
f 3346/1/1103 3340/1/1103 2839/1/1103
f 3346/1/1103 2839/1/1103 2845/1/1103
f 3346/1/1103 2845/1/1103 2827/1/1103
f 3346/1/1103 2827/1/1103 2830/1/1103
f 3346/1/1103 2830/1/1103 2851/1/1103
f 3346/1/1103 2851/1/1103 2815/1/1103
f 3346/1/1103 2815/1/1103 2821/1/1103
f 3346/1/1103 2821/1/1103 2809/1/1103
f 3352/1/1946 3346/1/1946 2809/1/1946
f 3352/1/1942 2809/1/1942 2857/1/1942
f 3352/1/1103 2857/1/1103 2791/1/1103
f 3352/1/1103 2791/1/1103 2797/1/1103
f 3352/1/1103 2797/1/1103 2776/1/1103
f 3352/1/1103 2776/1/1103 2779/1/1103
f 3352/1/1103 2779/1/1103 2803/1/1103
f 3352/1/1103 2803/1/1103 2764/1/1103
f 3352/1/1103 2764/1/1103 2770/1/1103
f 3352/1/1942 2770/1/1942 2758/1/1942
f 3352/1/1947 2758/1/1947 2755/1/1947
f 3283/1/1103 3367/1/1103 3376/1/1103
f 3286/1/1103 3283/1/1103 3376/1/1103
f 3286/1/1103 3376/1/1103 3361/1/1103
f 3292/1/1103 3286/1/1103 3361/1/1103
f 3292/1/1103 3361/1/1103 3415/1/1103
f 3298/1/1103 3292/1/1103 3415/1/1103
f 3298/1/1103 3415/1/1103 3343/1/1103
f 3280/1/1103 3298/1/1103 3343/1/1103
f 3280/1/1103 3343/1/1103 3349/1/1103
f 3304/1/1103 3280/1/1103 3349/1/1103
f 3304/1/1103 3349/1/1103 3352/1/1103
f 3265/1/1103 3304/1/1103 3352/1/1103
f 3265/1/1103 3352/1/1103 2755/1/1103
f 3271/1/1103 3265/1/1103 2755/1/1103
f 3271/1/1942 2755/1/1942 2761/1/1942
f 3259/1/1942 3271/1/1942 2761/1/1942
f 3259/1/1944 2761/1/1944 2773/1/1944
f 3310/1/1103 3259/1/1103 2773/1/1103
f 3310/1/1948 2773/1/1948 2767/1/1948
f 3241/1/1942 3310/1/1942 2767/1/1942
f 3241/1/1942 2767/1/1942 2806/1/1942
f 3247/1/1944 3241/1/1944 2806/1/1944
f 2782/1/1103 2785/1/1103 2695/1/1103
f 3253/1/1103 3247/1/1103 2806/1/1103
f 2806/1/1103 2782/1/1103 2695/1/1103
f 2806/1/1103 2695/1/1103 2704/1/1103
f 3238/1/1103 3253/1/1103 2806/1/1103
f 3229/1/1103 3238/1/1103 2806/1/1103
f 2806/1/1103 2704/1/1103 2689/1/1103
f 2806/1/1103 2689/1/1103 2740/1/1103
f 3229/1/1103 2806/1/1103 2740/1/1103
f 3229/1/1103 2740/1/1103 2665/1/1103
f 3220/1/1942 3229/1/1942 2665/1/1942
f 3220/1/1103 2665/1/1103 2668/1/1103
f 3226/1/1103 3220/1/1103 2668/1/1103
f 3226/1/1103 2668/1/1103 2674/1/1103
f 3214/1/1103 3226/1/1103 2674/1/1103
f 3214/1/1103 2674/1/1103 2659/1/1103
f 3205/1/1103 3214/1/1103 2659/1/1103
f 3205/1/1103 2659/1/1103 2680/1/1103
f 3205/1/1103 2680/1/1103 2647/1/1103
f 3205/1/1103 2647/1/1103 2653/1/1103
f 3205/1/1103 2653/1/1103 2641/1/1103
f 3205/1/1103 2641/1/1103 2746/1/1103
f 3205/1/1103 2746/1/1103 2605/1/1103
f 3205/1/1103 2605/1/1103 2608/1/1103
f 3205/1/1103 2608/1/1103 2614/1/1103
f 3205/1/1942 2614/1/1942 2599/1/1942
f 3205/1/1944 2599/1/1944 2581/1/1944
f 2581/1/1103 2578/1/1103 2575/1/1103
f 2581/1/1103 2575/1/1103 2593/1/1103
f 3205/1/1103 2581/1/1103 2593/1/1103
f 3205/1/1103 2593/1/1103 2629/1/1103
f 3211/1/1103 3205/1/1103 2629/1/1103
f 3211/1/1103 2629/1/1103 2551/1/1103
f 3208/1/1103 3211/1/1103 2551/1/1103
f 3208/1/1103 2551/1/1103 2563/1/1103
f 3217/1/1103 3208/1/1103 2563/1/1103
f 3217/1/1103 2563/1/1103 2539/1/1103
f 3223/1/1103 3217/1/1103 2539/1/1103
f 3223/1/1103 2539/1/1103 2530/1/1103
f 3235/1/1944 3223/1/1944 2530/1/1944
f 3235/1/1103 2530/1/1103 2497/1/1103
f 3232/1/1103 3235/1/1103 2497/1/1103
f 3232/1/1103 2497/1/1103 2491/1/1103
f 3250/1/1103 3232/1/1103 2491/1/1103
f 3250/1/1103 2491/1/1103 2476/1/1103
f 3250/1/1103 2476/1/1103 2473/1/1103
f 2446/1/1103 2439/1/1103 2437/1/1103
f 3250/1/1103 2473/1/1103 2446/1/1103
f 3250/1/1103 2446/1/1103 2437/1/1103
f 3250/1/1103 2437/1/1103 2443/1/1103
f 3244/1/1103 3250/1/1103 2443/1/1103
f 3244/1/1103 2443/1/1103 2470/1/1103
f 3307/1/1103 3244/1/1103 2470/1/1103
f 3307/1/1103 2470/1/1103 2479/1/1103
f 3256/1/1103 3307/1/1103 2479/1/1103
f 3256/1/1103 2479/1/1103 2488/1/1103
f 3268/1/1103 3256/1/1103 2488/1/1103
f 3268/1/1103 2488/1/1103 2494/1/1103
f 3262/1/1103 3268/1/1103 2494/1/1103
f 3262/1/1103 2494/1/1103 2527/1/1103
f 3262/1/1103 2527/1/1103 2536/1/1103
f 3262/1/1103 2536/1/1103 2560/1/1103
f 3262/1/1103 2560/1/1103 2548/1/1103
f 3262/1/1103 2548/1/1103 2626/1/1103
f 3262/1/1103 2626/1/1103 2590/1/1103
f 3262/1/1103 2590/1/1103 2587/1/1103
f 3262/1/1103 2587/1/1103 2569/1/1103
f 3262/1/1103 2569/1/1103 2623/1/1103
f 3262/1/1103 2623/1/1103 2545/1/1103
f 3262/1/1103 2545/1/1103 2557/1/1103
f 3262/1/1103 2557/1/1103 2533/1/1103
f 3262/1/1103 2533/1/1103 2752/1/1103
f 3262/1/1103 2752/1/1103 2503/1/1103
f 3262/1/1103 2503/1/1103 2509/1/1103
f 3262/1/1103 2509/1/1103 2482/1/1103
f 3262/1/1103 2482/1/1103 2467/1/1103
f 3262/1/1103 2467/1/1103 2515/1/1103
f 3262/1/1103 2515/1/1103 2449/1/1103
f 2413/1/1103 2379/1/1103 158/1/1103
f 158/1/1103 161/1/1103 165/1/1103
f 165/1/1103 168/1/1103 170/1/1103
f 170/1/1103 172/1/1103 175/1/1103
f 175/1/1103 179/1/1103 182/1/1103
f 182/1/1103 4018/1/1103 4024/1/1103
f 182/1/1103 4024/1/1103 3988/1/1103
f 170/1/1103 175/1/1103 182/1/1103
f 158/1/1103 165/1/1103 170/1/1103
f 2407/1/1103 2413/1/1103 158/1/1103
f 2521/1/1103 2407/1/1103 158/1/1103
f 158/1/1103 170/1/1103 182/1/1103
f 182/1/1103 3988/1/1103 3997/1/1103
f 182/1/1103 3997/1/1103 4090/1/1103
f 2431/1/1103 2521/1/1103 158/1/1103
f 2455/1/1103 2431/1/1103 158/1/1103
f 182/1/1103 4090/1/1103 3958/1/1103
f 182/1/1103 3958/1/1103 3970/1/1103
f 2449/1/1103 2455/1/1103 158/1/1103
f 3262/1/1103 2449/1/1103 158/1/1103
f 182/1/1103 3970/1/1103 3940/1/1103
f 182/1/1103 3940/1/1103 3976/1/1103
f 3262/1/1103 158/1/1103 182/1/1103
f 3301/1/1103 3262/1/1103 182/1/1103
f 182/1/1103 3976/1/1103 3913/1/1103
f 182/1/1103 3913/1/1103 3919/1/1103
f 3277/1/1103 3301/1/1103 182/1/1103
f 3274/1/1103 3277/1/1103 182/1/1103
f 182/1/1103 3919/1/1103 3886/1/1103
f 182/1/1103 3886/1/1103 3895/1/1103
f 3295/1/1103 3274/1/1103 182/1/1103
f 3289/1/1103 3295/1/1103 182/1/1103
f 3421/1/1103 3289/1/1103 182/1/1103
f 3313/1/1103 3421/1/1103 182/1/1103
f 3325/1/1103 3313/1/1103 182/1/1103
f 3319/1/1103 3325/1/1103 182/1/1103
f 3355/1/1103 3319/1/1103 182/1/1103
f 3334/1/1103 3355/1/1103 182/1/1103
f 3331/1/1103 3334/1/1103 182/1/1103
f 3337/1/1103 3331/1/1103 182/1/1103
f 3358/1/1103 3337/1/1103 182/1/1103
f 3322/1/1103 3358/1/1103 182/1/1103
f 3328/1/1103 3322/1/1103 182/1/1103
f 3370/1/1103 3412/1/1103 3316/1/1103
f 3316/1/1103 3328/1/1103 182/1/1103
f 3406/1/1103 3370/1/1103 3316/1/1103
f 3385/1/1103 3406/1/1103 3316/1/1103
f 3799/1/1103 3781/1/1103 3787/1/1103
f 3799/1/1103 3787/1/1103 3802/1/1103
f 3865/1/1103 3799/1/1103 3802/1/1103
f 3865/1/1103 3802/1/1103 3766/1/1103
f 3820/1/1103 3865/1/1103 3766/1/1103
f 3820/1/1103 3766/1/1103 3769/1/1103
f 3850/1/1103 3820/1/1103 3769/1/1103
f 3850/1/1103 3769/1/1103 3775/1/1103
f 3844/1/1103 3850/1/1103 3775/1/1103
f 3844/1/1103 3775/1/1103 3760/1/1103
f 3862/1/1103 3844/1/1103 3760/1/1103
f 3862/1/1103 3760/1/1103 3877/1/1103
f 3895/1/1103 3862/1/1103 3877/1/1103
f 3895/1/1103 3877/1/1103 3736/1/1103
f 3382/1/1103 3385/1/1103 3316/1/1103
f 3400/1/1103 3382/1/1103 3316/1/1103
f 182/1/1103 3895/1/1103 3736/1/1103
f 182/1/1103 3736/1/1103 3742/1/1103
f 3394/1/1103 3400/1/1103 3316/1/1103
f 3649/1/1103 3394/1/1103 3316/1/1103
f 182/1/1103 3742/1/1103 3730/1/1103
f 182/1/1103 3730/1/1103 3748/1/1103
f 3424/1/1103 3649/1/1103 3316/1/1103
f 3436/1/1103 3424/1/1103 3316/1/1103
f 182/1/1103 3748/1/1103 3712/1/1103
f 182/1/1103 3712/1/1103 3715/1/1103
f 3430/1/1103 3436/1/1103 3316/1/1103
f 3466/1/1103 3430/1/1103 3316/1/1103
f 3316/1/1103 182/1/1103 3715/1/1103
f 3316/1/1103 3715/1/1103 3721/1/1103
f 3445/1/1103 3466/1/1103 3316/1/1103
f 3442/1/1103 3445/1/1103 3316/1/1103
f 3316/1/1103 3721/1/1103 3706/1/1103
f 3316/1/1103 3706/1/1103 3754/1/1103
f 3316/1/1103 3754/1/1103 3688/1/1103
f 3316/1/1103 3688/1/1103 3694/1/1103
f 3442/1/1103 3316/1/1103 3694/1/1103
f 3442/1/1103 3694/1/1103 3682/1/1103
f 3460/1/1103 3442/1/1103 3682/1/1103
f 3460/1/1103 3682/1/1103 3700/1/1103
f 3454/1/1103 3460/1/1103 3700/1/1103
f 3454/1/1103 3700/1/1103 3661/1/1103
f 3526/1/1103 3454/1/1103 3661/1/1103
f 3526/1/1103 3661/1/1103 3664/1/1103
f 3472/1/1103 3526/1/1103 3664/1/1103
f 3472/1/1103 3664/1/1103 3670/1/1103
f 3487/1/1103 3478/1/1103 3499/1/1103
f 3499/1/1103 3472/1/1103 3670/1/1103
f 3499/1/1103 3670/1/1103 3655/1/1103
f 3490/1/1103 3487/1/1103 3499/1/1103
f 3505/1/1103 3490/1/1103 3499/1/1103
f 3499/1/1103 3655/1/1103 3652/1/1103
f 3499/1/1103 3652/1/1103 3658/1/1103
f 3502/1/1103 3505/1/1103 3499/1/1103
f 3520/1/1103 3502/1/1103 3499/1/1103
f 3499/1/1103 3658/1/1103 3673/1/1103
f 3499/1/1103 3673/1/1103 3667/1/1103
f 3514/1/1103 3520/1/1103 3499/1/1103
f 3640/1/1103 3514/1/1103 3499/1/1103
f 3499/1/1103 3667/1/1103 3703/1/1103
f 3685/1/1103 3679/1/1103 3585/1/1103
f 3499/1/1103 3703/1/1103 3685/1/1103
f 3532/1/1103 3640/1/1103 3499/1/1103
f 3544/1/1103 3532/1/1103 3499/1/1103
f 3685/1/1103 3585/1/1103 3595/1/1103
f 3685/1/1103 3595/1/1103 3580/1/1103
f 3544/1/1103 3499/1/1103 3685/1/1103
f 3538/1/1944 3544/1/1944 3685/1/1944
f 3685/1/1103 3580/1/1103 3634/1/1103
f 3685/1/1103 3634/1/1103 3562/1/1103
f 3574/1/1103 3538/1/1103 3685/1/1103
f 3553/1/1103 3574/1/1103 3685/1/1103
f 3685/1/1103 3562/1/1103 3568/1/1103
f 3550/1/1103 3553/1/1103 3685/1/1103
f 2572/1/1103 2584/1/1103 2575/1/1103
f 2695/1/1944 2785/1/1944 2800/1/1944
f 2884/1/1103 2893/1/1103 2887/1/1103
f 3004/1/1103 3094/1/1103 3088/1/1103
f 3367/1/1103 3283/1/1103 3412/1/1103
f 3478/1/1103 3487/1/1103 3484/1/1103
f 3585/1/1942 3679/1/1942 3675/1/1942
f 3784/1/1103 3790/1/1103 3787/1/1103
f 4015/1/1103 4018/1/1103 182/1/1103
f 182/1/1103 185/1/1103 187/1/1103
f 187/1/1103 189/1/1103 190/1/1103
f 190/1/1942 98/1/1942 101/1/1942
f 101/1/1103 103/1/1103 105/1/1103
f 105/1/1103 107/1/1103 110/1/1103
f 110/1/1103 113/1/1103 117/1/1103
f 117/1/1103 4026/1/1103 4021/1/1103
f 117/1/1103 4021/1/1103 4084/1/1103
f 105/1/1103 110/1/1103 117/1/1103
f 190/1/1103 101/1/1103 105/1/1103
f 182/1/1103 187/1/1103 190/1/1103
f 4071/1/1103 4015/1/1103 182/1/1103
f 4033/1/1103 4071/1/1103 182/1/1103
f 182/1/1103 190/1/1103 105/1/1103
f 105/1/1103 117/1/1103 4084/1/1103
f 105/1/1103 4084/1/1103 4030/1/1103
f 4075/1/1103 4033/1/1103 182/1/1103
f 4057/1/1103 4075/1/1103 182/1/1103
f 105/1/1103 4030/1/1103 4042/1/1103
f 105/1/1103 4042/1/1103 4069/1/1103
f 4057/1/1103 182/1/1103 105/1/1103
f 4048/1/1103 4057/1/1103 105/1/1103
f 105/1/1103 4069/1/1103 4054/1/1103
f 105/1/1103 4054/1/1103 4045/1/1103
f 4060/1/1103 4048/1/1103 105/1/1103
f 4063/1/1944 4060/1/1944 105/1/1944
f 105/1/1103 4045/1/1103 4051/1/1103
f 105/1/1103 4051/1/1103 4066/1/1103
f 4036/1/1103 4063/1/1103 105/1/1103
f 4078/1/1103 4036/1/1103 105/1/1103
f 105/1/1103 4066/1/1103 4039/1/1103
f 105/1/1103 4039/1/1103 4081/1/1103
f 4009/1/1944 4078/1/1944 105/1/1944
f 4006/1/1942 4009/1/1942 105/1/1942
f 105/1/1944 4081/1/1944 4012/1/1944
f 105/1/1945 4012/1/1945 4003/1/1945
f 3991/1/1103 4006/1/1103 105/1/1103
f 3982/1/1944 3991/1/1944 105/1/1944
f 3982/1/1103 105/1/1103 4003/1/1103
f 3952/1/1103 3982/1/1103 4003/1/1103
f 3952/1/1103 4003/1/1103 3994/1/1103
f 3961/1/1103 3952/1/1103 3994/1/1103
f 3961/1/1103 3994/1/1103 3985/1/1103
f 3937/1/1103 3933/1/1103 3946/1/1103
f 3946/1/1103 3961/1/1103 3985/1/1103
f 3946/1/1103 3985/1/1103 3955/1/1103
f 3949/1/1103 3937/1/1103 3946/1/1103
f 3946/1/1103 3955/1/1103 3964/1/1103
